date, pm25, pm10, o3, no2, so2, co
01-04-2025,45,63,4,10,4,4
02-04-2025,60,53,4,9,4,4
03-04-2025,48,57,4,9,4,4
04-04-2025,43,58,4,10,4,4
05-04-2025,50,46,4,9,4,4
06-04-2025,37,65,4,9,4,4
07-04-2025,71,49,4,9,4,4
08-04-2025,43,52,4,9,4,4
09-04-2025,43,41,4,9,4,4
10-04-2025,27,37,4,9,4,4
11-04-2025,20,36,4,9,4,4
12-04-2025,22,39,4,9,4,4
13-04-2025,23,40,4,9,4,4
14-04-2025,19,49,4,9,4,4
15-04-2025,26,45,4,9,4,4
16-04-2025,296,36,4,9,4,4
17-04-2025,296,31,4,9,4,4
18-04-2025,296,34,4,9,4,4
19-04-2025,296,49,4,9,4,4
20-04-2025,296,52,4,9,4,4
21-04-2025,296,598,4,9,4,4
22-04-2025,296,598,4,9,4,4
23-04-2025,296,598,4,9,4,4
24-04-2025,296,598,4,9,4,4
25-04-2025,296,598,4,9,4,4
26-04-2025,296,598,4,9,4,4
27-04-2025,296, ,4,9,4,4
01-01-2025,122,89,4,8,4,4
02-01-2025,126,87,4,8,4,3
03-01-2025,114,83,4,8,4,4
04-01-2025,113,95,4,8,4,3
05-01-2025,134,79,4,8,4,3
06-01-2025,109,89,4,8,4,4
07-01-2025,129,90,4,8,4,4
08-01-2025,126,95,4,8,4,3
09-01-2025,120,112,4,8,4,4
10-01-2025,146,80, ,8, , 
11-01-2025,124,79,4,8,4,4
12-01-2025,124,88,4,9,4,4
13-01-2025,133,97,4,10,4,4
14-01-2025,145,84,4,9,4,4
15-01-2025,149,71,4,9,4,4
16-01-2025,135,93,4,9,4,4
17-01-2025,100,94,4,9,4,4
18-01-2025,87,79,4,9,4,4
19-01-2025,98,63,4,9,4,4
20-01-2025,92,84,4,9,4,4
21-01-2025,96,99,4,9,4,4
22-01-2025,103,58,4,8,4,4
23-01-2025,70,60,4,8,4,4
24-01-2025,78,68,4,9,4,4
25-01-2025,99,71,4,10,4,4
26-01-2025,110,58,4,9,4,4
27-01-2025,99,55,4,8,4,4
28-01-2025,77,48,4,8,4,3
29-01-2025,68,55,4,8,4,3
30-01-2025,85,38,4,7,4,3
31-01-2025,37,45,4,7,4,3
01-02-2025,52,90,4,8,4,4
02-02-2025,60,80,4,9,4,4
03-02-2025,60,120,4,8,4,4
04-02-2025,50,69,4,8,4,4
05-02-2025,54,63,4,9,4,4
06-02-2025,69,74,4,10,4,4
07-02-2025,91,81,4,10,4,5
08-02-2025,105,69,4,9,4,4
09-02-2025,83,63,4,9,4,4
10-02-2025,67,57,4,9,4,4
11-02-2025,67,218,4,8,4,4
12-02-2025,62,86,4,9,4,4
13-02-2025,78,70,4,10,4,4
14-02-2025,69,56,4,8,4,4
15-02-2025,57,61,4,9,4,4
16-02-2025,60,56,4,8,4,4
17-02-2025,50,61,4,8,4,4
18-02-2025,57,49,4,9,4,4
19-02-2025,59,53,4,9,4,4
20-02-2025,61,55,4,9,4,4
21-02-2025,54,51,4,9,4,4
22-02-2025,58,56,4,9,4,4
23-02-2025,65,49,4,9,4,4
24-02-2025,58,57,4,10,4,4
25-02-2025,67,63,4,10,4,5
26-02-2025,82,73,4,11,4,5
27-02-2025,83,78,4,9,4,4
28-02-2025,68,64,4,8,4,4
01-03-2025,47,64,4,8,4,4
02-03-2025,56,56,4,8,4,4
03-03-2025,59,46, ,8, , 
04-03-2025,61,46, ,8, , 
05-03-2025,56,42, ,8, , 
06-03-2025,52,48, ,10, , 
07-03-2025,66,44, ,8, , 
08-03-2025,56,49, ,8, , 
09-03-2025,43,87, ,9, , 
10-03-2025,64,97, ,11, , 
11-03-2025,72,91, ,10, , 
12-03-2025,71,82, ,9, , 
13-03-2025,63,66, ,8, , 
14-03-2025,56,53,4,8,4,4
15-03-2025,34,61, ,8, , 
16-03-2025,39,67, ,8, , 
17-03-2025,46,59,4,7,4,3
18-03-2025,30,396,4,8,4,3
19-03-2025,41, ,5,8,4,4
20-03-2025,42, ,5,7,4,3
21-03-2025,32,123,4,9,4,4
22-03-2025,41,71,4,9,4,4
23-03-2025,47,62,4,9,4,4
24-03-2025,56,57,4,9,4,4
25-03-2025,57,43,4,9,4,4
26-03-2025,39,35,5,8,4,4
27-03-2025,22,49,4,9,4,4
28-03-2025,34,61,4,10,4,4
29-03-2025,52,65,4,9,4,4
30-03-2025,47,65,4,9,4,4
31-03-2025,45,55,4,9,4,4
01-10-2024,65,74,4,13,8,6
02-10-2024,87,51,4,12,8,6
03-10-2024,53,36,4,12,8,5
04-10-2024,31,33,4,12,8,5
05-10-2024,27,52,4,12,8,6
06-10-2024,55,57,4,14,8,6
07-10-2024,88,60,4,13,8,6
08-10-2024,97,47,4,13,8,6
09-10-2024,77,37,4,13,8,6
10-10-2024,65,29,4,13,8,6
11-10-2024,51,40,4,14,8,6
12-10-2024,51,38,4,14,8,6
13-10-2024,51,32,4,12,8,5
14-10-2024,51,38,4,6,8,3
15-10-2024,51,49,4,7,8,3
16-10-2024,64,72,4,7,7,3
17-10-2024,73,54,4,6,4,3
18-10-2024,56,29,4,6,4,3
19-10-2024,15,36,4,6,4,3
20-10-2024,33,32,4,6,4,3
21-10-2024,35,83,4,7,4,3
22-10-2024,76,44,4,7,4,3
23-10-2024,65,75,4,7,4,3
24-10-2024,102,67,4,7,4,3
25-10-2024,106,96,4,8,4,3
26-10-2024,115,75,4,8,4,4
27-10-2024,125,90,4,8,4,3
28-10-2024,115,88,4,7,4,3
29-10-2024,99,122,4,7,4,3
30-10-2024,188,207,4,8,4,3
31-10-2024,171,83,4,7,4,3
01-11-2024,108,86,4,7,4,3
02-11-2024,113,77,4,7,4,3
03-11-2024,98,101,4,8,4,3
04-11-2024,115,98,4,8,4,3
05-11-2024,107,109,4,8,4,3
06-11-2024,111,88,4,8,4,3
07-11-2024,102,75,4,8,4,3
08-11-2024,101,90,4,8,4,3
09-11-2024,103,78,4,8,4,3
10-11-2024,117,84,4,8,4,3
11-11-2024,134,80,4,8,4,3
12-11-2024,127,73,4,7,4,3
13-11-2024,119,79,4,8,4,3
14-11-2024,122,87,4,8,4,3
15-11-2024,115,101,4,8,4,3
16-11-2024,135,107,4,8,4,3
17-11-2024,134,93,4,8,4,3
18-11-2024,119,99,4,8,4,3
19-11-2024,115,96,4,8,4,3
20-11-2024,122,101,4,8,4,4
21-11-2024,132,140,4,8,4,4
22-11-2024,152,101,4,9,4,4
23-11-2024,148,111,4,9,4,4
24-11-2024,155,96,4,9,4,4
25-11-2024,143,75,4,8,4,3
26-11-2024,127,69,4,8,4,3
27-11-2024,113,74,4,8,4,3
28-11-2024,135,74,4,8,4,4
29-11-2024,110,84,4,8,4,4
30-11-2024,120,98,4,9,4,4
01-12-2024,145,106,4,10,4,4
02-12-2024,153,80,4,8,4,4
03-12-2024,127,79,4,8,4,4
04-12-2024,123,89,4,8,4,4
05-12-2024,137,96,4,9,4,4
06-12-2024,144,76,4,8,4,3
07-12-2024,106,71,4,7,4,3
08-12-2024,90,73,4,7,4,3
09-12-2024,91,79,4,7,4,3
10-12-2024,94,93,4,8,4,4
11-12-2024,119,90,4,8,4,4
12-12-2024,123,78,4,8,4,3
13-12-2024,105,83,4,8,4,3
14-12-2024,108,84,4,8,4,4
15-12-2024,112,85,4,8,4,4
16-12-2024,117,103,4,9,4,4
17-12-2024,131,112,4,9,4,4
18-12-2024,146,116,4,9,4,4
19-12-2024,149,108,4,8,4,4
20-12-2024,144,128,4,8,4,4
21-12-2024,158,101,4,8,4,3
22-12-2024,129,89,4,8,4,3
23-12-2024,128,95,4,8,4,4
24-12-2024,144,93,4,8,4,4
25-12-2024,151,82,4,8,4,4
26-12-2024,148,69,4,9,4,4
27-12-2024,143,78,4,8,4,4
28-12-2024,163,74,4,9,4,4
29-12-2024,160, , , , , 
01-07-2024,51,73,4,6,3,2
02-07-2024,57,69,4,6,3,2
03-07-2024,54,58,4,6,3,2
04-07-2024,43,56,4,6,3,2
05-07-2024,33,70,4,6,3,2
06-07-2024,507,123,4,6,3,2
08-07-2024,77,21,4,8,4,2
09-07-2024,24, , , , , 
11-07-2024,21,25,4,7,4,2
12-07-2024,28,194,4,7,4,2
13-07-2024,132, ,4,7,4,2
15-07-2024,6,45,4,7,4,2
16-07-2024,34, , , , , 
19-07-2024,22,19,4,7,4,2
20-07-2024,21,14,4,7,4,2
21-07-2024,17,23,4,7,4,2
22-07-2024,26,13,4,7,4,2
23-07-2024,15,29,4,7,4,2
24-07-2024,33,17,4,7,4,2
25-07-2024,20,27,4,7,4,2
26-07-2024,30,25,4,7,4,2
27-07-2024,27,42,4,7,4,2
28-07-2024,45,26,4,7,4,2
29-07-2024,29,44,4,7,4,2
30-07-2024,46,23,4,7,4,2
31-07-2024,25,16,4,7,4,2
01-08-2024,19,11,4,7,4,2
02-08-2024,13,11,4,7,4,2
03-08-2024,13,11,4,7,4,2
04-08-2024,12,10,4,11,4,2
05-08-2024,12,10,4,16,4,2
06-08-2024,11,9,4,17,4,2
07-08-2024,11,11,4,16,4,2
08-08-2024,13,9,4,17,4,2
09-08-2024,10,21,4,13,3,1
10-08-2024,23,79,4,9,2,1
11-08-2024,57,42,4,9,2,1
12-08-2024,47,43,4,8,2,1
13-08-2024,48,44,4,9,2,1
14-08-2024,49,47,4,9,2,1
15-08-2024,52,42,4,9,3,1
16-08-2024,47,52,4,8,3,1
17-08-2024,58,57,4,8,3,1
18-08-2024,74,48,4,9,3,1
19-08-2024,65,64,4,9,3,1
20-08-2024,67,47,4,9,3,1
21-08-2024,73,34,4,8,3,1
22-08-2024,60,24,4,9,2,1
23-08-2024,41,20,4,8,3,1
24-08-2024,45,31,4,9,3,1
25-08-2024,58,34,4,9,2,1
26-08-2024,59,33,4,9,2,1
27-08-2024,59,37,4,9,2,1
28-08-2024,62,42,4,9,2,1
29-08-2024,67,36,4,9,2,1
30-08-2024,61,28,4,9,2,1
31-08-2024,54,782,4,8,2,1
01-09-2024,349,84,4,8,2,1
02-09-2024,81,46,4,9,2,1
03-09-2024,69,45,4,9,2,1
04-09-2024,69,45,4,9,2,1
05-09-2024,69,42,4,9,2,1
06-09-2024,66,26,4,9,2,1
07-09-2024,52,24,4,9,2,1
08-09-2024,51,15,4,9,2,1
09-09-2024,40,13,4,9,3,1
10-09-2024,37,18,4,9,2,1
11-09-2024,43,28,4,9,2,1
12-09-2024,55,40,4,9,2,1
13-09-2024,64,28,4,9,2,1
14-09-2024,55,29,4,9,2,1
15-09-2024,55,47,4,9,3,1
16-09-2024,74,45,4,9,3,1
17-09-2024,68,38,4,9,3,1
18-09-2024,63,42,4,9,3,1
19-09-2024,66, , , , , 
26-09-2024,50,27,4,11,8,5
27-09-2024,15,28,4,11,8,5
28-09-2024,15,33,4,11,8,5
29-09-2024,14,46,4,12,8,5
30-09-2024,33,58,4,12,8,6
01-04-2024,96, , , , , 
03-04-2024,105,32,4,7,4,2
04-04-2024,63,77, , , , 
05-04-2024,117, , , , , 
07-04-2024,90,50,4,6,4,2
08-04-2024,86,71,4,7,4,2
09-04-2024,104,64,4,6,4,2
10-04-2024,88,59,4,7,4,2
11-04-2024,89, , , , , 
13-04-2024,71,54,4,7,4,2
14-04-2024,80,72,4,7,4,2
15-04-2024,112,80,4,8,4,2
16-04-2024,125,125,4,8,6,2
17-04-2024,824,62,4,9,5,2
18-04-2024,109,61,4,7,4,2
19-04-2024,84,87,4,7,4,2
20-04-2024,68,48,4,7,4,2
21-04-2024,56,50,4,7,4,2
22-04-2024,61,61,4,7,4,2
23-04-2024,68,67,4,7,4,2
24-04-2024,67,72,4,7,4,2
25-04-2024,64, , , , , 
27-04-2024,85,93,4,7,4,2
28-04-2024,106,84,4,7,4,2
29-04-2024,91,83,4,7,4,2
30-04-2024,92,69,4,7,4,2
01-05-2024,65,71,4,7,4,2
02-05-2024,72,125,4,7,4,2
03-05-2024,133,56,4,7,4,2
04-05-2024,75,50,4,7,4,2
05-05-2024,71,47,4,6,3,2
06-05-2024,61,54,4,6,4,2
07-05-2024,64,46,4,6,4,2
08-05-2024,59,45,4,6,3,2
09-05-2024,61,43,4,6,4,2
10-05-2024,64,49,4,6,4,2
11-05-2024,59, , , , , 
13-05-2024,55,52,4,8,4,2
14-05-2024,114,39,4,9,5,3
15-05-2024,85,32,4,7,4,2
16-05-2024,93,47,4,8,4,2
17-05-2024,81,52,4,7,4,2
18-05-2024,74,58,4,7,4,2
19-05-2024,72,47,4,7,4,2
20-05-2024,56,51,4,7,4,2
21-05-2024,60,46,4,7,4,2
22-05-2024,63,46,4,7,4,2
23-05-2024,68,34,4,7,4,2
24-05-2024,69,34,4,7,4,2
25-05-2024,67,42,4,7,4,2
26-05-2024,71,56,4,7,4,2
27-05-2024,67,53,4,7,4,2
28-05-2024,63,73,4,6,4,2
29-05-2024,88,69,4,6,3,2
30-05-2024,106,67,4,6,3,2
31-05-2024,102,50,4,7,4,2
01-06-2024,63, , , , , 
02-06-2024,85,64,4,6,4,2
03-06-2024,84,68,4,7,4,2
04-06-2024,85,53,4,7,4,2
05-06-2024,72,53,4,7,4,2
06-06-2024,82,57,4,7,4,2
07-06-2024,78,50,4,7,4,2
08-06-2024,70,29,4,7,4,2
09-06-2024,313,42,4,7,4,2
10-06-2024,824,55,4,7,4,2
15-06-2024,165, , , , , 
17-06-2024,66,53,4,8,4,2
18-06-2024,81,45,4,6,4,2
19-06-2024,63,62,4,6,4,2
20-06-2024,63,76,4,6,4,2
21-06-2024,67,71,4,6,4,2
22-06-2024,78,53,4,6,4,2
23-06-2024,64,41,4,6,4,2
24-06-2024,51,24,4,7,4,2
25-06-2024,40,27,4,7,4,2
26-06-2024,30,25,4,6,3,2
27-06-2024,29,49,4,6,3,2
28-06-2024,48,60,4,6,3,2
29-06-2024,57,59,4,6,3,2
30-06-2024,58,54,4,6,3,2
01-01-2024,154,74,3,8,4,2
02-01-2024,153,76,4,9,3,2
03-01-2024,147,81,4,10,6,2
04-01-2024,162,74,3,9,6,2
05-01-2024,159,69,4,8,7,2
06-01-2024,150,73,4,8,7,2
07-01-2024,151,66,4,7,7,2
08-01-2024,122,79,4,8,7,2
09-01-2024,133,49,4,6,7,1
10-01-2024,79,75,4,7,7,2
11-01-2024,141,71,4,7,7,2
12-01-2024,132,71,4,8,7,2
13-01-2024,140, , , , , 
15-01-2024,49,68,6,6,2,1
16-01-2024,84,50,5,6,2,1
17-01-2024,101,48,5,6,3,1
18-01-2024,202,201,4,8,2,2
20-01-2024,133,75,5,7,2,2
21-01-2024,108,67,5,8,2,2
22-01-2024,110,60,5,6,2,1
23-01-2024,87,61,5,6,2,2
24-01-2024,86,63,5,7,2,2
25-01-2024,90,72,5,9,2,2
26-01-2024,120,78,4,10,2,3
27-01-2024,130,73,5,9,2,2
28-01-2024,114,65,5,8,2,2
29-01-2024,113,65,4,8,2,2
30-01-2024,108,57,4,6,2,2
31-01-2024,102,53,4,6,2,1
01-02-2024,93,45,4,6,2,2
02-02-2024,72,59,4,8,2,2
03-02-2024,90,76,4,9,3,2
04-02-2024,132,66,4,8,5,2
05-02-2024,119,70,4,7,4,2
06-02-2024,113,70,4,6,4,2
07-02-2024,105,68,4,7,5,2
08-02-2024,92,67,4,7,3,2
09-02-2024,107,84,5,7,3,2
10-02-2024,98,67,4,7,3,2
11-02-2024,93,75,4,8,3,2
12-02-2024,114,73,4,9,4,2
13-02-2024,109,75,3,7,4,2
14-02-2024,104,86,4,8,4,2
15-02-2024,130,103,4,10,5,2
16-02-2024,154,116,4,11,5,3
17-02-2024,154,59,4,7,7,2
18-02-2024,94,61,4,7,6,2
19-02-2024,90,43,4,5,5,1
20-02-2024,38,29,4,5,5,1
21-02-2024,25,50,4,5,5,1
22-02-2024,45,62,4,6,4,1
23-02-2024,50,67,4,7,4,2
24-02-2024,61,70,4,7,2,2
25-02-2024,77,95,4,10,3,3
26-02-2024,116,75,4,9, ,3
27-02-2024,124,62,3,7, ,2
28-02-2024,108,76,3,10, ,3
29-02-2024,134,64,4,8, ,2
01-03-2024,111,34,4,6, ,2
02-03-2024,56,26,4,5, ,1
03-03-2024,29,28,4,6, ,1
04-03-2024,33,52,4,7, ,2
05-03-2024,80,48,3,7, ,2
06-03-2024,70,52,3,7, ,2
07-03-2024,80,54,4,7, ,2
08-03-2024,71,57,3,8, ,2
09-03-2024,85,40,3,7, ,2
10-03-2024,61,42,4,8, ,2
11-03-2024,72,49,3,7, ,2
12-03-2024,78,227,3,7, ,2
13-03-2024,61,683,4,6, ,2
14-03-2024,44, , , , , 
16-03-2024,63,62, ,6, , 
17-03-2024,67,52,3,7, ,2
18-03-2024,66,50,3,7, ,2
19-03-2024,77,50,3,8, ,2
20-03-2024,82,59,4,9,5,2
21-03-2024,91,95,4,8, ,2
22-03-2024,109,43,4,8, ,2
23-03-2024,76,46,4,6, ,2
24-03-2024,55,39,4,7, ,2
25-03-2024,59,42,4,7, ,2
26-03-2024,58,35,5,6,4,2
27-03-2024,52,31,4,7,4,2
28-03-2024,74,38,4,7,4,2
29-03-2024,90,60,4,7,4,2
30-03-2024,88,53,4,6,4,2
31-03-2024,72,68,4,6,3,2
04-10-2023,79,70,4, ,6,3
05-10-2023,96,69,4, ,3,3
06-10-2023,100,60,4, ,3,3
07-10-2023,99,67,4, ,3,3
08-10-2023,104,65,4, ,3,3
09-10-2023,138,74,4, ,4,4
10-10-2023,89,53,4, ,4,4
11-10-2023,70,45,4, ,4,3
12-10-2023,103,53,4, ,4,5
13-10-2023,142,70,4, ,4,5
14-10-2023,169,96,4, ,4,6
15-10-2023,162,87,4, ,5,5
16-10-2023,173,89,4, ,5,6
17-10-2023,166,91,4, ,5,6
18-10-2023,164,89,4, ,5,5
19-10-2023,157,72,8,4,6,5
20-10-2023,166,105,4,4,8,6
21-10-2023,171,96,4, ,12,7
22-10-2023,178,108,4, ,13,7
23-10-2023,176,103,4, ,9,11
24-10-2023,175,120,4, ,4,19
25-10-2023,164,103,4, ,3,25
26-10-2023,155,83,4, ,3,26
27-10-2023,153,63,4, ,4,27
28-10-2023,159,112,4, ,4,27
29-10-2023,160,110,4, ,4,28
30-10-2023,159,96,4, ,4,27
31-10-2023,171,118,4, ,4,29
01-11-2023,172,112,4, ,4,28
02-11-2023,173,113,4, ,3,35
03-11-2023,172,110,4, ,4,30
04-11-2023,170,109,4, ,4,7
05-11-2023,174,109,4, ,5,8
06-11-2023,157,102,4, ,5,8
07-11-2023,89,118,4, ,5,8
08-11-2023,52,84,4, ,6,7
09-11-2023,56,80,4, ,6,6
10-11-2023,39,55,4, ,6,5
11-11-2023,51,63,4, ,6,7
19-11-2023,120,70,5,27,7,8
20-11-2023,92,58,7,26,6,8
22-11-2023,108,66,3,20,5,6
23-11-2023,122,72,4,24,5,7
24-11-2023,151,96,4,33,6,10
25-11-2023,83,44,4,26,7,8
26-11-2023,25,18,4,15,6,5
27-11-2023,22,23,4,4,7,1
28-11-2023,53,44,4,5,7,1
29-11-2023,77,58,4,5,7,1
30-11-2023,88,64,4,6,7,1
01-12-2023,127,86,4,7,7,2
02-12-2023,120,78,4,7,8,2
03-12-2023,131,88,4,9,8,2
04-12-2023,131,86,4,8,9,2
05-12-2023,132,78,4,6,9,2
07-12-2023,101,66,4,5,5,1
08-12-2023,107,67,4,5,5,1
09-12-2023,110,74,4,6,5,1
10-12-2023,111,71,4,6,5,1
11-12-2023,121,79,4,7,5,2
12-12-2023,108,73,4,6,5,2
14-12-2023,100,64,3,5,3,1
15-12-2023,125,81,4,7,2,2
16-12-2023,118,74,4,7, ,1
17-12-2023,132,75,4,6,1,1
18-12-2023,140,75,4,5, ,1
19-12-2023,129,75,5,6,1,1
20-12-2023,109,71,5,5, ,1
21-12-2023,126,73,6,6,1,2
22-12-2023,158,98,5,11,1,3
23-12-2023,152,85,6,9,2,2
24-12-2023,149,82,4,8,3,2
25-12-2023,152,82,4,9,2,2
26-12-2023,159,88,4,10,2,2
27-12-2023,161,89,4,10,3,3
28-12-2023,166,99,4,10,4,2
29-12-2023,173,107,4,11,5,3
30-12-2023,165,103,4,11,3,3
31-12-2023,143,78,3,8,4,2
01-07-2023,48,35,4,16, ,2
02-07-2023,41,31,4,14, ,2
03-07-2023,37,29,4,18, ,2
04-07-2023,43,31,4,43,10,2
05-07-2023,48,28,4,20,21,2
06-07-2023,42,31,4,23,4,2
07-07-2023,44,52,4,30, ,2
08-07-2023,64,51,4,32, ,2
09-07-2023,57,50,4,34, ,2
10-07-2023,54,46,4,38, ,2
11-07-2023,54,43,4,39,4,2
12-07-2023,45,34,4,39,1,3
13-07-2023,44,26,4,37,10,2
14-07-2023,42,42,4,32,14,2
15-07-2023,50,35,4,33,17,2
16-07-2023,43,24,4,40,18,2
17-07-2023,33,37,4,43,19,2
18-07-2023,38,44,4,42,21,2
19-07-2023,51,48,4,44, ,2
20-07-2023,57,33,4,48,1,2
21-07-2023,49,47,4,51,15,2
22-07-2023,49,23,4, ,7,3
23-07-2023,28,40,4, , ,2
24-07-2023,43,41,4, , ,3
25-07-2023,45,27,4, , ,2
26-07-2023,35,32,4,22,13,2
27-07-2023,43,35,4, ,13,3
28-07-2023,44,44,4, ,13,2
29-07-2023,45,42,4, ,13,2
30-07-2023,45,44,4, ,10,2
31-07-2023,49,37,4, ,10,2
01-08-2023,41,48,4, ,10,2
02-08-2023,47,47,4, ,10,2
03-08-2023,54,42,4, ,10,3
04-08-2023,53,49,4, ,11,3
05-08-2023,50,50,4, ,10,3
12-08-2023,32,43,4, ,13,4
13-08-2023,35,44,4, ,13,4
14-08-2023,56,40,4, ,13,4
15-08-2023,40,35,4, ,13,3
16-08-2023,38,23,4, ,13,3
17-08-2023,34,16,4, ,13,3
18-08-2023,28,16,4, ,13,3
19-08-2023,42,16,4, ,13,3
20-08-2023,41,16,4, ,13,4
21-08-2023,44,16,4, ,13,4
22-08-2023,36,16,4, ,13,3
23-08-2023,31,16,4, ,13,3
24-08-2023,26,16,4, ,13,3
25-08-2023,29,16,4, ,13,3
26-08-2023,20,16,4, ,13,3
27-08-2023,23,16, , , , 
28-08-2023,31,16,4, ,13,3
29-08-2023,43,16,4, ,13,4
30-08-2023,57,37,4, ,13,3
31-08-2023,52,59,4,1,13,3
01-09-2023,31, ,4, ,13,4
02-09-2023,16, ,4, ,13,4
03-09-2023,30, ,4, ,13,3
04-09-2023,15, ,4, ,13,3
05-09-2023,22, ,4, ,13,3
08-09-2023,35,36,4, ,6,3
09-09-2023,53,26,4, ,6,3
10-09-2023,36,28,4, ,6,3
11-09-2023,41,29,4, ,6,2
12-09-2023,54,27,4, ,5,3
13-09-2023,51,27,4,1,5,3
14-09-2023,50,27,4,2,7,3
15-09-2023,49,26,4, ,7,3
16-09-2023,36,34,4, ,8,3
17-09-2023,45,28,4, ,7,3
18-09-2023,34,28,4, ,6,3
19-09-2023,32,17,4, ,6,3
20-09-2023,19,16,4, ,6,3
21-09-2023,20,17,4, ,5,5
22-09-2023,27,24,4, ,6,5
23-09-2023,41,18,4, ,5,4
24-09-2023,41,23,4, ,6,4
25-09-2023,44,20,4, ,7,3
26-09-2023,47,39,4, ,8,4
27-09-2023,85,53,4, ,8,5
28-09-2023,118,55,4, ,9,5
29-09-2023,116,50,4, ,9,4
30-09-2023,106,53,4, ,9,5
03-04-2023,54,46,4,1,6, 
04-04-2023,55,54,4,1,7, 
05-04-2023,74,74,4,1,6, 
06-04-2023,108,92,5,1,6, 
07-04-2023,121,88,4,1,6, 
08-04-2023,145,102,4,1,7,1
09-04-2023,176,87,4,1,7,3
10-04-2023,136,76,4,1,6,4
11-04-2023,102,68,4,1,6,5
12-04-2023,100,81,4,1,6,5
13-04-2023,149,72,4,1,6,5
14-04-2023,100,63,4,1,9,4
15-04-2023,93,60,4,1,7,6
16-04-2023,67,60,4,1,7,3
17-04-2023,73,70,4,1,7, 
18-04-2023,103,89,4,1,7, 
19-04-2023,118,57,5,2,7, 
20-04-2023,55,52,4, ,6, 
21-04-2023,59,46,4, ,6, 
22-04-2023,63,53,4,1,6, 
23-04-2023,67,54,4,1,6, 
24-04-2023,106,65,4,2,6, 
25-04-2023,103,60,4,2,5, 
26-04-2023,83,60,4,1,5,1
27-04-2023,84,42,4,1,5,7
28-04-2023,60,43,4,1,6,13
29-04-2023,61,39,5,1,5,15
30-04-2023,52,38,5,1,5,26
01-05-2023,49,33,6,1,5,51
02-05-2023,46,46,5,1,5,31
03-05-2023,62,50,4,1,5, 
04-05-2023,77,52,4,1,5, 
05-05-2023,69,48,4,1,4, 
06-05-2023,71,48,4,1, , 
07-05-2023,74,49,4,1,3, 
08-05-2023,67,58,4,1,2,3
09-05-2023,70,72,4,1,2,4
10-05-2023,83,74,4,1,1,5
11-05-2023,109,121,12,4,5,2
12-05-2023,136,128,5,1,1,4
13-05-2023,122,37,4, , ,2
14-05-2023,52,58,4,1,1,4
15-05-2023,88,90,19,19,4,4
16-05-2023,128,53,4, ,1,3
17-05-2023,76,39,4, ,3,2
18-05-2023,61,46,4, ,4,13
19-05-2023,54, , , , , 
22-05-2023,59,60,4, ,1, 
23-05-2023,81,50,4,1,1, 
24-05-2023,85, ,4,1,1,12
25-05-2023,64,78,4,2, ,25
26-05-2023,89,51,4, , ,27
27-05-2023,62,53,4, ,2,31
28-05-2023,70,78,4, ,1,33
29-05-2023,110,64,8,1,1,34
30-05-2023,107,53,4,3,5,35
31-05-2023,60,54,4,3,23,37
01-06-2023,54,48,4,2, ,38
02-06-2023,54,34,4,2, ,39
03-06-2023,44,41,4,2, ,40
04-06-2023,47,40,4,2, ,40
05-06-2023,57,46,4, , ,41
06-06-2023,69,48,4, , ,43
07-06-2023,132, ,4,1, ,46
08-06-2023,189,43,4, ,39,29
09-06-2023,140,38,4,2,23,1
10-06-2023,27,56,4,1,52,1
11-06-2023,44,69,4,1,62,1
12-06-2023,61,56,4, ,63,1
13-06-2023,54,45,4,2,63,1
14-06-2023,50,42,4, ,63,1
15-06-2023,47,42,4, ,63,1
16-06-2023,44,45,4, ,62,1
17-06-2023,53,47,4, ,59,1
18-06-2023,50,50,4, ,62,1
19-06-2023,56,54,4, ,62,1
20-06-2023,58,53,4, ,59,1
21-06-2023,58,53,4,15,39,1
22-06-2023,58,47,4,22,15,1
23-06-2023,57,32,4,23,12,1
24-06-2023,47, ,4,16,16,2
25-06-2023,45, ,4,17, ,2
26-06-2023,53,31,4,17, ,2
27-06-2023,43,28,4,15, ,2
28-06-2023,39,32,4,17, ,2
29-06-2023,44,34,4,14, ,2
30-06-2023,45,38,4,12, ,2
19-01-2023,176,127,4,9,9,14
20-01-2023,156,104,4, ,8,11
21-01-2023,157,96,4, ,9,11
22-01-2023,139,82,4,1,9,8
23-01-2023,149,93,4,1,8,9
24-01-2023,150,89,4,1,8,9
25-01-2023,160,101,4,1,8,9
26-01-2023,169,112,4,1,8,11
27-01-2023,172,115,4, ,9,13
28-01-2023,156,102,4, ,11,13
29-01-2023,149,88,4,1,10,11
30-01-2023,150,85,4,1,9,10
31-01-2023,168,104,4,1,9,11
01-02-2023,162,96,4,1,9,10
02-02-2023,154,89,4,1,9,10
03-02-2023,156,99,4,1,9,11
04-02-2023,161,106,4,1,10,13
05-02-2023,169,113,4,1,10,14
06-02-2023,157,90,4,1,9,11
07-02-2023,140,84,4,2,9,8
08-02-2023,170,115,4, ,8,12
09-02-2023,177,124,4, ,10,14
10-02-2023,163,98,4, ,9,10
11-02-2023,139,82,4, ,11,9
12-02-2023,155,94,4, ,11,13
13-02-2023,138,84,4, ,10,8
14-02-2023,162,111,4,1,10,13
15-02-2023,172,128,4,1,11,15
16-02-2023,161,124,4, ,11,12
17-02-2023,171,133,4, ,11,13
18-02-2023,165,115,4, ,15,12
19-02-2023,166,123,4, ,14,13
20-02-2023,155,85,4, ,12,11
21-02-2023,152,108,4, ,12,12
22-02-2023,117,74,4, ,12,9
23-02-2023,160,94,4,2,13,12
24-02-2023,158,96,4, ,12,13
25-02-2023,157,97,4, ,13,12
26-02-2023,164,107,4, ,14,13
27-02-2023,159,100,4, ,13,13
28-02-2023,144,93,4, ,11,11
01-03-2023,153,101,4, ,12,14
02-03-2023,172,116,4, ,12,15
03-03-2023,172,105,4, ,12,16
04-03-2023,191,130,4,2,13,20
05-03-2023,194,140,4,7,13,20
06-03-2023,177,123,4,4,11,21
07-03-2023,123,79,4,2,9,11
11-03-2023,151,88,4, ,8,13
12-03-2023,170,117,4, ,8,18
13-03-2023,178,106,4, ,8,21
14-03-2023,167,103,4, ,8,15
15-03-2023,145,77,4,1,8,12
16-03-2023,146,66,4,2,8,12
17-03-2023,141,68,4,2,8,21
18-03-2023,118,70,4,2,8,29
20-03-2023,76,49,5,2,7,9
21-03-2023,64,42,4,2,7,15
22-03-2023,68,41,4,2,7,22
23-03-2023,78,42,4,2,7,21
29-03-2023,80,72,4, ,6,37
31-03-2023,81,56,28,7,7, 
01-10-2022,72,22,1,4, ,3
02-10-2022,31,34,1,5, ,3
03-10-2022,48,48,1,6, ,4
04-10-2022,67,48,1,5, ,4
05-10-2022,64,33,1,5, ,4
06-10-2022,43,30,1,5, ,4
07-10-2022,52,21,1,4, ,3
08-10-2022,35,22,1,4, ,3
09-10-2022,31,40,1,7, ,4
10-10-2022,64,40,1,7, ,5
11-10-2022,62,45,1,12, ,6
12-10-2022,87,62,1,15,1,9
13-10-2022,116,55, ,15,4,8
14-10-2022,105,58, ,17,3,9
15-10-2022,109,68, ,16,2,7
16-10-2022,107, , , , , 
24-10-2022,153,97,1,13,2,9
25-10-2022,155,96,1,18,2,10
26-10-2022,153,98,1,21,2,9
27-10-2022,150,95,1,19,2,10
28-10-2022,143,95, ,24,2,10
29-10-2022,137,78, ,23,2,8
30-10-2022,127,83, ,18,2,9
31-10-2022,142,100, ,25,2,10
01-11-2022,152,94, ,21,3,10
02-11-2022,152,96, ,24,3,10
03-11-2022,147,100,1,29,4,11
04-11-2022,149,91, ,36,5,10
05-11-2022,149,94,1,51,6,10
06-11-2022,151,99,1,71,7,11
07-11-2022,161,113,1,73,9,12
08-11-2022,176,112,1,62,10,12
01-07-2022,48,62,1,3,16, 
02-07-2022,88,55,1,3,13, 
03-07-2022,74,39,1,3,12, 
04-07-2022,50,39,1,3,13, 
05-07-2022,53,37,1,3,11, 
06-07-2022,49,47,1,3,10, 
07-07-2022,72,55,1,3,10, 
08-07-2022,80,51,1,3,19, 
09-07-2022,84,52, ,2,22, 
10-07-2022,71,50,1,3,15, 
11-07-2022,67,46,4,3,17, 
12-07-2022,59,47,1,2,19, 
13-07-2022,62, , , , , 
15-07-2022,112,42,1,3,27, 
16-07-2022,68,38,1,2,27, 
17-07-2022,51,45,1,2,37, 
18-07-2022,55,46,1,2,36, 
19-07-2022,78,35, ,3,47, 
20-07-2022,52,32,1,3,43, 
21-07-2022,49,42,1,2,1, 
22-07-2022,63,40,1,2, , 
23-07-2022,57,34,1,2, , 
24-07-2022,51,35,1,3, , 
25-07-2022,50,30, ,3,18, 
26-07-2022,45,27,1,3,37, 
27-07-2022,38,33,1,4,39, 
28-07-2022,44,40,1,4,19, 
29-07-2022,49,36,1,3,11, 
30-07-2022,39,41,1,3,10, 
31-07-2022,44,39,1,3,8, 
01-08-2022,46,45,1,3,10, 
02-08-2022,53,32,1,4,11, 
03-08-2022,50,27,1,4,6, 
04-08-2022,37,23,1,3,7, 
05-08-2022,29,18,1,3,7, 
06-08-2022,21,16,1,3,4, 
07-08-2022,16,18, ,4,3, 
08-08-2022,16,37, ,3,4, 
09-08-2022,23,40,1,3,1, 
12-08-2022,47,40,1,3,14, 
13-08-2022,47,35,1,2,5, 
14-08-2022,48,34, ,2,1, 
15-08-2022,48,30, ,3, , 
16-08-2022,48,31,1,3,28, 
17-08-2022,56,33,1,3,39, 
18-08-2022,54,31,1,3,13, 
19-08-2022,54,30, ,3,11, 
20-08-2022,51,32,1,2,2, 
21-08-2022,45,32,1,2, , 
22-08-2022,49,31,1,3, , 
23-08-2022,56,30,1,3, , 
24-08-2022,48,33,1,3, , 
25-08-2022,47,42, ,4, ,1
26-08-2022,65,55, ,3, ,2
27-08-2022,74,48,1,4, ,2
28-08-2022,64,42,1,6, ,2
29-08-2022,63,58, ,5, ,2
30-08-2022,84,58,1,4, ,2
31-08-2022,79,32,1,12, ,2
01-09-2022,50,50, , , ,6
02-09-2022,99,41, , ,1,6
03-09-2022,75,34,1, ,1,3
04-09-2022,58,32,1, , ,2
05-09-2022,43,30,1, , ,2
06-09-2022,42,43, , , ,3
07-09-2022,50,32,1, , ,4
08-09-2022,68,29, , , ,4
09-09-2022,60,20,1,2,2,3
10-09-2022,32,29,1, ,2,4
11-09-2022,52,20, , ,2,3
12-09-2022,28,18,1, ,2,3
13-09-2022,28,21, , ,1,2
14-09-2022,23,27,1,3,1,2
15-09-2022,36,26,1,2,1,3
16-09-2022,31,26, ,2, , 
17-09-2022,33,29, ,3, , 
18-09-2022,40,27,1,4, ,2
19-09-2022,50,34, ,4, , 
20-09-2022,56,34, ,5, , 
21-09-2022,51,34, ,7, , 
22-09-2022,52,32,1,3,1,2
23-09-2022,47,21,1,3, ,3
24-09-2022,33, , , , , 
26-09-2022,10,33, ,14,3,5
27-09-2022,46,45, ,17,3,6
28-09-2022,66,49, ,11,3,4
29-09-2022,71,48,1,6, ,3
30-09-2022,71,43,1,6, ,4
01-04-2022,193,138,1,4,3,4
02-04-2022,168,115,1,4,2,4
03-04-2022,150,89,1,4,2,4
04-04-2022,124,72,1,3,4,4
05-04-2022,96,68,1,3,2,4
06-04-2022,85,62,1,5,3,4
07-04-2022,77,63,1,4,5,5
08-04-2022,88,54,1,3,5,4
09-04-2022,91,54, ,3, , 
10-04-2022,88,56, ,5,6, 
11-04-2022,95,72,1,8,6,1
12-04-2022,110,76,1,6,6,1
13-04-2022,117,57,1,4,5, 
14-04-2022,94,59,1,3,4, 
15-04-2022,91,66,1,4,3, 
16-04-2022,111,61,1,3,2, 
17-04-2022,86,58,1,4,2, 
18-04-2022,84,65,1,4,6, 
19-04-2022,105,63, ,4,8, 
20-04-2022,104,82, ,9,9,2
21-04-2022,137,79, ,7,7,2
22-04-2022,141,79, ,7, , 
23-04-2022,141,61, ,4, , 
24-04-2022,96,79, ,8,8,5
25-04-2022,129,57,2,5,8,3
26-04-2022,97,63,1,6,10,1
27-04-2022,101,64, ,6,9, 
28-04-2022,94,56, ,4,9, 
29-04-2022,82,50, ,5,12, 
30-04-2022,82,42, ,3,10, 
01-05-2022,64,49,1,3,10, 
02-05-2022,75,63, ,3,5, 
03-05-2022,97,72, ,4,7, 
04-05-2022,115,71, ,3,6, 
05-05-2022,111,106, ,3,5, 
06-05-2022,156,117,36,3,3, 
07-05-2022,166,83,29,4,6, 
08-05-2022,141,71,1,3,5, 
09-05-2022,109,68,3,4,7,1
10-05-2022,116,72,32,4,8,2
11-05-2022,119,70,27,3,5,1
12-05-2022,118,77,18,3,5, 
13-05-2022,125,89,1,4,4, 
14-05-2022,149,70,3,3,6, 
15-05-2022,116,77,7,3,5, 
16-05-2022,123,122,1,4,7, 
17-05-2022,166,162,1,4,7, 
18-05-2022,177,149,4,4,6, 
19-05-2022,167,109,1,4,3, 
20-05-2022,158,84,1,4,3, 
21-05-2022,137,62,1,3,6, 
22-05-2022,109,51,1,3,4, 
23-05-2022,70,55,1,3,3, 
24-05-2022,76,59, ,3,4, 
25-05-2022,80,58,35,3,4, 
26-05-2022,80,50,38,3,4, 
27-05-2022,64,44,1,3,4, 
28-05-2022,56,50,1,3,4, 
29-05-2022,65,45,1,3,3, 
30-05-2022,65, , ,3,3, 
31-05-2022,81, ,1,3,3, 
01-06-2022,94, , ,3,3, 
02-06-2022,106, ,1,3,3, 
03-06-2022,104, ,1,3,3, 
04-06-2022,75, , ,4,3, 
05-06-2022,65, ,1,3,4, 
06-06-2022,74,53, ,4,4, 
07-06-2022,69,35,1,4,8, 
08-06-2022,55, , , , , 
17-06-2022,47,37, ,3,18, 
18-06-2022,78, , , , , 
24-06-2022,42,14,1,4,13, 
25-06-2022,13,14, ,3,13, 
26-06-2022,25, ,1,4,14, 
27-06-2022,14, , , , , 
29-06-2022,53,24,1,4,11, 
30-06-2022,28,34,1,5,10, 
03-01-2022,149,101,6,5,15,11
04-01-2022,167,96,6,3,15,9
05-01-2022,155,80,6,3,21,6
06-01-2022,136,89,6,3,20,7
07-01-2022,141,59,6,3,19,4
08-01-2022,96,50,7,2,22,4
09-01-2022,71,58,7,3,15,5
10-01-2022,85,78,6,4, ,7
11-01-2022,129,70,6,4,2,6
12-01-2022,115, , , , , 
14-01-2022,158,85,7,3,9,7
15-01-2022,154,83,6,4,9,8
16-01-2022,150,89,7,4,5,7
17-01-2022,157,92,6,4, ,8
18-01-2022,158,97,6,4, ,8
19-01-2022,160,67,6,3, ,6
20-01-2022,119,76,7,3,2,6
21-01-2022,118,64,7,2,3,5
22-01-2022,99,431,6,2, ,3
23-01-2022,302,209,6,2, ,4
24-01-2022,203,213,6,3,3,6
25-01-2022,218,133,6,3,1,6
26-01-2022,176,129,6,4,3,9
27-01-2022,174,89, ,7,7,5
28-01-2022,155,95, ,8,2,5
29-01-2022,156, , , , , 
31-01-2022,159,81,2,18,1,5
01-02-2022,143,94, ,15,1,6
02-02-2022,160,81, ,10,3,7
03-02-2022,134,123, ,7,3,2
04-02-2022,161,227, ,19,4,5
05-02-2022,208,148, ,15,4,5
06-02-2022,172,169, ,8,1,3
07-02-2022,200,70,1,10, ,3
08-02-2022,101,89, ,13,1,4
09-02-2022,144,97, ,17,3,6
10-02-2022,146,102, ,20,3,5
11-02-2022,148,91, ,19,2,6
12-02-2022,153,100, ,20,2,8
13-02-2022,144,80, ,19, ,6
14-02-2022,122,59, ,6, ,3
15-02-2022,89,62, ,11,2,3
16-02-2022,81,57,1,12,3,4
17-02-2022,94,74, ,13,2,5
18-02-2022,118,94, ,15,5,6
19-02-2022,143,73, ,12,2,5
20-02-2022,126,92, ,17,1,7
21-02-2022,140,88,1,16,4,4
22-02-2022,116,81,1,13,2,6
23-02-2022,126,91,1,13,1,6
24-02-2022,149,132,1,15,4,7
25-02-2022,173,111,1,15,1,6
26-02-2022,165,97,1,16, ,5
27-02-2022,152,110,1,17,5,5
28-02-2022,164,108,1,16,2,6
01-03-2022,166,121,2,16,1,7
02-03-2022,174,111,1,18,3,8
03-03-2022,164,99,1,19,3,7
04-03-2022,146,107,1,22,4,8
05-03-2022,158,106,1,21,3,8
06-03-2022,160,93,2,13,3,8
07-03-2022,167,117, ,20,11,8
08-03-2022,166,110, ,21,12,10
09-03-2022,176,141,1,18,10,9
10-03-2022,173,114,1,18,5,9
11-03-2022,163,86,1,20,10,8
12-03-2022,151,103,1,17,8,9
13-03-2022,154,100,1,16,9,6
14-03-2022,151,133,1,22,10,9
15-03-2022,169,92,1,14,7,7
16-03-2022,157,93,1,11,20,7
17-03-2022,158,89,1,7,10,7
18-03-2022,149,65,1,6,17,6
19-03-2022,120,74,1,5,14,4
20-03-2022,114,105,2,7,14,5
21-03-2022,152,93,1,10,19,5
22-03-2022,151,111,1,13,17,6
23-03-2022,151,103,1,7,10,5
24-03-2022,152,81,1,10,9,5
25-03-2022,109,68,1,6,8,4
26-03-2022,94,73,1,6,8,4
27-03-2022,107,264,1,4,7,4
28-03-2022,112,79,1,6,10,5
29-03-2022,138,78,1,6,7,4
30-03-2022,119,80,1,5,4,4
31-03-2022,106,166,1,5,4,5
01-10-2021,93,47,6,2,9,9
02-10-2021,80,63,6,2,13,12
03-10-2021,101,50,6,3,22,20
04-10-2021,107,47,6,3,34,24
05-10-2021,89,96,6,2,23,17
06-10-2021,173,39,6,2,1,19
07-10-2021,96,21,6,2, ,8
08-10-2021,62,42,6,2,2,8
09-10-2021,94,31,6,2,11,9
10-10-2021,43,50,6,2,11,9
11-10-2021,82,54,6,2,7,6
12-10-2021,98,64,6,2,5,7
13-10-2021,120,125,6,3,4,9
14-10-2021,185,95,6,3,2,9
15-10-2021,149,83,6,3, ,7
16-10-2021,136,98,6,3,1,8
17-10-2021,146,65,6,2, ,5
18-10-2021,85,58,6,2, ,5
19-10-2021,84,330,6,3, ,6
20-10-2021,90, ,6,3, ,7
21-10-2021,125, ,6,4, ,9
22-10-2021,146, ,6,2, ,6
23-10-2021,95, ,6,2, ,5
24-10-2021,48,45,7,2, ,5
25-10-2021,84,72,6,3,3,10
26-10-2021,140,79,6,3,4,12
27-10-2021,140,82,6,3,7,19
28-10-2021,155,83,6,4,8,19
29-10-2021,164,193,6,4,9,11
30-10-2021,167,93,6,4,9,10
31-10-2021,157,123,6,4,8,11
01-11-2021,184,130,6,4,14,23
02-11-2021,199,204,6,5,18,19
03-11-2021,189,87,6,4,12,21
04-11-2021,171,87,6,4, ,13
05-11-2021,151,51,6,3, ,8
06-11-2021,94,65,6,3,1,10
07-11-2021,119,114,6,3,27,23
08-11-2021,185,124,6,3,31,23
09-11-2021,193,104,6,4,28,14
10-11-2021,177,202,6,5,24,16
11-11-2021,167,118,6,4,32,22
12-11-2021,186,97,6,4,28,24
13-11-2021,173,100,6,4,28,24
14-11-2021,176,101,6,3,28,19
15-11-2021,177,97,6,3,24,20
16-11-2021,176,50,6,2,25,20
17-11-2021,123,38,6,2,26,15
18-11-2021,79,65,6,3,23,9
19-11-2021,119,69,6,3,25,11
20-11-2021,138,26,6,2,22,1
21-11-2021,50,33,6,2,19,5
22-11-2021,55,47,6,2,17,2
23-11-2021,88,71,6,2,17,4
24-11-2021,135,81,6,3,17,6
25-11-2021,153,90,6,3,18,8
26-11-2021,159,87,6,3,19,7
27-11-2021,159,84,6,3,15,5
28-11-2021,148,72,6,4,15,4
29-11-2021,139,87,6,4,15,4
30-11-2021,156,68,6,4,14,5
01-12-2021,140,43,6,3,13,4
02-12-2021,81,62,6,2,16,12
03-12-2021,116,64,6,2,15,6
04-12-2021,117,55,6,2,15,5
05-12-2021,89,85,6,3,10,7
06-12-2021,146,99,6,4,7,13
07-12-2021,171,101,6,4,6,12
08-12-2021,170,167,6,3,7,7
09-12-2021,164,98,6,3,8,8
10-12-2021,164,150, ,3, , 
11-12-2021,220,98,6,3,9,7
12-12-2021,158,91,6,3,10,7
13-12-2021,145,87,6,3,10,6
14-12-2021,167,94,6,3,11,6
15-12-2021,160,113,6,3,9,8
16-12-2021,174,112,6,4,10,9
17-12-2021,175,116,6,4,12,10
18-12-2021,177,98,6,3,13,8
19-12-2021,161,96,6,4,11,7
20-12-2021,166,109,6,4,11,8
21-12-2021,169,110,6,4,9,9
22-12-2021,168,101,6,4,9,8
23-12-2021,160,72,6,3,11,5
24-12-2021,117,67,6,3,7,5
25-12-2021,123,93,6,4,7,7
26-12-2021,159,98,6,4,7,9
27-12-2021,160,102,6,4,11,8
28-12-2021,162,74,6,3,7,6
29-12-2021,130,85,6,4,5,7
30-12-2021,149,82,6,4,5,6
31-12-2021,144,78,6,3,10,6
01-01-2022,138,83,6,3,11,7
02-01-2022,145,84,6,3,12,8
02-07-2021,353,42,6,3,9,3
03-07-2021,113,41,6,3,6,2
04-07-2021,66,41,6,3,6,2
05-07-2021,71,51,6,3,6,3
06-07-2021,74,52,6,4,5,2
07-07-2021,78,54,6,4,4,3
08-07-2021,66,34,6,4,5,3
09-07-2021,94,32,6,5,6,4
10-07-2021,63,23,6,5,7,4
11-07-2021,69,37,6,3,3,4
12-07-2021,50,22,6,4,11,5
13-07-2021,81,47,6,3,49,4
14-07-2021,53,17,6,3,3,8
15-07-2021,47,17,6,3,8,6
16-07-2021,58,22, ,3,4,4
17-07-2021,54,23, ,3,3,5
18-07-2021,62,36, ,3,14,5
19-07-2021,117,95, ,3,5,5
20-07-2021,94,71, ,3,1,5
21-07-2021,97,66, ,3,3,4
22-07-2021,90,55, ,3,3,5
23-07-2021,88,47, ,2,3,8
24-07-2021,81,43, ,2,2,6
25-07-2021,120,81, ,3,2,5
26-07-2021,90,48, ,3,2,5
27-07-2021,111,76, ,3,2,5
28-07-2021,75,41, ,2,2,4
29-07-2021,80,44, ,3,1,6
30-07-2021,78,42, ,3,1,5
31-07-2021,74,39, ,3,1,6
01-08-2021,65,39, ,3,2,5
02-08-2021,65,36, ,3,2,6
03-08-2021,64,30, ,3,12,6
04-08-2021,71,37, ,3,10,5
05-08-2021,75,41, ,2,7,5
06-08-2021,83,48, ,2, , 
07-08-2021,88,48, ,2,8,13
08-08-2021,84,44, ,2,7,8
09-08-2021,79,37, ,2,7,11
10-08-2021,81,36, ,2,7,14
11-08-2021,70,29, ,2,7,10
12-08-2021,75,38, ,2,9,13
13-08-2021,73,37, ,2,7,7
14-08-2021,68,29, ,2,7,9
15-08-2021,61,27, ,2,16,17
16-08-2021,69,27, ,3,19,15
17-08-2021,67,26, ,2,19,11
18-08-2021,66,21, ,2,19,13
19-08-2021,67,19,4,2,19,11
20-08-2021,62,19,2,2,19,8
21-08-2021,55,16,1,2,15,6
22-08-2021,59,19,3,2,10,5
23-08-2021,64,27,4,2,7,5
24-08-2021,61,23,4,2,10,6
25-08-2021,92,61,5,2,10,6
26-08-2021,50,21,6,2,9,5
27-08-2021,55,26,6,2,7,5
28-08-2021,75,49,6,2,7,5
29-08-2021,177,47,6,2,7,5
30-08-2021,122,48,6,2,6,5
31-08-2021,54,43,6,2,6,5
01-09-2021,48,23,6,2,9,16
02-09-2021,33,16,6,2,10,8
03-09-2021,43,16,6,2,10,10
04-09-2021,45,20,6,2,10,9
05-09-2021,51,29,6,2,9,9
06-09-2021,46,24,6,2,7,7
07-09-2021,42,17,6,3,7,8
08-09-2021,31,12,6,2,9,5
09-09-2021,45,18,6,2,6,6
10-09-2021,43,26,6,2,9,13
11-09-2021,41,24,6,2,12,13
12-09-2021,34,13,6,2,10,7
13-09-2021,52,38,6,4,10,18
14-09-2021,71,59,6,2,10,14
15-09-2021,68,55,6,2,10,13
16-09-2021,66,50,6,2,8,5
17-09-2021,92,77,6,2,7,12
18-09-2021,48,31,6,2,12,9
20-09-2021,43,21,6,2,12,12
21-09-2021,40,14,6,2,13,12
22-09-2021,39,22,6,2,13,11
23-09-2021,62,34,6,2,11,9
24-09-2021,52,34,6,2,10,14
25-09-2021,59,33,6,2,11,10
26-09-2021,51,30,6,2,9,6
27-09-2021,42,17,6,2,6,6
28-09-2021,37,15,5,2,11,15
29-09-2021,32,16,6,2,11,6
30-09-2021,40,18,6,1,9,18
01-04-2021,132,84, ,5,49,6
02-04-2021,130,45, ,5,39,6
03-04-2021,122,26, ,4,27,4
04-04-2021,93,196, ,4,51,5
05-04-2021,80,779, ,6,40,6
06-04-2021,108,628, ,4,33,6
07-04-2021,191,408, ,4,40,6
08-04-2021,263,801, ,4,36,7
09-04-2021,99,847, ,3, ,4
10-04-2021,107,773, ,3, ,5
11-04-2021,109,805, ,5,23,6
12-04-2021,102,772, ,7,33,5
13-04-2021,142,51, ,3,37,3
14-04-2021,410,52, ,3, ,4
15-04-2021,719,33, ,3, ,3
16-04-2021,787,76, ,3, ,3
17-04-2021,695,81, ,3, ,3
18-04-2021,739,79, ,2, ,2
19-04-2021,824,46, ,2, ,2
20-04-2021,774,30, ,2, ,2
21-04-2021,741,28, ,2, ,2
22-04-2021,769,31, ,3, ,3
23-04-2021,824,30, ,3, ,3
24-04-2021,783,98, ,3, ,3
20-05-2021,391,98,10,6,5,6
21-05-2021,155,97,7,4,5,5
22-05-2021,108,95,7,4,2,3
23-05-2021,93,93,6,3,1,2
24-05-2021,87,93,6,4, ,1
25-05-2021,90,92,6,3, ,1
26-05-2021,65, , , , , 
11-06-2021,23,203,6,4, ,4
12-06-2021,60,25,6,4, ,2
13-06-2021,49,46,6,3,1,2
14-06-2021,72,31,6,2, ,3
15-06-2021,58,32,6,2, ,3
16-06-2021,53,63,6,2,8,3
17-06-2021,96,68,6,2,11,2
18-06-2021,96,49,6,4,4,4
19-06-2021,76,93,6,1,1,2
20-06-2021,122,81,6,3, ,3
21-06-2021,107,61,6,2, ,3
22-06-2021,76,58,6,2, ,3
23-06-2021,73,49,6,2,1,4
24-06-2021,168,34,6,3,15,5
25-06-2021,59,55,6,3,4,7
26-06-2021,69,360,6,3,1,2
27-06-2021,62,16,6,5,31,9
28-06-2021,62,27,6, ,16,5
29-06-2021,54,28,6,3,9,4
30-06-2021,38,44,6,3,13,6
04-01-2021,163,71,7,14,5,12
05-01-2021,160,78,6,16,5,14
06-01-2021,161,75,6,21,6,13
07-01-2021,151,74,3,17,4,15
08-01-2021,155,68,1,14,3,13
09-01-2021,141,66, ,12,4,14
10-01-2021,152,69,3,16,4,14
11-01-2021,147,71, ,17,4,14
12-01-2021,154,98,18,11,6,12
13-01-2021,156,65, ,12,5,14
14-01-2021,126,45,1,14,5,8
15-01-2021,87,52,4,27,3,8
16-01-2021,101,49,2,14,1,8
17-01-2021,93,33,76,9,1,6
18-01-2021,61,52, ,20,1,9
19-01-2021,99,60,58,27,3,12
20-01-2021,126,62,4,17,4,9
21-01-2021,121,71,4,26,4,10
22-01-2021,141,72,5,23,7,11
23-01-2021,140,57,3,15,5,8
24-01-2021,107,68,4,21,5,8
25-01-2021,129,68,4,21,4,10
26-01-2021,126,64,5,22,3,11
27-01-2021,119,65,5,24,4,12
28-01-2021,121,61,4,31,3,12
29-01-2021,123,66,4,31,6,13
30-01-2021,126,60,3,31,4,14
31-01-2021,114,60,3,25,3,12
01-02-2021,111,64,3,27,6,11
02-02-2021,132,59,1,38,8,13
03-02-2021,117,66, ,34,11,13
04-02-2021,134,58, ,18,9,11
05-02-2021,111,54, ,27,10,10
06-02-2021,99,50,1,24,10,9
07-02-2021,94,55, ,27,10,11
08-02-2021,119,61,2,32,10,11
09-02-2021,125,108, ,28,5,13
10-02-2021,126,111,110,35,7,16
11-02-2021,199,66, ,24,6,16
12-02-2021,128,56,101,21,7,12
13-02-2021,115,43, ,11,4,8
14-02-2021,83,77, ,8,3,6
15-02-2021,159,35,88,10,4,7
16-02-2021,74,39, ,11,3,7
17-02-2021,85,61, ,20,3,12
18-02-2021,176,32, ,17,4,8
19-02-2021,74,36, ,18,4,8
20-02-2021,80,43,1,20,7,10
21-02-2021,89,52, ,23,10,11
22-02-2021,114,58, ,17,12,11
23-02-2021,128,66,2,23,10,14
24-02-2021,137,55, ,15,8,12
25-02-2021,107,45,1,11,10,10
26-02-2021,87,41,1,10,9,6
27-02-2021,73,46, ,13,6,9
28-02-2021,94,56, ,13,8,12
01-03-2021,114,56, ,15,11,12
02-03-2021,124,53, ,20,13,11
03-03-2021,111,59, ,23,14,13
04-03-2021,123,52, ,15,14,14
05-03-2021,116,44, ,9,11,11
06-03-2021,101,41, ,12,12,9
07-03-2021,97,37, ,12,29,9
08-03-2021,82,49, ,16,46,9
09-03-2021,106,47, ,15,54,10
10-03-2021,94,40, ,8,54,7
11-03-2021,81,34, ,9,48,7
12-03-2021,75,59, ,13,51,10
13-03-2021,124,55, ,14,55,10
14-03-2021,113,54,5,13,22,12
15-03-2021,115,51, ,13,71,9
16-03-2021,122,58, ,15,87,10
17-03-2021,131,47, ,9,61,8
18-03-2021,110,115, ,10,31,7
19-03-2021,183,47, ,6,20,4
20-03-2021,134,45, ,11,42,6
21-03-2021,122,44, ,11,33,6
22-03-2021,107,53, ,15,45,7
23-03-2021,124,67, ,22,40,10
24-03-2021,139,56, ,26,25,12
25-03-2021,137,56, ,24,31,12
26-03-2021,127,63, ,29,57,14
27-03-2021,139,49, ,11,102,8
28-03-2021,127,44, ,6,41,6
29-03-2021,585,41, ,6,9,13
30-03-2021,152,70, ,5,9,13
31-03-2021,88,158, ,4,34,8
01-10-2020,75,36,1,10,2,4
02-10-2020,93,42, ,14,3,5
03-10-2020,118,22,1,10,2,5
04-10-2020,76,24, ,7,2,4
05-10-2020,73,36,2,11,4,4
06-10-2020,99,42,3,15,3,5
07-10-2020,114,43,2,10,3,4
08-10-2020,123,49,3,13,2,6
09-10-2020,154,48,8,12,3,7
10-10-2020,149,37,11,11,2,6
11-10-2020,127,39,11,9,2,5
12-10-2020,130,37,7,10,2,5
13-10-2020,115,35,8,16,2,6
14-10-2020,112,23,9,11,2,6
15-10-2020,80,26,8,12,1,5
16-10-2020,73,30,7,5, ,4
17-10-2020,75,32,5,6,1,4
18-10-2020,71,383,3,7,2,5
19-10-2020,97,626,6,11,3,6
20-10-2020,102,614,10,13,2,6
21-10-2020,140,516,8,22,3,7
22-10-2020,127,362,13,16,3,6
23-10-2020,318,192,6,6,3,6
24-10-2020,824,240,11,10,4,7
27-10-2020,538,58,6,24,4,8
28-10-2020,780, , , , , 
31-10-2020,683,52,3,30,5,8
01-11-2020,678,59, ,28,5,10
02-11-2020,738,61, ,22,5,9
03-11-2020,778,62,6,30,7,10
04-11-2020,601,64,6,31,5,10
05-11-2020,683, , , , , 
07-11-2020,645,53,4,26,11,9
08-11-2020,629,57,3,33,8,9
09-11-2020,617,73,3,29,11,8
10-11-2020,251,57,2,33,12,9
11-11-2020,350,56,3,29,13,9
12-11-2020,643,76,1,33,11,10
13-11-2020,436,41,3,29,12,9
14-11-2020,153,45,4,24,8,10
15-11-2020,182,76,4,17,7,9
16-11-2020,185,68,3,21,9,9
17-11-2020,171,100,2,25,9,11
18-11-2020,162,65,2,24,11,10
19-11-2020,128,85,3,27,11,9
20-11-2020,144,61,3,20,8,9
21-11-2020,131,69,2,26,9,10
22-11-2020,118,60,2,23,9,9
23-11-2020,99,69,2,21,9,9
24-11-2020,116,87,2,29,11,12
25-11-2020,157,84,2,32,11,12
26-11-2020,161,61,2,28,17,8
27-11-2020,138,58,2,24,20,8
28-11-2020,121,38,2,16,6,7
29-11-2020,76,62,2,27,9,10
30-11-2020,135,65,1,24,11,10
01-12-2020,145,71,1,24,12,10
02-12-2020,156,64,1,24,12,10
03-12-2020,149,67,2,33,15,11
04-12-2020,151,68,1,36,14,11
05-12-2020,157,62,1,39,15,10
06-12-2020,149,55,2,26,8,9
07-12-2020,148,53,2,25,6,7
08-12-2020,117,57,1,31,4,8
09-12-2020,128,58,2,24,5,8
10-12-2020,128,67,2,27,6,11
11-12-2020,145,55,2,18,7,8
12-12-2020,110,56,2,23,4,7
13-12-2020,118,46,2,18,4,6
14-12-2020,81,61,1,23,5,7
15-12-2020,128,66,2,20,5,8
16-12-2020,148,64,2,19,6,8
17-12-2020,156,64,2,21,7,8
18-12-2020,157,57,2,26,5,7
19-12-2020,144,56,2,28,10,7
20-12-2020,140,48,2,27,7,6
21-12-2020,124,51,2,36,9,8
22-12-2020,130,62,2,40,8,9
23-12-2020,141,58,3,32,8,9
24-12-2020,119,62,3,34,5,11
25-12-2020,138,68,3,29,9,11
26-12-2020,140,69,1,29,14,10
27-12-2020,163,55, ,19,9,6
28-12-2020,118,95,91,26,7,7
29-12-2020,159,71,5,27,7,11
30-12-2020,156,99,6,34,5,13
31-12-2020,161,217,4,26,1,14
01-01-2021,162,74,4,12, ,12
02-01-2021,198,63,5,16, ,10
03-01-2021,406,72,6,20,5,14
03-07-2020,163,18,2,4,2, 
04-07-2020,29,25,2,4,2, 
05-07-2020,49,29,5,4,2, 
06-07-2020,57,23,4,4,2, 
07-07-2020,43,26,1,4,2,1
08-07-2020,48,23,1,4,2,1
09-07-2020,48,25,1,4,2,1
10-07-2020,51,24,2,4,2,1
11-07-2020,45,17,2,4,2, 
12-07-2020,38,16,1,5,2,1
13-07-2020,30,15,1,5,2,1
14-07-2020,29,14,1,5,2,1
15-07-2020,28,16,2,4,2,1
16-07-2020,35,18,1,5,2,1
17-07-2020,42,24,1,5,2,1
18-07-2020,52,27,1,4,2,1
19-07-2020,52,29,1,5,2,1
20-07-2020,54,23,1,5,3,1
21-07-2020,48,18,1,5,2,1
22-07-2020,37,18,1,6,2,1
23-07-2020,43,22,1,8,3,2
24-07-2020,49,16,1,6,2,2
25-07-2020,30,14,1,6,2,1
26-07-2020,27,17,1,5,2,2
27-07-2020,34,21, ,8,3,2
28-07-2020,42,297, ,7,3,2
29-07-2020,51,895, ,4,3,2
30-07-2020,29,895, ,5,3,2
31-07-2020,30, , ,6,3,2
01-08-2020,30, ,1,5,2,2
02-08-2020,28, ,1,4,2,2
03-08-2020,24, ,1,4,2,2
04-08-2020,30, ,2,4,2,2
05-08-2020,46,91,3,4,3,2
06-08-2020,38,29,2,4,2,2
07-08-2020,50,31,1,4,2,2
08-08-2020,48,34,2,4,2,1
09-08-2020,53,28,2,5,3,1
10-08-2020,217,30,2,4,2,1
11-08-2020,824,24,2,4,2,1
12-08-2020,824,26,1,4,2,1
13-08-2020,824,25,1,5,2,1
14-08-2020,824,29,1,4,2,1
15-08-2020,824,30,1,4,2,1
16-08-2020,824,28,1,5,2,1
22-08-2020,94,25, ,4, ,2
23-08-2020,46,26,1,4,3,2
24-08-2020,48,25,1,4,2,2
25-08-2020,52,22,1,4,2,2
26-08-2020,47,25,1,4,3,2
27-08-2020,51,21,1,5,3,3
28-08-2020,43,21, ,5,3,3
29-08-2020,49,20, ,4,3,3
30-08-2020,47,23,1,4,3,3
31-08-2020,49,23, ,6,3,3
01-09-2020,52,32, ,8,2,3
02-09-2020,62,38, ,9,3,4
03-09-2020,70,40, ,15,3,5
04-09-2020,96,41,3,10,3,4
05-09-2020,101,48, ,9,2,4
06-09-2020,126,25, ,8,2,3
07-09-2020,58,26, ,8,2,3
08-09-2020,60,33, ,10,3,3
09-09-2020,83,25, ,8,2,3
10-09-2020,69,39, ,16,2,4
11-09-2020,106,41,1,9,2,3
12-09-2020,43,22,1,5,2,2
13-09-2020,50,19, ,6,1,2
14-09-2020,53,17, ,6,1,2
15-09-2020,49,22, ,8,1,3
16-09-2020,54,23, ,7,2,3
17-09-2020,58,21, ,9,3,3
18-09-2020,57,26, ,8,2,4
19-09-2020,67,24, ,10,5,5
20-09-2020,70,25, ,11,4,5
21-09-2020,74,25,2,10,5,5
22-09-2020,71,18,3,5,4,4
23-09-2020,51,17,1,9,3,4
24-09-2020,49,22, ,7,2,3
25-09-2020,60,28,1,5,2,3
26-09-2020,56,29,1,6,3,4
27-09-2020,63,29,1,8,3,4
28-09-2020,65,108,1,8,3,4
29-09-2020,70,315,1,11,2,4
30-09-2020,82,34,2,9,2,4
01-04-2020,68,56,36,1,3,2
02-04-2020,78,60,32,1,3,2
03-04-2020,76,58,28,1,3,2
04-04-2020,74,57,28,2,4,2
05-04-2020,85,49,25,1,4,2
06-04-2020,68,50,17,1,4,2
07-04-2020,61, , , , , 
20-04-2020,171,18,19, ,4,5
21-04-2020,64,24,20,1,7,5
22-04-2020,68,22,19, ,10,4
23-04-2020,66,20,17,1,11,4
24-04-2020,66,20,22, ,12,4
25-04-2020,52,21,21,1,11,4
26-04-2020,57,19,19, ,10,4
27-04-2020,55,22,21, ,12,4
28-04-2020,66,25,20, ,11,4
29-04-2020,63,26,18,1,12,5
30-04-2020,62,35,19, ,13,5
01-05-2020,79,15,17, ,13,5
02-05-2020,41,13,18, ,12,5
03-05-2020,36,14,17, ,13,5
04-05-2020,44,19,18, ,12,5
05-05-2020,43,80,19, ,15,6
06-05-2020,117,71,21, ,14,5
07-05-2020,98,80,19, ,15,5
08-05-2020,105,66,21, ,18,5
09-05-2020,85,53,19,2,14,5
10-05-2020,81,46,18, ,13,6
11-05-2020,73,81,18,1,17,5
12-05-2020,136,54,17, ,14,5
13-05-2020,107,22,16, ,14,5
14-05-2020,49,69,17, ,18,5
15-05-2020,93,47,17,1,12,5
16-05-2020,824,50,18, ,11,5
20-05-2020,143,14,18,5,3,4
21-05-2020,49,14,18,2,3,4
22-05-2020,51,24,16,2,2,3
23-05-2020,54,27,16,2,2,3
24-05-2020,46,31,16,2,2,3
25-05-2020,49,32,15,2,2,3
26-05-2020,52,30,15,2,2,3
27-05-2020,51,25,15,2,1,3
28-05-2020,43,21,14,2,2,3
29-05-2020,39,22,14,2,2,3
30-05-2020,41,25,15,2,2,3
31-05-2020,42,25,19,2,1,4
01-06-2020,54,28,18,2,2,4
02-06-2020,80,18,14,2,1,3
03-06-2020,50,103,13,2, ,3
04-06-2020,132,25,14,2, ,3
05-06-2020,34, , , , , 
10-06-2020,63,16,12,2, ,3
11-06-2020,64, , , , , 
17-06-2020,17,21,12,7,1,2
18-06-2020,35,29,12,3,8,3
19-06-2020,52,29,1,2, ,3
20-06-2020,55,25,2,2, ,3
21-06-2020,52,26,2,2, ,3
22-06-2020,48,22,2,3, ,3
23-06-2020,67,17,2,3, ,3
24-06-2020,36,21,1,3, ,3
25-06-2020,54,22,1,4, ,3
26-06-2020,55,29,1,3, ,3
27-06-2020,66,22,1,3, ,3
28-06-2020,53,15,1,3, ,3
29-06-2020,30,895,8, ,66,2
30-06-2020,824, , , , , 
01-01-2020,251,104,55,17,5,6
02-01-2020,181,97,54,19,4,5
03-01-2020,171,96,51,16,1,5
04-01-2020,166,101,50,22,4,6
05-01-2020,172,128,45,16,5,8
06-01-2020,199,106,108,19,9,5
07-01-2020,173,79,44,10,4,4
08-01-2020,154,87,21,20,8,5
09-01-2020,152,96,26,22,7,5
10-01-2020,158,89,38,19,21,4
11-01-2020,162,102,28,13,4,5
12-01-2020,171,83,18,14,2,4
13-01-2020,141,53,9,7, ,1
14-01-2020,90,60,34,6,1,1
15-01-2020,90,59,29,14,3,2
16-01-2020,98,69,36,19,3,3
17-01-2020,125,93,92,26,7,6
18-01-2020,165,101,11,23,4,5
19-01-2020,169,101,37,23,8,6
20-01-2020,172,260,66,16,6,6
21-01-2020,175,92,60,22,9,5
22-01-2020,165,110,53,24,8,5
23-01-2020,171,90,42,20,8,5
24-01-2020,162,104,58,19,9,6
25-01-2020,171,106,55,14,6,5
26-01-2020,175,59,29,4,6,3
27-01-2020,111,44,28,6,7,2
28-01-2020,75,71,31,7,4,2
29-01-2020,202,82,50,19,9,4
30-01-2020,125,84,50,19,7,4
31-01-2020,145,92,41,25,5,5
01-02-2020,155,90,34,19,7,5
02-02-2020,162,79,43,10,6,5
03-02-2020,154,86,55,15,5,5
04-02-2020,156,84,50,21,7,4
05-02-2020,130,68,47,10,5,3
06-02-2020,108,71,42,13,7,3
07-02-2020,108,84,51,19,5,5
08-02-2020,148,97,4,35,1,6
09-02-2020,157, , , , , 
11-02-2020,196,156,36,21,10,6
12-02-2020,153,252,53,19,6,5
13-02-2020,161,88,26,22,7,5
14-02-2020,152,92, ,18,7,4
15-02-2020,126,86, ,17,5,5
16-02-2020,146,118,39,26,5,3
17-02-2020,181,160,59,25,7,4
18-02-2020,194,117,85,27,11,5
19-02-2020,172,80,29,18,8,4
20-02-2020,137,65,25,13,10,3
21-02-2020,104,96,51,20,11,5
22-02-2020,230,102,50,23,10,5
23-02-2020,159,96,44,21,8,5
24-02-2020,164,92,28,22,8,4
25-02-2020,122,88,37,24,12,3
26-02-2020,127,94,30,27,12,5
27-02-2020,138,108,25,39,12,5
28-02-2020,154,99,23,26,12,4
29-02-2020,141,98,8,10,9,3
01-03-2020,117,79,7,11,9,4
02-03-2020,124,80,13,6,20,3
03-03-2020,112,75,13,5,19,2
04-03-2020,103,77,12,9,22,3
05-03-2020,105,62,9,2,13,1
06-03-2020,65,85,12,5,10,2
07-03-2020,86,80,11,12,14,3
08-03-2020,90,84,11,7,10,3
09-03-2020,108,68,4,5,15,2
10-03-2020,95,66,9,2,9,1
11-03-2020,65,52,13,6,7,1
12-03-2020,70,70,12,9,8,2
13-03-2020,81,83,10,11,5,2
14-03-2020,139,98,5,18,12,4
15-03-2020,234,99,6,20,13,5
16-03-2020,151,104,68,27,8,5
17-03-2020,155,74,49,14,7,3
18-03-2020,120,58,41,10,4,3
19-03-2020,92,37,29,3,3,2
20-03-2020,62,44,38,4,6,2
21-03-2020,67,44,33,1,3,2
22-03-2020,68,48,37,1,3,2
23-03-2020,75,61,50,1,3,2
24-03-2020,96,56,33,1,4,2
25-03-2020,84,52,29,1,4,2
26-03-2020,67,53,39,1,5,2
27-03-2020,71,53,42,3,3,2
28-03-2020,90,51,45,1,3,2
29-03-2020,75,49,33,1,3,2
30-03-2020,71,47,30,1,3,2
31-03-2020,74,47,36, ,3,2
01-10-2019,41,41,4,1,4,2
02-10-2019,58,50,4,2,4,3
03-10-2019,62,49,7,4,6,3
04-10-2019,72,61,12,6,8,5
05-10-2019,109,67,30,8,8,5
06-10-2019,117,69,28,7,6,4
07-10-2019,133,74,17,6,4,4
08-10-2019,138,41,13,7,4,3
09-10-2019,73,57,21,11,8,5
10-10-2019,120,51,20,10,8,4
11-10-2019,100,75,21,9,10,2
12-10-2019,129,65,27,11,11,4
13-10-2019,121,79,24,11,9,4
14-10-2019,148,80,14,12,9,4
15-10-2019,144,96,37,13,11,5
16-10-2019,147,95,56,12,8,5
17-10-2019,154,90,7,16,7,5
18-10-2019,142,49,3,11,4,4
19-10-2019,94,18,8,9,3,4
20-10-2019,56,31,25,7,2,4
21-10-2019,69,23,15,6,2,3
22-10-2019,44,24,6,5,4,3
23-10-2019,59,44,8,12,5,5
24-10-2019,90,31,4,12,4,4
25-10-2019,67,28,10,7,3,3
26-10-2019,52,36,16,4,1,3
27-10-2019,68,50,19,5,4,3
28-10-2019,97,67,33,8,20,4
29-10-2019,125,63,28,10,19,4
30-10-2019,127,59,13,13,22,3
31-10-2019,65,42,15,7,22,3
01-11-2019,59,22,8,4,23,2
02-11-2019,49,41,13,5,23,3
03-11-2019,67,51,16,6,13,3
04-11-2019,88,57,23,6,25,4
05-11-2019,111,67,19,10,17,5
06-11-2019,137,23,16,1,9,1
07-11-2019,56,34,14,3,5,2
08-11-2019,60,44,18,4,4,2
09-11-2019,75,66,26,7,4,4
10-11-2019,125,79,39,13,4,5
11-11-2019,155,97,50,14,4,5
12-11-2019,164,81,42,13,9,4
13-11-2019,153,88,50,14,24,3
14-11-2019,157,85,34,13,21,6
15-11-2019,161,87,25,13,31,5
16-11-2019,164,87,20,13,26,5
17-11-2019,165,84,47,12,15,5
18-11-2019,163,110,232,21,12,6
19-11-2019,176,109,46,28,15,6
20-11-2019,176,113,27,11,18,5
21-11-2019,175,103,35,16,42,4
22-11-2019,170,107,36,14,37,4
23-11-2019,168,95,40,12,31,5
24-11-2019,166,94,41,14,20,5
25-11-2019,167,106,48,19,32,5
26-11-2019,170,89,26,14,25,4
27-11-2019,157,86,45,17,22,5
28-11-2019,160,94,33,17,17,5
29-11-2019,166,102,32,18,23,6
30-11-2019,170,117,28,16,20,6
01-12-2019,178,85,36,13,14,5
02-12-2019,156,116,16,7,31,3
03-12-2019,150,101,199,8,13,4
04-12-2019,134,78,12,2,13,3
05-12-2019,137,99,45,6,8,4
06-12-2019,170,97,69,14,7,4
07-12-2019,160,101,62,18,9,5
08-12-2019,172,101,49,15,9,5
09-12-2019,167,101,60,18,12,5
10-12-2019,169,114,42,17,14,5
11-12-2019,174,110,38,14,16,4
12-12-2019,174,84,23,14,14,4
13-12-2019,142,88,25,15,12,3
14-12-2019,129,86,12,14,10,4
15-12-2019,159,103,49,16,12,5
16-12-2019,171,97,51,16,6,5
17-12-2019,165,97,62,17,7,5
18-12-2019,165,95,68,18,9,5
19-12-2019,166,103,63,19,8,5
20-12-2019,173,134,33,24,10,6
21-12-2019,177,107,7,18,12,5
22-12-2019,175,104,35,13,16,6
23-12-2019,175,132,45,18,12,6
24-12-2019,192,133,30,24,12,5
25-12-2019,203,135,38,13,9,5
26-12-2019,171,102,62,19,8,6
27-12-2019,172,93,51,20,7,6
28-12-2019,165,85,53,17,6,5
29-12-2019,163, , , , , 
14-07-2019,48,43,4,1,3,1
15-07-2019,49,44,4,1,3,1
16-07-2019,54,42,4,1,3,1
17-07-2019,53,53,4,1,3,1
18-07-2019,57,64,10,2,3,2
19-07-2019,73,43,5,6,3,2
20-07-2019,63,41,10,6,4,3
21-07-2019,84,17,8,2,3,2
22-07-2019,38,14,6,1,3,1
23-07-2019,28,22,5,1,3,1
24-07-2019,45,38,5,1,3,1
25-07-2019,56,39,5, ,3,1
26-07-2019,53,41,5, ,3,1
27-07-2019,56,47,6, ,3,1
28-07-2019,59,45,5,1,3,1
29-07-2019,56,32,5, ,3,1
30-07-2019,47,29,4, ,3,1
31-07-2019,46,34,6, ,3,1
01-08-2019,46,30,8, ,3,1
02-08-2019,43,23,5, ,3,1
03-08-2019,39,34,5, ,4,1
04-08-2019,47,38,3, ,2,1
05-08-2019,50,34,8, , ,1
06-08-2019,46,38,8, , ,2
07-08-2019,51,56,7,1, ,2
08-08-2019,68,54,8, , ,2
09-08-2019,68,133,9, , ,2
10-08-2019,72,49,10, , ,2
11-08-2019,61,47,9,1, ,2
12-08-2019,57,39,9,2, ,2
13-08-2019,50,49,10,1, ,2
14-08-2019,58,38,9,1, ,2
15-08-2019,56,42,9,1, ,2
16-08-2019,54,42,11, , ,2
17-08-2019,51,40,11,1, ,2
18-08-2019,50,41,9,1, ,3
19-08-2019,51,50,8,1, ,3
20-08-2019,48,42,10,1, ,3
21-08-2019,44,39,9,2,1,3
22-08-2019,47,34,8,2,3,3
23-08-2019,45,35,11, ,3,2
24-08-2019,45, , , , , 
29-08-2019,40,27,6,1,7,3
30-08-2019,41,30,8,1,7,3
31-08-2019,45,27,8, ,7,3
01-09-2019,45,39,6, ,7,3
02-09-2019,50,13,3,1,9,3
03-09-2019,33,21,4,1,9,2
04-09-2019,42,13,4, ,8,2
05-09-2019,27,20,4,1,8,2
06-09-2019,39,20,4,1,8,2
07-09-2019,35,17,6,1,8,2
08-09-2019,36,36,5, ,8,2
09-09-2019,54,32,5,1,8,2
10-09-2019,50,28,4,1,9,3
11-09-2019,48,18,5, ,11,2
12-09-2019,39,24,3, ,11,2
13-09-2019,45,38,3, ,11,2
14-09-2019,48,25,7,3,11,3
15-09-2019,45,26,4,1,10,2
16-09-2019,42,25,3,2,7,2
17-09-2019,44,30,5,2,2,1
18-09-2019,57,24,16,4,2,2
19-09-2019,67,25,8,1,3,1
20-09-2019,47,16,8, ,2, 
21-09-2019,40,24,7, ,2,1
22-09-2019,51,43,6,1,2,1
23-09-2019,63,47,5,1, ,1
24-09-2019,57,21,8,4,1,2
25-09-2019,52,27,9,2,3,3
26-09-2019,63,12,7, ,3, 
27-09-2019,29,10,4, ,1, 
28-09-2019,31,13,4, ,1, 
29-09-2019,33,13,4, ,2,1
30-09-2019,28,27,2, ,3,2
31-12-2024, ,55,4,8,4,4
07-07-2024, ,87,4,6,4,2
10-07-2024, ,19,4,7,4,2
14-07-2024, ,6,4,7,4,2
18-07-2024, ,20,4,7,4,2
25-09-2024, ,71,4,13,8,6
02-04-2024, ,59,4,7,4,2
06-04-2024, ,58,4,7,4,2
12-04-2024, ,55,4,7,4,2
26-04-2024, ,80,4,7,4,2
12-05-2024, ,40,4,6,3,2
11-06-2024, ,90,4,6,4,2
12-06-2024, ,44,4,6,4,2
13-06-2024, ,45,4,6,4,2
14-06-2024, ,32,4,6,4,2
16-06-2024, ,47,4,7,4,2
14-01-2024, ,40,4,4,6,1
19-01-2024, ,179,5,7,2,2
15-03-2024, ,82,4,6, ,2
01-10-2023, ,53,4, ,9,5
02-10-2023, ,60,4, ,8,4
03-10-2023, ,67,4, ,8,3
06-08-2023, ,50,4, ,12,3
07-08-2023, ,50,4, ,13,3
08-08-2023, ,47,4, ,13,3
11-08-2023, ,44,4, ,13,4
06-09-2023, ,64,4, ,9,3
07-09-2023, ,68,4, ,6,3
02-04-2023, ,50,4, ,7,24
21-05-2023, ,45,4, ,1, 
02-01-2023, ,100, ,17,7,12
03-01-2023, ,111,1,13,8,12
04-01-2023, ,106,1,18,8,12
05-01-2023, ,124,1,12,8,13
06-01-2023, ,142,1,13,8,13
07-01-2023, ,125,1,13,8,12
08-01-2023, ,128,1,11,9,11
09-01-2023, ,82,1,10,9,9
10-01-2023, ,88,1,10,9,10
11-01-2023, ,112,1,15,9,12
13-01-2023, ,184,1,9,8,6
14-01-2023, ,88,1,9,8,7
15-01-2023, ,108,1,18,8,10
16-01-2023, ,118,1,15,8,11
17-01-2023, ,130,1,17,9,13
18-01-2023, ,134,1,18,10,14
19-03-2023, ,57,4,2,8,12
23-10-2022, ,101,1,23,2,10
09-11-2022, ,134,1,91,12,13
10-11-2022, ,94,1,57,8,10
11-11-2022, ,94, ,54,7,9
12-11-2022, ,97,1,52,7,9
13-11-2022, ,118,1,56,7,13
14-11-2022, ,126,1,63,8,14
15-11-2022, ,111,1,56,7,12
16-11-2022, ,100,1,62,7,10
17-11-2022, ,80,1,51,7,8
18-11-2022, ,88,1,64,7,9
19-11-2022, ,88,1,60,6,9
20-11-2022, ,80,1,48,6,8
21-11-2022, ,90,1,64,5,10
22-11-2022, ,100,1,60,5,11
23-11-2022, ,108,1,58,5,12
24-11-2022, ,128,1,72,6,14
25-11-2022, ,128,1,70,7,14
26-11-2022, ,125,1,61,8,14
27-11-2022, ,94,1,44,9,12
28-11-2022, ,93,1,43,8,11
29-11-2022, ,117,1,67,9,13
30-11-2022, ,94,1,42,9,11
01-12-2022, ,116,1,72,9,14
02-12-2022, ,112,1,65,10,13
03-12-2022, ,161,1,66,11,14
04-12-2022, ,120,1,51,10,14
05-12-2022, ,149,1,75,11,16
07-12-2022, ,110,1,47,11,11
08-12-2022, ,79,1,50,9,8
09-12-2022, ,88,1,68,8,11
10-12-2022, ,107,1,71,8,12
11-12-2022, ,95,1,60,9,11
12-12-2022, ,83,1,62,11,10
13-12-2022, ,78,1,44,12,11
14-12-2022, ,76,1,42,12,12
15-12-2022, ,110,1,80,12,15
19-12-2022, ,87,1,54,14,11
20-12-2022, ,107,1,81,15,13
21-12-2022, ,128,1,84,15,14
22-12-2022, ,86,1,43,14,9
23-12-2022, ,94,1,66,13,11
24-12-2022, ,102,1,59,13,11
25-12-2022, ,108,1,64,13,13
26-12-2022, ,125,1,56,13,14
27-12-2022, ,122,1,15,8,14
28-12-2022, ,131,1,11,9,13
29-12-2022, ,117,1,15,9,12
30-12-2022, ,94,1,12,8,10
31-12-2022, ,85, ,11,7,9
14-07-2022, ,54,1,3,32, 
10-08-2022, ,46,1,3, , 
11-08-2022, ,44,7,3,2,3
25-09-2022, ,18, ,11,5,4
14-06-2022, ,40,1,4,2, 
16-06-2022, ,27,1,2,14, 
23-06-2022, ,20, ,4,13, 
28-06-2022, ,33,1,4,11, 
13-01-2022, ,89,6,4,6,7
30-01-2022, ,97, ,18,2,6
01-07-2021, ,70,6,3,12,4
25-04-2021, ,188, ,2, ,4
19-05-2021, ,88,8,6,8,8
10-06-2021, ,647,6,3, ,5
25-10-2020, ,88,12,16,3,7
26-10-2020, ,45,7,23,4,7
30-10-2020, ,55,6,19,6,8
06-11-2020, ,53,4,20,7,9
02-07-2020, ,149,2,5,1,1
17-08-2020, ,23,1,5,2,1
18-08-2020, ,22,1,4,2,2
19-08-2020, ,22,1,5,3,2
20-08-2020, ,21, ,4,2,2
21-08-2020, ,59, ,4,2,2
19-04-2020, ,155,17,1,4,5
17-05-2020, ,73,18, ,10,5
18-05-2020, ,880,18,1,7,5
19-05-2020, ,20,16,5,6,5
09-06-2020, ,18,12,2, ,3
31-12-2019, ,106,83,22,8,6
10-02-2020, ,136,101,18,18,9
13-07-2019, ,35,3,1,3,1
28-08-2019, ,29,7,1,6,3
01-05-2025, , ,4,9,4,4
02-05-2025, , ,4,9, ,4
03-05-2025, , ,4, , , 
28-04-2025, , ,4,9,4,4
29-04-2025, , ,4,9,4,4
30-04-2025, , ,4,9,4,4
