date,pm25,o3,no2,so2,co
2020-06-01,120.0,43.0,39.0,2.0,29.0
2020-06-02,120.0,43.0,39.0,2.0,29.0
2020-06-03,120.0,43.0,39.0,2.0,29.0
2020-06-04,120.0,43.0,39.0,2.0,29.0
2020-06-05,120.0,43.0,39.0,2.0,29.0
2020-06-06,120.0,43.0,39.0,2.0,29.0
2020-06-07,120.0,43.0,39.0,2.0,29.0
2020-06-08,120.0,43.0,39.0,2.0,29.0
2020-06-09,120.0,43.0,39.0,2.0,29.0
2020-06-10,120.0,43.0,39.0,2.0,29.0
2020-06-11,120.0,43.0,39.0,2.0,29.0
2020-06-12,120.0,43.0,39.0,2.0,29.0
2020-06-13,120.0,43.0,39.0,2.0,29.0
2020-06-14,120.0,43.0,39.0,2.0,29.0
2020-06-15,120.0,43.0,42.0,2.0,21.0
2020-06-16,120.0,43.0,43.0,2.0,20.0
2020-06-17,120.0,43.0,50.0,2.0,22.0
2020-06-18,122.0,43.0,46.25,2.0,22.75
2020-06-19,117.5,43.0,42.5,2.0,23.5
2020-06-20,113.0,43.0,38.75,2.0,24.25
2020-06-21,108.5,43.0,35.0,2.0,25.0
2020-06-22,104.0,20.0,32.0,2.0,24.0
2020-06-23,113.0,16.0,30.0,2.0,20.0
2020-06-24,118.0,15.5,31.0,2.0,24.0
2020-06-25,121.0,15.0,25.0,2.0,19.0
2020-06-26,89.0,12.0,23.0,2.0,23.0
2020-06-27,95.0,2.0,14.0,2.0,15.0
2020-06-28,106.0,6.0,20.0,2.0,19.0
2020-06-29,107.0,37.0,26.0,2.0,16.0
2020-06-30,139.0,45.0,23.0,2.0,15.0
2020-07-01,156.0,31.0,13.0,2.0,14.0
2020-07-02,147.0,23.0,10.0,2.0,14.0
2020-07-03,127.0,31.0,9.0,2.0,14.0
2020-07-04,113.0,40.0,8.0,2.0,11.0
2020-07-05,94.0,49.0,7.0,2.0,11.0
2020-07-06,85.0,41.0,6.0,2.0,12.0
2020-07-07,97.0,41.0,5.0,2.0,13.0
2020-07-08,124.0,89.0,5.0,2.0,10.0
2020-07-09,86.0,71.0,4.0,2.0,8.0
2020-07-10,87.0,93.0,4.0,2.0,8.0
2020-07-11,86.0,54.0,4.0,2.0,7.0
2020-07-12,93.0,32.0,4.0,2.0,8.0
2020-07-13,79.0,33.0,4.0,2.0,13.0
2020-07-14,106.0,38.0,4.0,2.0,10.0
2020-07-15,103.0,37.0,4.0,2.0,9.0
2020-07-16,105.0,37.0,4.0,2.0,9.0
2020-07-17,98.0,31.0,4.0,2.0,9.0
2020-07-18,114.0,21.0,4.0,2.0,9.0
2020-07-19,113.0,59.0,4.0,2.0,10.0
2020-07-20,73.0,53.625,3.888888888888889,1.9722222222222223,10.875
2020-07-21,72.875,48.25,3.7777777777777777,1.9444444444444444,11.75
2020-07-22,72.75,42.875,3.6666666666666665,1.9166666666666667,12.625
2020-07-23,72.625,37.5,3.5555555555555554,1.8888888888888888,13.5
2020-07-24,72.5,32.125,3.4444444444444446,1.8611111111111112,14.375
2020-07-25,72.375,26.75,3.3333333333333335,1.8333333333333333,15.25
2020-07-26,72.25,21.375,3.2222222222222223,1.8055555555555556,16.125
2020-07-27,72.125,16.0,3.111111111111111,1.7777777777777777,17.0
2020-07-28,72.0,34.0,3.0,1.75,7.0
2020-07-29,109.0,21.0,3.0,1.7222222222222223,8.0
2020-07-30,122.0,29.0,2.0,1.6944444444444444,8.0
2020-07-31,121.0,32.0,3.0,1.6666666666666667,11.0
2020-08-01,126.0,39.0,3.0,1.6388888888888888,7.0
2020-08-02,111.0,24.0,3.0,1.6111111111111112,7.0
2020-08-03,126.0,27.0,3.0,1.5833333333333333,8.0
2020-08-04,111.0,26.0,4.0,1.5555555555555556,12.0
2020-08-05,124.0,51.666666666666664,6.333333333333334,1.5277777777777777,10.333333333333334
2020-08-06,121.33333333333333,77.33333333333333,8.666666666666668,1.5,8.666666666666666
2020-08-07,118.66666666666667,103.0,11.0,1.4722222222222223,7.0
2020-08-08,116.0,61.0,17.0,1.4444444444444444,16.0
2020-08-09,124.0,66.0,18.0,1.4166666666666665,8.0
2020-08-10,111.0,43.0,19.0,1.3888888888888888,4.0
2020-08-11,113.0,39.0,21.0,1.3611111111111112,5.0
2020-08-12,83.0,8.0,7.0,1.3333333333333335,3.0
2020-08-13,105.0,3.0,5.0,1.3055555555555556,3.0
2020-08-14,95.0,6.0,3.0,1.2777777777777777,2.0
2020-08-15,95.0,5.0,2.0,1.25,3.0
2020-08-16,78.0,8.0,5.0,1.2222222222222223,5.0
2020-08-17,97.0,28.0,5.0,1.1944444444444444,10.0
2020-08-18,108.0,30.0,4.0,1.1666666666666665,9.0
2020-08-19,93.0,25.0,2.0,1.1388888888888888,8.0
2020-08-20,67.0,26.0,2.0,1.1111111111111112,9.0
2020-08-21,59.0,32.0,2.0,1.0833333333333335,9.0
2020-08-22,95.0,31.0,2.0,1.0555555555555556,10.0
2020-08-23,116.0,32.0,4.0,1.0277777777777777,8.0
2020-08-24,101.0,26.0,6.0,1.0,9.0
2020-08-25,91.0,14.0,8.0,1.0,9.0
2020-08-26,94.0,22.0,6.0,9.0,9.0
2020-08-27,89.0,16.0,6.0,9.0,12.0
2020-08-28,100.0,21.0,6.0,9.0,9.0
2020-08-29,108.0,15.0,4.0,9.0,9.0
2020-08-30,105.0,16.0,11.0,9.0,8.0
2020-08-31,119.0,20.0,18.0,9.0,3.0
2020-09-01,103.0,23.0,15.0,9.0,4.0
2020-09-02,93.0,23.0,8.0,16.0,3.0
2020-09-03,127.0,21.0,10.0,11.0,3.0
2020-09-04,133.0,23.0,5.0,11.0,4.0
2020-09-05,157.0,24.0,1.0,12.0,4.0
2020-09-06,126.0,22.0,4.0,16.0,4.0
2020-09-07,110.0,18.0,4.0,8.0,5.0
2020-09-08,123.0,20.0,4.0,5.0,4.0
2020-09-09,138.0,19.0,3.0,12.0,4.0
2020-09-10,122.0,19.0,2.0,11.0,4.0
2020-09-11,123.0,22.0,2.0,10.0,4.0
2020-09-12,155.0,1.0,1.0,10.0,4.0
2020-09-13,157.0,25.0,1.0,8.0,6.0
2020-09-14,152.0,16.0,5.0,8.0,3.0
2020-09-15,131.0,15.0,6.0,6.0,4.0
2020-09-16,134.0,9.0,11.0,8.0,9.0
2020-09-17,124.0,13.0,9.0,5.0,16.0
2020-09-18,133.0,16.0,8.0,6.0,15.0
2020-09-19,136.0,13.0,6.0,5.0,10.0
2020-09-20,138.0,6.0,6.0,6.0,18.0
2020-09-21,117.0,12.0,7.0,7.0,6.0
2020-09-22,85.0,9.0,3.0,15.0,11.0
2020-09-23,72.0,7.0,2.0,11.0,10.0
2020-09-24,95.0,16.0,3.0,6.0,10.0
2020-09-25,88.0,8.0,4.0,6.0,8.0
2020-09-26,89.0,20.0,2.0,6.0,9.0
2020-09-27,109.0,15.0,2.0,6.0,9.0
2020-09-28,138.0,16.0,1.0,6.0,10.0
2020-09-29,164.0,17.0,1.0,6.0,3.0
2020-09-30,169.0,16.0,1.0,6.0,6.0
2020-10-01,170.0,5.0,2.0,6.0,13.0
2020-10-02,161.0,4.0,2.0,6.0,9.0
2020-10-03,136.0,4.0,2.0,6.0,10.0
2020-10-04,118.0,4.0,2.0,8.0,9.0
2020-10-05,139.0,4.0,1.0,9.0,7.0
2020-10-06,136.0,4.0,3.0,5.0,12.0
2020-10-07,147.0,4.0,3.0,6.0,10.0
2020-10-08,155.0,4.0,3.0,6.0,16.0
2020-10-09,166.0,4.0,3.0,6.0,8.0
2020-10-10,167.0,4.0,2.0,6.0,10.0
2020-10-11,167.0,10.0,3.0,10.0,13.0
2020-10-12,175.0,14.0,3.2,7.0,11.0
2020-10-13,167.0,12.0,3.4,5.0,7.0
2020-10-14,171.0,7.0,3.6,5.0,6.0
2020-10-15,173.0,12.0,3.8,6.0,8.0
2020-10-16,178.0,13.0,4.0,5.0,14.0
2020-10-17,179.0,8.0,4.2,5.0,11.0
2020-10-18,171.0,17.0,4.4,6.0,17.0
2020-10-19,180.0,16.0,4.6,6.0,17.0
2020-10-20,186.0,11.0,4.8,6.0,15.0
2020-10-21,196.0,11.0,5.0,5.0,14.0
2020-10-22,176.0,11.0,5.199999999999999,6.0,12.0
2020-10-23,153.0,11.0,5.4,6.0,14.0
2020-10-24,162.0,11.0,5.6,6.0,14.0
2020-10-25,178.0,11.0,5.8,5.0,14.0
2020-10-26,185.0,11.0,6.0,6.0,18.0
2020-10-27,198.0,11.0,6.199999999999999,6.0,16.0
2020-10-28,187.0,21.0,6.4,5.0,17.0
2020-10-29,179.0,14.0,6.6,5.0,15.0
2020-10-30,175.0,15.0,6.8,5.0,16.0
2020-10-31,169.0,17.0,7.0,5.0,18.0
2020-11-01,180.0,59.0,7.199999999999999,6.0,17.0
2020-11-02,216.0,44.0,7.3999999999999995,5.0,16.0
2020-11-03,194.0,38.0,7.6,7.0,16.0
2020-11-04,183.0,31.0,7.8,11.0,21.0
2020-11-05,236.0,24.0,8.0,10.0,21.0
2020-11-06,224.0,23.0,14.0,6.0,24.0
2020-11-07,270.0,24.0,20.0,13.0,30.0
2020-11-08,287.0,25.0,34.0,10.0,25.0
2020-11-09,224.0,25.0,45.0,16.0,26.0
2020-11-10,196.0,24.0,40.0,9.0,22.0
2020-11-11,166.0,25.0,49.0,10.0,29.0
2020-11-12,179.0,26.0,55.0,12.0,29.0
2020-11-13,201.0,24.0,48.0,10.0,23.0
2020-11-14,259.0,25.0,42.0,9.0,25.0
2020-11-15,249.0,23.0,45.0,9.0,23.0
2020-11-16,209.0,24.0,44.0,9.0,17.0
2020-11-17,145.0,25.0,45.0,9.0,17.0
2020-11-18,172.0,24.0,48.0,10.0,21.0
2020-11-19,229.0,24.0,50.0,9.0,25.0
2020-11-20,215.0,23.0,47.0,10.0,16.0
2020-11-21,176.0,24.0,55.0,9.0,23.0
2020-11-22,193.0,25.0,61.0,10.0,34.0
2020-11-23,215.0,24.0,79.0,10.0,27.0
2020-11-24,242.0,25.0,82.0,9.0,41.0
2020-11-25,282.0,24.0,73.0,9.0,36.0
2020-11-26,277.0,25.0,59.0,9.0,28.0
2020-11-27,281.0,25.0,54.0,10.0,24.0
2020-11-28,271.0,23.0,52.0,10.0,22.0
2020-11-29,220.0,23.0,55.0,9.0,23.0
2020-11-30,255.0,24.0,61.0,9.0,27.0
2020-12-01,256.0,23.0,57.0,9.0,22.0
2020-12-02,294.0,24.0,56.0,14.0,42.0
2020-12-03,381.0,25.0,51.0,9.0,29.0
2020-12-04,425.0,24.0,51.0,9.0,41.0
2020-12-05,416.0,24.0,51.0,9.0,41.0
2020-12-06,373.0,24.0,49.0,10.0,36.0
2020-12-07,341.0,25.0,37.0,10.0,30.0
2020-12-08,247.0,24.0,41.0,9.0,27.0
2020-12-09,209.0,24.0,44.0,10.0,34.0
2020-12-10,272.0,26.0,41.0,10.0,38.0
2020-12-11,265.0,24.0,40.0,10.0,31.0
2020-12-12,288.0,24.0,36.0,9.0,27.0
2020-12-13,244.0,23.0,39.0,9.0,23.0
2020-12-14,190.0,24.0,46.0,9.0,20.0
2020-12-15,204.0,24.0,49.0,10.0,21.0
2020-12-16,264.0,24.0,49.0,9.0,17.0
2020-12-17,198.0,25.0,52.0,9.0,16.0
2020-12-18,209.0,24.0,60.0,10.0,21.0
2020-12-19,279.0,24.0,62.0,7.0,23.0
2020-12-20,351.0,24.0,52.0,11.0,27.0
2020-12-21,350.0,24.0,49.0,12.0,25.0
2020-12-22,308.0,24.0,45.0,10.0,39.0
2020-12-23,263.0,24.0,44.0,8.0,40.0
2020-12-24,302.0,24.0,45.0,9.0,29.0
2020-12-25,294.0,24.0,43.0,9.0,25.0
2020-12-26,259.0,25.0,44.0,9.0,31.0
2020-12-27,296.0,25.0,50.0,9.0,40.0
2020-12-28,340.0,25.0,49.0,9.0,31.0
2020-12-29,344.0,23.0,44.0,9.0,30.0
2020-12-30,372.0,26.0,49.0,10.0,23.0
2020-12-31,254.0,26.0,46.0,10.0,22.0
2021-01-01,271.0,24.0,50.0,9.0,29.0
2021-01-02,308.0,25.0,51.0,10.0,30.0
2021-01-03,322.0,23.0,55.0,8.0,29.0
2021-01-04,301.0,27.0,52.0,9.0,28.0
2021-01-05,312.0,26.0,48.0,10.0,25.0
2021-01-06,281.0,26.0,46.0,9.0,22.0
2021-01-07,207.0,24.0,45.0,9.0,25.0
2021-01-08,206.0,26.0,42.0,9.0,20.0
2021-01-09,251.0,24.0,39.0,10.0,20.0
2021-01-10,195.0,25.0,40.0,10.0,20.0
2021-01-11,182.0,24.0,43.0,10.0,19.0
2021-01-12,202.0,24.0,47.0,10.0,21.0
2021-01-13,231.0,26.0,48.0,9.0,21.0
2021-01-14,295.0,24.0,47.0,11.0,21.0
2021-01-15,235.0,27.0,44.0,9.0,20.0
2021-01-16,237.0,26.0,45.0,10.0,21.0
2021-01-17,244.0,24.0,41.0,10.0,24.0
2021-01-18,249.0,27.0,41.0,10.0,23.0
2021-01-19,246.0,61.0,39.0,10.0,29.0
2021-01-20,301.0,24.0,39.0,10.0,26.0
2021-01-21,245.0,23.0,38.0,10.0,28.0
2021-01-22,275.0,27.0,36.0,10.0,25.0
2021-01-23,250.0,23.0,42.0,10.0,23.0
2021-01-24,234.0,71.0,44.0,8.0,23.0
2021-01-25,204.0,23.0,44.0,7.0,20.0
2021-01-26,205.0,24.0,44.0,7.0,24.0
2021-01-27,210.0,23.0,48.0,7.0,24.0
2021-01-28,214.0,25.0,45.0,7.0,23.0
2021-01-29,213.0,26.0,47.0,7.0,22.0
2021-01-30,230.0,24.0,54.0,14.0,27.0
2021-01-31,276.0,24.0,55.0,12.0,27.0
2021-02-01,281.0,23.0,55.0,10.0,30.0
2021-02-02,331.0,23.0,56.0,7.0,35.0
2021-02-03,314.0,24.0,63.0,7.0,37.0
2021-02-04,294.0,25.0,65.0,7.0,21.0
2021-02-05,230.0,25.0,44.0,7.0,21.0
2021-02-06,178.0,25.0,43.0,8.0,18.0
2021-02-07,185.0,23.0,50.0,7.0,19.0
2021-02-08,184.0,25.0,58.0,7.0,22.0
2021-02-09,198.0,24.0,55.0,7.0,31.0
2021-02-10,258.0,24.0,57.0,8.0,29.0
2021-02-11,293.0,23.0,53.0,11.0,31.0
2021-02-12,302.0,23.0,45.0,7.0,31.0
2021-02-13,292.0,25.0,46.0,7.0,24.0
2021-02-14,256.0,23.0,51.0,7.0,23.0
2021-02-15,215.0,24.0,56.0,7.0,25.0
2021-02-16,233.0,24.0,58.0,7.0,24.0
2021-02-17,219.0,24.0,58.0,7.0,26.0
2021-02-18,242.0,24.0,51.0,7.0,30.0
2021-02-19,256.0,24.0,54.0,7.0,21.0
2021-02-20,198.0,25.0,58.0,7.0,19.0
2021-02-21,196.0,23.0,55.0,7.0,22.0
2021-02-22,199.0,24.0,48.0,7.0,21.0
2021-02-23,197.0,22.0,44.0,7.0,20.0
2021-02-24,199.0,23.0,43.0,8.0,16.0
2021-02-25,173.0,24.0,42.0,7.0,16.0
2021-02-26,160.0,24.0,39.0,7.0,14.0
2021-02-27,147.0,22.0,40.0,7.0,14.0
2021-02-28,162.0,22.0,43.0,7.0,14.0
2021-03-01,154.0,23.0,45.0,7.0,14.0
2021-03-02,147.0,23.0,49.0,7.0,13.0
2021-03-03,156.0,22.941176470588236,48.125,7.041666666666667,13.416666666666666
2021-03-04,156.04166666666666,22.88235294117647,47.25,7.083333333333333,13.833333333333334
2021-03-05,156.08333333333334,22.823529411764707,46.375,7.125,14.25
2021-03-06,156.125,22.764705882352942,45.5,7.166666666666667,14.666666666666666
2021-03-07,156.16666666666666,22.705882352941178,44.625,7.208333333333333,15.083333333333334
2021-03-08,156.20833333333334,22.647058823529413,43.75,7.25,15.5
2021-03-09,156.25,22.58823529411765,42.875,7.291666666666667,15.916666666666666
2021-03-10,156.29166666666666,22.529411764705884,42.0,7.333333333333333,16.333333333333332
2021-03-11,156.33333333333334,22.470588235294116,41.125,7.375,16.75
2021-03-12,156.375,22.41176470588235,40.25,7.416666666666667,17.166666666666668
2021-03-13,156.41666666666666,22.352941176470587,39.375,7.458333333333333,17.583333333333332
2021-03-14,156.45833333333334,22.294117647058822,38.5,7.5,18.0
2021-03-15,156.5,22.235294117647058,37.625,7.541666666666667,18.416666666666668
2021-03-16,156.54166666666666,22.176470588235293,36.75,7.583333333333333,18.833333333333332
2021-03-17,156.58333333333334,22.11764705882353,35.875,7.625,19.25
2021-03-18,156.625,22.058823529411764,35.0,7.666666666666667,19.666666666666668
2021-03-19,156.66666666666666,22.0,34.125,7.708333333333333,20.083333333333336
2021-03-20,156.70833333333334,21.941176470588236,33.25,7.75,20.5
2021-03-21,156.75,21.88235294117647,32.375,7.791666666666667,20.916666666666668
2021-03-22,156.79166666666666,21.823529411764707,31.5,7.833333333333333,21.333333333333336
2021-03-23,156.83333333333334,21.764705882352942,30.625,7.875,21.75
2021-03-24,156.875,21.705882352941178,29.75,7.916666666666667,22.166666666666664
2021-03-25,156.91666666666666,21.647058823529413,28.875,7.958333333333333,22.583333333333336
2021-03-26,156.95833333333334,21.58823529411765,28.0,8.0,23.0
2021-03-27,157.0,21.529411764705884,43.0,7.0,9.0
2021-03-28,157.0,21.470588235294116,40.333333333333336,7.0,12.333333333333334
2021-03-29,163.33333333333334,21.41176470588235,37.666666666666664,7.0,15.666666666666668
2021-03-30,169.66666666666666,21.352941176470587,35.0,7.0,19.0
2021-03-31,176.0,21.294117647058822,35.0,7.0,25.0
2021-04-01,102.0,21.235294117647058,40.0,7.0,11.0
2021-04-02,114.0,21.176470588235293,47.0,7.0,15.0
2021-04-03,139.0,21.11764705882353,51.0,6.0,17.333333333333332
2021-04-04,147.0,21.058823529411764,55.0,7.0,19.666666666666668
2021-04-05,151.5,21.0,48.0,7.0,22.0
2021-04-06,156.0,20.941176470588236,40.0,7.0,25.0
2021-04-07,163.0,20.88235294117647,37.0,7.0,29.0
2021-04-08,176.0,20.823529411764707,33.0,7.0,25.0
2021-04-09,178.0,20.764705882352942,34.5,7.0,24.666666666666668
2021-04-10,173.5,20.705882352941178,36.0,7.0,24.333333333333332
2021-04-11,169.0,20.647058823529413,37.5,7.0,24.0
2021-04-12,164.5,20.58823529411765,39.0,7.0,23.0
2021-04-13,160.0,20.529411764705884,40.0,7.0,17.0
2021-04-14,166.0,20.470588235294116,30.0,7.0,25.0
2021-04-15,176.0,20.41176470588235,29.0,7.0,24.545454545454547
2021-04-16,170.0,20.352941176470587,27.0,7.0,24.09090909090909
2021-04-17,151.0,20.294117647058822,28.0,7.0,23.636363636363637
2021-04-18,131.0,20.235294117647058,34.0,7.0,23.181818181818183
2021-04-19,140.0,20.176470588235293,37.0,7.0,22.727272727272727
2021-04-20,176.0,20.11764705882353,27.0,7.0,22.272727272727273
2021-04-21,159.0,20.058823529411764,25.0,7.0,21.81818181818182
2021-04-22,134.0,20.0,31.0,7.0,21.363636363636363
2021-04-23,152.0,19.941176470588236,35.5,7.0,20.90909090909091
2021-04-24,162.0,19.88235294117647,40.0,7.0,20.454545454545453
2021-04-25,172.0,19.823529411764707,41.0,8.0,20.0
2021-04-26,160.0,19.764705882352942,41.0,7.0,19.75
2021-04-27,176.0,19.705882352941178,42.0,11.0,19.5
2021-04-28,169.0,19.647058823529413,27.0,7.0,19.25
2021-04-29,158.0,19.58823529411765,26.0,7.0,19.0
2021-04-30,145.0,19.529411764705884,25.0,7.0,18.75
2021-05-01,141.0,19.470588235294116,27.0,7.0,18.5
2021-05-02,131.0,19.41176470588235,25.0,7.0,18.25
2021-05-03,143.0,19.352941176470587,25.0,7.0,18.0
2021-05-04,118.0,19.294117647058822,24.0,7.0,17.75
2021-05-05,136.0,19.235294117647058,26.0,7.0,17.5
2021-05-06,134.0,19.176470588235293,26.0,7.0,17.25
2021-05-07,112.0,19.11764705882353,25.0,11.0,17.0
2021-05-08,131.0,19.058823529411764,25.0,7.0,17.0
2021-05-09,128.0,19.0,27.0,7.0,17.0
2021-05-10,93.0,18.941176470588236,26.0,7.0,17.0
2021-05-11,138.0,18.88235294117647,18.0,7.0,17.0
2021-05-12,99.0,18.823529411764707,16.0,7.178571428571429,19.333333333333332
2021-05-13,117.0,18.764705882352942,19.0,7.357142857142857,21.666666666666668
2021-05-14,135.0,18.705882352941178,21.0,7.535714285714286,24.0
2021-05-15,136.0,18.647058823529413,22.0,7.714285714285714,21.0
2021-05-16,163.0,18.588235294117645,22.0,7.892857142857143,18.0
2021-05-17,164.0,18.529411764705884,20.0,8.071428571428571,13.0
2021-05-18,130.0,18.470588235294116,18.0,8.25,14.166666666666666
2021-05-19,115.0,18.411764705882355,11.0,8.428571428571429,15.333333333333334
2021-05-20,71.0,18.352941176470587,8.0,8.607142857142858,16.5
2021-05-21,98.0,18.294117647058822,9.5,8.785714285714286,17.666666666666668
2021-05-22,92.5,18.235294117647058,11.0,8.964285714285715,18.833333333333336
2021-05-23,87.0,18.176470588235293,21.0,9.142857142857142,20.0
2021-05-24,129.0,18.11764705882353,20.0,9.321428571428571,16.0
2021-05-25,125.0,18.058823529411764,16.0,9.5,15.736842105263158
2021-05-26,66.0,18.0,19.423076923076923,9.678571428571429,15.473684210526315
2021-05-27,70.0,17.941176470588236,22.846153846153847,9.857142857142858,15.210526315789474
2021-05-28,71.24,17.88235294117647,26.269230769230766,10.035714285714285,14.947368421052632
2021-05-29,72.48,17.823529411764707,29.692307692307693,10.214285714285715,14.68421052631579
2021-05-30,73.72,17.764705882352942,33.11538461538461,10.392857142857142,14.421052631578947
2021-05-31,74.96,17.705882352941178,36.53846153846153,10.571428571428571,14.157894736842106
2021-06-01,76.2,17.647058823529413,39.96153846153846,10.75,13.894736842105264
2021-06-02,77.44,17.588235294117645,43.38461538461539,10.928571428571429,13.631578947368421
2021-06-03,78.68,17.529411764705884,46.80769230769231,11.107142857142858,13.368421052631579
2021-06-04,79.92,17.470588235294116,50.23076923076923,11.285714285714285,13.105263157894736
2021-06-05,81.16,17.411764705882355,53.65384615384615,11.464285714285715,12.842105263157894
2021-06-06,82.4,17.352941176470587,57.07692307692307,11.642857142857142,12.578947368421053
2021-06-07,83.64,17.294117647058822,60.5,11.821428571428571,12.31578947368421
2021-06-08,84.88,17.235294117647058,63.92307692307692,12.0,12.052631578947368
2021-06-09,86.12,17.176470588235293,67.34615384615384,12.178571428571429,11.789473684210527
2021-06-10,87.36,17.11764705882353,70.76923076923077,12.357142857142858,11.526315789473685
2021-06-11,88.6,17.058823529411764,74.1923076923077,12.535714285714285,11.263157894736842
2021-06-12,89.84,17.0,77.61538461538461,12.714285714285715,11.0
2021-06-13,91.08,16.941176470588236,81.03846153846153,12.892857142857142,10.736842105263158
2021-06-14,92.32,16.88235294117647,84.46153846153847,13.071428571428571,10.473684210526315
2021-06-15,93.56,16.823529411764707,87.88461538461539,13.25,10.210526315789473
2021-06-16,94.8,16.764705882352942,91.3076923076923,13.428571428571429,9.947368421052632
2021-06-17,96.03999999999999,16.705882352941178,94.73076923076923,13.607142857142858,9.68421052631579
2021-06-18,97.28,16.647058823529413,98.15384615384615,13.785714285714285,9.421052631578949
2021-06-19,98.52,16.588235294117645,101.57692307692308,13.964285714285715,9.157894736842106
2021-06-20,99.75999999999999,16.529411764705884,105.0,14.142857142857142,8.894736842105264
2021-06-21,101.0,16.470588235294116,106.0,14.321428571428571,8.631578947368421
2021-06-22,98.0,16.411764705882355,108.0,14.5,8.368421052631579
2021-06-23,131.0,16.352941176470587,109.0,14.678571428571429,8.105263157894736
2021-06-24,125.0,16.294117647058822,111.0,14.857142857142858,7.842105263157896
2021-06-25,139.0,16.235294117647058,96.0,15.035714285714286,7.578947368421053
2021-06-26,85.0,16.176470588235293,102.0,15.214285714285715,7.315789473684211
2021-06-27,117.0,16.11764705882353,108.0,15.392857142857142,7.052631578947368
2021-06-28,149.0,16.058823529411764,104.0,15.571428571428571,6.789473684210526
2021-06-29,139.0,16.0,103.0,15.75,6.526315789473685
2021-06-30,140.0,15.941176470588236,39.0,15.928571428571429,6.2631578947368425
2021-07-01,129.0,15.882352941176471,61.0,16.107142857142858,6.0
2021-07-02,98.0,15.823529411764707,59.0,16.285714285714285,3.0
2021-07-03,104.0,15.764705882352942,71.0,16.464285714285715,2.0
2021-07-04,114.0,15.705882352941178,90.0,16.642857142857142,6.0
2021-07-05,134.0,15.647058823529413,89.0,16.82142857142857,4.0
2021-07-06,127.0,15.588235294117647,88.0,17.0,6.0
2021-07-07,134.0,15.529411764705882,68.0,17.17857142857143,5.0
2021-07-08,114.0,15.470588235294118,48.0,17.357142857142858,4.0
2021-07-09,112.0,15.411764705882353,28.0,17.535714285714285,4.25
2021-07-10,135.0,15.352941176470589,82.0,17.714285714285715,4.5
2021-07-11,107.0,15.294117647058822,79.0,17.892857142857142,4.75
2021-07-12,93.0,15.235294117647058,75.0,18.07142857142857,5.0
2021-07-13,100.0,15.176470588235293,58.0,18.25,5.007575757575758
2021-07-14,77.0,15.117647058823529,72.0,18.42857142857143,5.015151515151516
2021-07-15,82.0,15.058823529411764,67.0,18.607142857142858,5.0227272727272725
2021-07-16,87.0,15.0,72.0,18.785714285714285,5.03030303030303
2021-07-17,83.0,14.941176470588236,57.0,18.964285714285715,5.037878787878788
2021-07-18,88.0,14.882352941176471,62.0,19.142857142857142,5.045454545454546
2021-07-19,108.0,14.823529411764707,66.0,19.32142857142857,5.053030303030303
2021-07-20,79.0,14.764705882352942,66.0,19.5,5.0606060606060606
2021-07-21,86.0,14.705882352941176,64.0,19.67857142857143,5.068181818181818
2021-07-22,85.0,14.647058823529411,62.0,19.857142857142858,5.075757575757576
2021-07-23,99.25,14.588235294117647,60.0,20.035714285714285,5.083333333333333
2021-07-24,113.5,14.529411764705882,58.0,20.214285714285715,5.090909090909091
2021-07-25,127.75,14.470588235294118,56.0,20.392857142857142,5.098484848484849
2021-07-26,142.0,14.411764705882353,63.0,20.57142857142857,5.106060606060606
2021-07-27,89.0,14.352941176470589,52.0,20.75,5.113636363636363
2021-07-28,79.0,14.294117647058824,51.0,20.92857142857143,5.121212121212121
2021-07-29,68.0,14.23529411764706,53.0,21.107142857142858,5.128787878787879
2021-07-30,51.0,14.176470588235293,43.0,21.285714285714285,5.136363636363637
2021-07-31,91.0,14.117647058823529,42.0,21.464285714285715,5.143939393939394
2021-08-01,85.0,14.058823529411764,56.0,21.642857142857142,5.151515151515151
2021-08-02,86.0,14.0,53.0,21.82142857142857,5.159090909090909
2021-08-03,66.0,13.941176470588236,57.0,22.0,5.166666666666667
2021-08-04,88.0,13.882352941176471,55.8235294117647,22.17857142857143,5.174242424242424
2021-08-05,87.47058823529412,13.823529411764707,54.64705882352941,22.357142857142858,5.181818181818182
2021-08-06,86.94117647058823,13.764705882352942,53.470588235294116,22.535714285714285,5.1893939393939394
2021-08-07,86.41176470588235,13.705882352941176,52.294117647058826,22.714285714285715,5.196969696969697
2021-08-08,85.88235294117646,13.647058823529411,51.11764705882353,22.892857142857146,5.204545454545454
2021-08-09,85.3529411764706,13.588235294117647,49.94117647058823,23.071428571428573,5.212121212121212
2021-08-10,84.82352941176471,13.529411764705882,48.76470588235294,23.25,5.21969696969697
2021-08-11,84.29411764705883,13.470588235294118,47.588235294117645,23.42857142857143,5.2272727272727275
2021-08-12,83.76470588235294,13.411764705882353,46.411764705882355,23.607142857142858,5.234848484848484
2021-08-13,83.23529411764706,13.352941176470589,45.23529411764706,23.785714285714285,5.242424242424242
2021-08-14,82.70588235294117,13.294117647058824,44.05882352941177,23.964285714285715,5.25
2021-08-15,82.17647058823529,13.23529411764706,42.88235294117647,24.142857142857142,5.257575757575758
2021-08-16,81.6470588235294,13.176470588235293,41.705882352941174,24.321428571428573,5.265151515151516
2021-08-17,81.11764705882354,13.117647058823529,40.529411764705884,24.5,5.2727272727272725
2021-08-18,80.58823529411765,13.058823529411764,39.35294117647059,24.67857142857143,5.28030303030303
2021-08-19,80.05882352941177,13.0,38.17647058823529,24.857142857142858,5.287878787878788
2021-08-20,79.52941176470588,12.941176470588236,37.0,25.035714285714285,5.295454545454546
2021-08-21,79.0,12.882352941176471,32.5,25.214285714285715,5.303030303030303
2021-08-22,82.5,12.823529411764707,28.0,25.392857142857142,5.3106060606060606
2021-08-23,86.0,12.764705882352942,31.0,25.571428571428573,5.318181818181818
2021-08-24,92.66666666666667,12.705882352941176,34.0,25.75,5.325757575757576
2021-08-25,99.33333333333333,12.647058823529411,37.0,25.92857142857143,5.333333333333333
2021-08-26,106.0,12.588235294117647,46.0,26.107142857142858,5.340909090909091
2021-08-27,99.0,12.529411764705882,47.0,26.285714285714285,5.348484848484849
2021-08-28,72.0,12.470588235294118,43.666666666666664,26.464285714285715,5.356060606060606
2021-08-29,83.5,12.411764705882353,40.333333333333336,26.642857142857142,5.363636363636363
2021-08-30,95.0,12.352941176470589,37.0,26.821428571428573,5.371212121212121
2021-08-31,76.0,12.294117647058824,37.10843373493976,27.0,5.378787878787879
2021-09-01,77.33734939759036,12.23529411764706,37.21686746987952,27.17857142857143,5.386363636363637
2021-09-02,78.67469879518072,12.176470588235293,37.325301204819276,27.357142857142858,5.393939393939394
2021-09-03,80.01204819277109,12.117647058823529,37.433734939759034,27.535714285714285,5.401515151515151
2021-09-04,81.34939759036145,12.058823529411764,37.54216867469879,27.714285714285715,5.409090909090909
2021-09-05,82.6867469879518,12.0,37.65060240963855,27.892857142857142,5.416666666666667
2021-09-06,84.02409638554217,11.941176470588236,37.75903614457831,28.071428571428573,5.424242424242424
2021-09-07,85.36144578313252,11.882352941176471,37.86746987951807,28.25,5.431818181818182
2021-09-08,86.6987951807229,11.823529411764707,37.975903614457835,28.42857142857143,5.4393939393939394
2021-09-09,88.03614457831326,11.764705882352942,38.08433734939759,28.607142857142858,5.446969696969697
2021-09-10,89.37349397590361,11.705882352941176,38.19277108433735,28.785714285714285,5.454545454545454
2021-09-11,90.71084337349397,11.647058823529411,38.30120481927711,28.964285714285715,5.462121212121212
2021-09-12,92.04819277108433,11.588235294117647,38.40963855421687,29.142857142857142,5.46969696969697
2021-09-13,93.3855421686747,11.529411764705882,38.51807228915663,29.321428571428573,5.4772727272727275
2021-09-14,94.72289156626506,11.470588235294118,38.626506024096386,29.5,5.484848484848484
2021-09-15,96.06024096385542,11.411764705882353,38.734939759036145,29.67857142857143,5.492424242424242
2021-09-16,97.39759036144578,11.352941176470589,38.8433734939759,29.857142857142858,5.5
2021-09-17,98.73493975903614,11.294117647058824,38.95180722891566,30.035714285714285,5.507575757575758
2021-09-18,100.07228915662651,11.23529411764706,39.06024096385542,30.214285714285715,5.515151515151516
2021-09-19,101.40963855421687,11.176470588235293,39.16867469879518,30.392857142857142,5.5227272727272725
2021-09-20,102.74698795180723,11.117647058823529,39.27710843373494,30.571428571428573,5.53030303030303
2021-09-21,104.08433734939759,11.058823529411764,39.3855421686747,30.75,5.537878787878788
2021-09-22,105.42168674698794,11.0,39.493975903614455,30.92857142857143,5.545454545454545
2021-09-23,106.75903614457832,10.941176470588236,39.602409638554214,31.107142857142858,5.553030303030303
2021-09-24,108.09638554216866,10.882352941176471,39.71084337349397,31.285714285714285,5.5606060606060606
2021-09-25,109.43373493975903,10.823529411764707,39.81927710843374,31.464285714285715,5.568181818181818
2021-09-26,110.7710843373494,10.764705882352942,39.9277108433735,31.642857142857142,5.575757575757576
2021-09-27,112.10843373493975,10.705882352941178,40.036144578313255,31.821428571428573,5.583333333333333
2021-09-28,113.44578313253012,10.647058823529411,40.144578313253014,32.0,5.590909090909091
2021-09-29,114.78313253012047,10.588235294117647,40.25301204819277,32.17857142857143,5.598484848484849
2021-09-30,116.12048192771084,10.529411764705882,40.36144578313253,32.35714285714286,5.606060606060606
2021-10-01,117.4578313253012,10.470588235294118,40.46987951807229,32.535714285714285,5.613636363636363
2021-10-02,118.79518072289156,10.411764705882353,40.57831325301205,32.714285714285715,5.621212121212121
2021-10-03,120.13253012048193,10.352941176470589,40.68674698795181,32.89285714285714,5.628787878787879
2021-10-04,121.46987951807228,10.294117647058824,40.795180722891565,33.07142857142857,5.636363636363637
2021-10-05,122.80722891566265,10.23529411764706,40.903614457831324,33.25,5.643939393939394
2021-10-06,124.144578313253,10.176470588235293,41.01204819277108,33.42857142857143,5.651515151515151
2021-10-07,125.48192771084337,10.117647058823529,41.12048192771084,33.60714285714286,5.659090909090909
2021-10-08,126.81927710843374,10.058823529411764,41.2289156626506,33.785714285714285,5.666666666666667
2021-10-09,128.15662650602408,10.0,41.33734939759036,33.964285714285715,5.674242424242424
2021-10-10,129.49397590361446,9.941176470588236,41.445783132530124,34.14285714285714,5.681818181818182
2021-10-11,130.8313253012048,9.882352941176471,41.554216867469876,34.32142857142857,5.6893939393939394
2021-10-12,132.16867469879517,9.823529411764707,41.66265060240964,34.5,5.696969696969697
2021-10-13,133.50602409638554,9.764705882352942,41.7710843373494,34.67857142857143,5.704545454545454
2021-10-14,134.8433734939759,9.705882352941178,41.87951807228916,34.85714285714286,5.712121212121212
2021-10-15,136.18072289156626,9.647058823529411,41.98795180722892,35.035714285714285,5.71969696969697
2021-10-16,137.51807228915663,9.588235294117647,42.096385542168676,35.214285714285715,5.7272727272727275
2021-10-17,138.85542168674698,9.529411764705882,42.204819277108435,35.39285714285714,5.734848484848484
2021-10-18,140.19277108433732,9.470588235294118,42.31325301204819,35.57142857142857,5.742424242424242
2021-10-19,141.53012048192772,9.411764705882353,42.42168674698795,35.75,5.75
2021-10-20,142.86746987951807,9.352941176470589,42.53012048192771,35.92857142857143,5.757575757575758
2021-10-21,144.2048192771084,9.294117647058824,42.63855421686747,36.10714285714286,5.765151515151516
2021-10-22,145.5421686746988,9.23529411764706,42.74698795180723,36.285714285714285,5.7727272727272725
2021-10-23,146.87951807228916,9.176470588235293,42.855421686746986,36.464285714285715,5.78030303030303
2021-10-24,148.2168674698795,9.117647058823529,42.963855421686745,36.64285714285714,5.787878787878788
2021-10-25,149.55421686746988,9.058823529411764,43.0722891566265,36.82142857142857,5.795454545454545
2021-10-26,150.89156626506025,9.0,43.18072289156626,37.0,5.803030303030303
2021-10-27,152.2289156626506,8.941176470588236,43.28915662650603,37.17857142857143,5.8106060606060606
2021-10-28,153.56626506024094,8.882352941176471,43.39759036144578,37.35714285714286,5.818181818181818
2021-10-29,154.90361445783134,8.823529411764707,43.506024096385545,37.535714285714285,5.825757575757576
2021-10-30,156.24096385542168,8.764705882352942,43.6144578313253,37.714285714285715,5.833333333333333
2021-10-31,157.57831325301203,8.705882352941178,43.72289156626506,37.89285714285714,5.840909090909091
2021-11-01,158.9156626506024,8.647058823529411,43.83132530120482,38.07142857142857,5.848484848484849
2021-11-02,160.25301204819277,8.588235294117647,43.93975903614458,38.25,5.856060606060606
2021-11-03,161.59036144578312,8.529411764705882,44.04819277108434,38.42857142857143,5.863636363636363
2021-11-04,162.9277108433735,8.470588235294118,44.1566265060241,38.60714285714286,5.871212121212121
2021-11-05,164.26506024096386,8.411764705882353,44.265060240963855,38.78571428571429,5.878787878787879
2021-11-06,165.6024096385542,8.352941176470589,44.373493975903614,38.964285714285715,5.886363636363637
2021-11-07,166.93975903614455,8.294117647058824,44.48192771084337,39.142857142857146,5.893939393939394
2021-11-08,168.27710843373492,8.23529411764706,44.59036144578313,39.32142857142857,5.901515151515151
2021-11-09,169.6144578313253,8.176470588235293,44.69879518072289,39.5,5.909090909090909
2021-11-10,170.95180722891564,8.117647058823529,44.80722891566265,39.67857142857143,5.916666666666667
2021-11-11,172.289156626506,8.058823529411764,44.91566265060241,39.85714285714286,5.924242424242424
2021-11-12,173.6265060240964,8.0,45.024096385542165,40.035714285714285,5.931818181818182
2021-11-13,174.96385542168673,7.9411764705882355,45.13253012048193,40.214285714285715,5.9393939393939394
2021-11-14,176.3012048192771,7.882352941176471,45.24096385542168,40.392857142857146,5.946969696969697
2021-11-15,177.63855421686748,7.8235294117647065,45.34939759036145,40.57142857142857,5.954545454545454
2021-11-16,178.97590361445782,7.764705882352942,45.45783132530121,40.75,5.962121212121212
2021-11-17,180.31325301204816,7.7058823529411775,45.566265060240966,40.92857142857143,5.96969696969697
2021-11-18,181.65060240963854,7.647058823529411,45.674698795180724,41.10714285714286,5.9772727272727275
2021-11-19,182.9879518072289,7.588235294117647,45.78313253012048,41.285714285714285,5.984848484848484
2021-11-20,184.32530120481925,7.529411764705882,45.89156626506024,41.464285714285715,5.992424242424242
2021-11-21,185.66265060240963,7.470588235294118,46.0,41.642857142857146,6.0
2021-11-22,187.0,7.411764705882353,46.0,41.82142857142857,7.0
2021-11-23,209.0,7.352941176470589,62.0,42.0,17.0
2021-11-24,219.0,7.294117647058824,73.0,42.17857142857143,21.0
2021-11-25,252.0,7.23529411764706,66.0,42.35714285714286,18.0
2021-11-26,298.0,7.1764705882352935,67.0,42.535714285714285,15.0
2021-11-27,280.0,7.117647058823529,57.0,42.714285714285715,26.0
2021-11-28,323.0,7.0588235294117645,47.0,42.892857142857146,12.0
2021-11-29,302.0,7.0,65.0,43.07142857142857,21.0
2021-11-30,228.0,6.9411764705882355,73.0,43.25,27.0
2021-12-01,238.0,6.882352941176471,67.0,43.42857142857143,25.0
2021-12-02,277.0,6.8235294117647065,69.0,43.60714285714286,24.0
2021-12-03,289.0,6.764705882352942,64.0,43.785714285714285,14.0
2021-12-04,265.0,6.7058823529411775,58.0,43.964285714285715,16.0
2021-12-05,197.0,6.647058823529413,54.0,44.142857142857146,18.0
2021-12-06,201.0,6.5882352941176485,49.0,44.32142857142857,9.0
2021-12-07,204.0,6.529411764705884,56.0,44.5,12.0
2021-12-08,225.0,6.4705882352941195,61.0,44.67857142857143,15.0
2021-12-09,184.0,6.4117647058823515,52.0,44.85714285714286,6.0
2021-12-10,196.0,6.352941176470587,46.0,45.035714285714285,13.0
2021-12-11,219.0,6.2941176470588225,51.0,45.214285714285715,7.0
2021-12-12,249.0,6.235294117647058,56.0,45.392857142857146,16.0
2021-12-13,271.0,6.1764705882352935,55.0,45.57142857142857,20.0
2021-12-14,290.0,6.117647058823529,48.0,45.75,16.0
2021-12-15,266.0,6.0588235294117645,48.0,45.92857142857143,14.0
2021-12-16,245.0,6.0,47.0,46.10714285714286,13.0
2021-12-17,234.0,5.9411764705882355,39.0,46.285714285714285,8.0
2021-12-18,189.0,5.882352941176471,39.0,46.464285714285715,7.0
2021-12-19,197.0,5.8235294117647065,47.0,46.642857142857146,15.0
2021-12-20,284.0,5.764705882352942,45.0,46.82142857142857,14.0
2021-12-21,265.0,5.7058823529411775,50.0,47.0,18.0
2021-12-22,303.0,5.647058823529413,53.0,47.17857142857143,25.0
2021-12-23,238.0,5.5882352941176485,58.0,47.35714285714286,24.0
2021-12-24,236.0,5.529411764705884,51.0,47.535714285714285,14.0
2021-12-25,257.0,5.4705882352941195,55.0,47.714285714285715,13.0
2021-12-26,278.0,5.4117647058823515,58.0,47.892857142857146,16.0
2021-12-27,209.0,5.352941176470587,53.0,48.07142857142857,10.0
2021-12-28,179.0,5.2941176470588225,41.0,48.25,7.0
2021-12-29,158.0,5.235294117647058,36.0,48.42857142857143,7.0
2021-12-30,129.0,5.1764705882352935,35.0,48.60714285714286,5.0
2021-12-31,156.0,5.117647058823529,36.0,48.785714285714285,7.0
2022-01-01,177.0,5.0588235294117645,44.0,48.964285714285715,8.0
2022-01-02,200.0,5.0,40.0,49.142857142857146,16.0
2022-01-03,283.0,4.9411764705882355,45.0,49.32142857142857,19.0
2022-01-04,361.0,4.882352941176471,49.0,49.5,15.0
2022-01-05,278.0,4.8235294117647065,44.0,49.67857142857143,17.0
2022-01-06,310.0,4.764705882352942,43.0,49.85714285714286,11.0
2022-01-07,231.0,4.7058823529411775,44.0,50.035714285714285,9.0
2022-01-08,182.0,4.647058823529413,44.0,50.214285714285715,7.0
2022-01-09,173.0,4.5882352941176485,45.0,50.392857142857146,12.0
2022-01-10,183.0,4.529411764705884,38.0,50.57142857142857,14.0
2022-01-11,227.0,4.4705882352941195,40.0,50.75,8.0
2022-01-12,179.0,4.4117647058823515,43.0,50.92857142857143,10.0
2022-01-13,185.0,4.352941176470587,50.0,51.10714285714286,13.0
2022-01-14,219.0,4.2941176470588225,39.0,51.285714285714285,11.0
2022-01-15,190.0,4.235294117647058,36.0,51.464285714285715,5.0
2022-01-16,187.0,4.1764705882352935,42.0,51.642857142857146,8.0
2022-01-17,214.0,4.117647058823529,44.0,51.82142857142857,12.0
2022-01-18,238.0,4.0588235294117645,36.0,52.0,7.0
2022-01-19,221.0,4.0,39.0,3.0,13.0
2022-01-20,267.0,2.0,52.0,3.0,20.0
2022-01-21,302.0,5.0,56.0,3.0,14.0
2022-01-22,262.0,3.0,51.0,3.0,9.0
2022-01-23,207.0,3.0,48.0,2.0,10.0
2022-01-24,222.0,7.0,45.0,3.0,9.0
2022-01-25,214.0,8.0,45.0,53.0,6.0
2022-01-26,174.0,10.0,39.0,3.0,4.0
2022-01-27,176.0,5.0,43.0,3.0,7.0
2022-01-28,208.0,5.0,44.0,5.0,12.0
2022-01-29,242.0,5.0,45.0,4.0,9.0
2022-01-30,223.0,5.0,53.0,12.0,13.0
2022-01-31,292.0,4.0,58.0,5.0,14.0
2022-02-01,275.0,5.0,54.0,4.0,13.0
2022-02-02,250.0,4.0,50.0,32.0,10.0
2022-02-03,210.0,4.0,49.0,7.0,5.0
2022-02-04,153.0,4.333333333333333,40.0,3.0,4.0
2022-02-05,129.0,4.666666666666667,36.0,14.0,6.0
2022-02-06,174.0,5.0,39.0,9.0,9.0
2022-02-07,208.0,5.571428571428571,45.0,15.0,6.0
2022-02-08,206.0,6.142857142857142,58.0,12.0,3.0
2022-02-09,203.0,6.714285714285714,61.0,6.0,3.5
2022-02-10,206.0,7.285714285714286,49.0,8.0,4.0
2022-02-11,157.0,7.857142857142858,49.0,55.0,10.0
2022-02-12,168.0,8.428571428571429,58.0,36.0,15.0
2022-02-13,203.0,9.0,51.0,6.0,22.0
2022-02-14,223.0,8.0,55.0,3.0,25.0
2022-02-15,250.0,6.0,57.0,3.0,19.0
2022-02-16,222.0,5.0,61.0,3.0,17.0
2022-02-17,208.0,5.0,69.0,3.0,16.0
2022-02-18,176.0,7.0,65.0,3.0,17.0
2022-02-19,168.0,6.0,45.0,3.0,15.0
2022-02-20,154.0,9.0,44.0,3.0,16.0
2022-02-21,153.0,11.0,52.0,9.0,18.0
2022-02-22,197.0,216.0,59.0,3.0,17.0
2022-02-23,178.0,45.0,62.0,3.0,19.0
2022-02-24,187.0,16.0,57.0,3.0,17.0
2022-02-25,200.0,9.0,58.0,3.0,17.0
2022-02-26,193.0,38.0,52.0,3.0,19.0
2022-02-27,194.0,37.0,49.0,3.0,18.0
2022-02-28,175.0,67.0,49.0,3.0,17.0
2022-03-01,176.0,109.0,52.0,3.0,17.0
2022-03-02,183.0,18.0,61.0,3.0,16.0
2022-03-03,181.0,20.0,61.0,2.0,15.0
2022-03-04,177.0,11.0,45.0,3.0,14.0
2022-03-05,167.0,30.0,49.0,2.0,15.0
2022-03-06,173.0,15.0,53.0,3.0,13.0
2022-03-07,217.0,5.0,46.0,1.0,16.0
2022-03-08,166.0,45.0,55.0,1.5,17.0
2022-03-09,180.0,8.0,56.0,2.0,18.0
2022-03-10,181.0,14.0,47.0,5.0,17.0
2022-03-11,175.0,23.0,33.0,3.666666666666667,15.0
2022-03-12,170.0,17.0,43.0,2.3333333333333335,15.0
2022-03-13,177.0,26.666666666666668,46.0,1.0,17.0
2022-03-14,179.0,36.333333333333336,58.0,1.0,21.0
2022-03-15,184.0,46.0,24.0,1.0,24.0
2022-03-16,94.0,45.53846153846154,29.0,3.0,15.0
2022-03-17,208.0,45.07692307692308,25.0,2.0,21.0
2022-03-18,233.0,44.61538461538461,28.0,2.0,21.0
2022-03-19,185.0,44.15384615384615,29.0,2.0,11.0
2022-03-20,191.0,43.69230769230769,29.0,56.0,6.0
2022-03-21,196.0,43.23076923076923,27.0,2.0,12.0
2022-03-22,179.0,42.76923076923077,37.0,2.0,15.0
2022-03-23,186.0,42.30769230769231,36.0,2.0,7.0
2022-03-24,167.0,41.84615384615385,40.0,1.0,12.0
2022-03-25,166.0,41.38461538461539,39.0,1.0,11.0
2022-03-26,148.0,40.92307692307692,50.0,3.0,18.0
2022-03-27,164.0,40.46153846153846,39.0,2.0,23.0
2022-03-28,191.0,40.0,31.0,2.0,21.0
2022-03-29,195.0,42.0,35.0,3.0,20.0
2022-03-30,180.0,32.0,32.0,3.0,24.0
2022-03-31,186.0,9.0,31.0,3.0,21.0
2022-04-01,187.0,11.0,33.0,3.0,16.0
2022-04-02,174.0,22.0,32.0,3.0,15.0
2022-04-03,177.0,13.0,48.0,3.0,21.0
2022-04-04,180.0,12.0,71.0,3.0,25.0
2022-04-05,196.0,15.0,55.0,2.0,20.0
2022-04-06,189.0,14.0,36.0,8.0,13.0
2022-04-07,173.0,17.0,32.0,14.0,12.0
2022-04-08,173.0,19.0,28.0,20.0,12.0
2022-04-09,168.0,17.0,25.0,26.0,10.0
2022-04-10,159.0,17.0,26.0,32.0,13.0
2022-04-11,145.0,10.0,28.0,38.0,14.0
2022-04-12,156.0,18.0,32.0,44.0,16.0
2022-04-13,177.0,8.0,27.0,50.0,8.0
2022-04-14,169.0,9.0,52.0,38.5,15.0
2022-04-15,159.0,6.0,62.0,27.0,19.0
2022-04-16,163.0,11.0,61.0,15.5,20.0
2022-04-17,177.0,12.0,62.0,4.0,20.0
2022-04-18,183.0,8.0,31.0,3.0,13.0
2022-04-19,161.0,9.0,39.0,14.0,17.0
2022-04-20,114.0,11.0,37.0,10.0,14.0
2022-04-21,133.0,11.0,38.0,10.0,13.0
2022-04-22,163.0,12.0,46.0,10.0,14.0
2022-04-23,169.0,7.0,53.0,10.0,18.0
2022-04-24,166.0,9.0,54.0,7.0,16.0
2022-04-25,170.0,8.0,62.0,2.0,24.0
2022-04-26,187.0,57.0,50.0,2.0,20.0
2022-04-27,211.0,2.0,37.0,2.0,14.0
2022-04-28,167.0,6.0,34.0,2.0,15.0
2022-04-29,166.0,12.0,39.0,2.0,13.0
2022-04-30,156.0,10.0,37.0,2.0,13.0
2022-05-01,142.0,8.0,42.0,2.0,12.0
2022-05-02,154.0,9.0,36.0,2.0,11.0
2022-05-03,108.0,10.0,32.0,2.0,10.0
2022-05-04,122.0,9.0,32.0,2.0,13.0
2022-05-05,114.0,9.0,35.0,2.0,13.0
2022-05-06,150.0,13.0,36.0,2.0,13.0
2022-05-07,146.0,9.0,40.0,2.0,12.0
2022-05-08,152.0,10.0,43.0,2.0,14.0
2022-05-09,132.0,9.0,32.0,2.0,13.0
2022-05-10,101.0,11.0,29.0,2.0,11.0
2022-05-11,127.0,9.0,27.0,2.0,15.0
2022-05-12,124.0,10.0,29.0,2.0,16.0
2022-05-13,155.0,10.0,26.0,2.0,14.0
2022-05-14,123.0,10.0,30.0,2.0,15.0
2022-05-15,157.0,12.0,29.0,2.0,14.0
2022-05-16,155.0,13.0,31.0,2.0,16.0
2022-05-17,137.0,7.0,30.0,2.0,14.0
2022-05-18,153.0,15.0,33.0,2.0,14.0
2022-05-19,155.0,8.0,33.0,2.0,13.0
2022-05-20,138.0,11.0,31.0,2.0,13.0
2022-05-21,115.0,12.0,39.0,2.0,11.0
2022-05-22,111.0,11.0,42.0,2.0,13.0
2022-05-23,132.0,10.0,41.0,2.0,13.0
2022-05-24,138.0,10.0,40.0,2.0,13.0
2022-05-25,127.0,8.0,38.0,2.0,12.0
2022-05-26,132.0,12.0,41.0,2.0,14.0
2022-05-27,137.0,9.0,34.0,2.0,13.0
2022-05-28,152.0,9.0,33.0,2.0,13.0
2022-05-29,128.0,7.0,29.0,2.0,16.0
2022-05-30,159.0,8.0,28.0,2.0,16.0
2022-05-31,160.0,10.0,28.0,2.0,16.0
2022-06-01,161.0,12.0,26.0,2.0,15.0
2022-06-02,155.0,9.0,27.0,2.0,16.0
2022-06-03,157.0,10.0,23.0,2.0,15.0
2022-06-04,154.0,11.0,25.0,2.0,14.0
2022-06-05,151.0,11.0,25.0,2.0,16.0
2022-06-06,144.0,12.0,24.0,2.0,16.0
2022-06-07,147.0,9.0,24.0,2.0,15.0
2022-06-08,152.0,9.0,25.0,2.0,16.0
2022-06-09,134.0,13.0,25.0,2.0,15.0
2022-06-10,144.0,10.0,25.0,2.0,16.0
2022-06-11,149.0,12.0,25.0,2.0,10.0
2022-06-12,152.0,9.0,27.0,2.0,12.0
2022-06-13,138.0,8.0,25.0,2.0,9.0
2022-06-14,142.0,3.0,27.0,2.0,9.0
2022-06-15,134.0,2.0,28.0,2.0,9.0
2022-06-16,102.0,2.0,30.0,2.0,10.0
2022-06-17,97.0,3.0,22.0,2.0,8.0
2022-06-18,89.0,5.0,23.0,2.0,11.0
2022-06-19,72.0,7.0,24.0,2.0,12.0
2022-06-20,80.0,7.0,27.0,2.0,12.0
2022-06-21,88.0,7.0,33.0,2.0,10.0
2022-06-22,135.0,7.0,34.0,2.0,13.0
2022-06-23,136.0,7.0,29.0,2.0,9.0
2022-06-24,141.0,11.0,21.0,2.0,7.0
2022-06-25,108.0,6.0,23.0,2.0,11.0
2022-06-26,120.0,9.0,22.0,2.0,11.0
2022-06-27,114.0,8.0,24.0,2.0,10.0
2022-06-28,126.0,7.0,22.0,2.0,9.0
2022-06-29,98.0,11.0,23.0,2.0,12.0
2022-06-30,128.0,13.0,21.0,2.0,6.0
2022-07-01,108.0,15.0,21.0,2.0,11.0
2022-07-02,108.0,7.0,26.0,2.0,7.0
2022-07-03,111.0,7.0,27.0,2.0,8.0
2022-07-04,131.0,11.0,31.0,2.0,12.0
2022-07-05,116.0,10.0,28.0,2.0,7.0
2022-07-06,75.0,12.0,28.0,2.0,11.0
2022-07-07,86.0,8.0,30.0,2.0,8.0
2022-07-08,98.0,7.0,29.0,2.0,8.0
2022-07-09,75.0,10.0,28.0,2.0,9.0
2022-07-10,76.0,12.0,31.0,2.0,10.0
2022-07-11,69.0,11.0,28.0,2.0,9.0
2022-07-12,72.0,6.0,22.0,2.0,10.0
2022-07-13,87.0,8.0,21.0,2.0,8.0
2022-07-14,80.0,6.0,23.0,2.0,8.0
2022-07-15,78.0,6.0,22.0,2.0,10.0
2022-07-16,86.0,9.0,26.0,2.0,8.0
2022-07-17,79.0,5.0,26.0,2.0,9.0
2022-07-18,85.0,5.0,30.0,2.0,9.0
2022-07-19,97.0,7.0,27.0,2.0,10.0
2022-07-20,110.0,17.0,21.0,2.0,10.0
2022-07-21,114.0,26.0,19.0,2.0,7.0
2022-07-22,108.0,30.0,20.0,1.0,8.0
2022-07-23,98.0,27.0,20.0,1.0,9.0
2022-07-24,83.0,23.0,21.0,3.0,10.0
2022-07-25,88.0,28.0,20.0,2.0,8.0
2022-07-26,104.0,24.0,18.0,4.0,12.0
2022-07-27,86.0,35.0,16.0,3.0,9.0
2022-07-28,100.0,28.0,17.0,2.0,21.0
2022-07-29,100.0,31.0,17.0,1.0,8.0
2022-07-30,102.0,22.0,19.0,1.5,9.0
2022-07-31,75.0,29.0,16.0,2.0,14.0
2022-08-01,79.0,32.0,19.0,3.0,13.0
2022-08-02,109.0,28.0,21.0,3.0,9.0
2022-08-03,108.0,30.0,22.0,4.0,22.0
2022-08-04,128.0,28.0,21.0,3.0,7.0
2022-08-05,119.0,28.0,19.0,3.0,7.0
2022-08-06,119.0,35.0,20.0,4.0,12.0
2022-08-07,92.0,28.0,22.0,3.0,6.0
2022-08-08,80.0,27.0,21.0,2.0,15.0
2022-08-09,59.0,22.0,21.0,2.0,16.0
2022-08-10,57.0,25.0,22.0,2.0,6.0
2022-08-11,50.0,27.0,23.0,3.0,7.0
2022-08-12,67.0,32.0,25.0,3.0,11.0
2022-08-13,106.0,23.0,20.0,2.0,8.0
2022-08-14,52.0,23.0,18.0,3.0,14.0
2022-08-15,50.0,29.0,19.0,2.0,11.0
2022-08-16,76.0,23.0,16.0,2.0,14.0
2022-08-17,105.0,20.0,15.0,2.0,6.0
2022-08-18,72.0,21.0,15.0,3.0,3.0
2022-08-19,39.0,21.0,14.0,3.0,6.0
2022-08-20,62.0,21.0,15.0,2.0,4.0
2022-08-21,69.0,25.0,16.0,2.0,5.0
2022-08-22,98.0,26.0,16.0,1.0,3.0
2022-08-23,113.0,26.0,17.0,2.0,5.0
2022-08-24,102.0,23.0,18.0,3.0,6.0
2022-08-25,112.0,29.0,15.0,1.0,3.0
2022-08-26,127.0,23.0,15.0,2.0,4.0
2022-08-27,110.0,19.0,17.0,2.0,4.0
2022-08-28,80.0,22.0,19.0,3.0,5.0
2022-08-29,122.0,21.0,18.0,2.0,4.0
2022-08-30,152.0,17.0,16.0,1.0,3.0
2022-08-31,133.0,25.0,15.0,2.0,4.0
2022-09-01,129.0,22.0,15.0,1.0,3.0
2022-09-02,119.0,17.0,14.0,3.0,5.0
2022-09-03,90.0,23.0,16.0,2.0,5.0
2022-09-04,105.0,22.0,17.0,2.5,2.0
2022-09-05,101.0,15.0,19.0,3.0,6.0
2022-09-06,127.0,15.0,20.0,1.0,3.0
2022-09-07,151.0,14.0,18.0,2.0,5.0
2022-09-08,135.0,15.0,18.0,2.0,4.0
2022-09-09,113.0,17.0,18.0,1.0,3.0
2022-09-10,112.0,14.0,18.0,2.0,5.0
2022-09-11,73.0,13.0,13.0,1.0,3.0
2022-09-12,80.0,13.0,15.0,2.0,5.0
2022-09-13,76.0,11.0,16.0,3.0,6.0
2022-09-14,102.0,12.0,16.0,2.0,5.0
2022-09-15,85.0,14.0,15.0,2.0,4.0
2022-09-16,81.0,12.0,16.0,2.0,5.0
2022-09-17,67.0,14.0,16.0,3.0,5.0
2022-09-18,94.0,13.0,18.0,2.0,5.0
2022-09-19,112.0,13.0,19.0,1.0,3.0
2022-09-20,81.0,13.0,18.0,2.0,4.0
2022-09-21,76.0,14.0,17.0,2.0,5.0
2022-09-22,106.0,13.0,19.0,1.0,3.0
2022-09-23,123.0,12.0,20.0,2.0,5.0
2022-09-24,120.0,13.0,18.0,1.0,3.0
2022-09-25,138.0,12.0,18.0,2.0,4.0
2022-09-26,135.0,12.0,18.0,2.0,4.0
2022-09-27,130.0,11.0,18.0,2.0,4.0
2022-09-28,115.0,11.0,18.0,2.0,5.0
2022-09-29,119.0,11.0,19.0,3.0,5.0
2022-09-30,117.0,12.0,21.0,1.0,2.0
2022-10-01,151.0,12.0,18.0,2.0,4.0
2022-10-02,147.0,11.0,19.0,2.0,5.0
2022-10-03,124.0,11.0,18.0,2.0,4.0
2022-10-04,71.0,11.0,18.0,2.0,4.0
2022-10-05,78.0,11.0,18.0,2.0,4.0
2022-10-06,79.0,11.0,17.0,2.0,4.0
2022-10-07,68.0,11.0,19.0,2.0,3.0
2022-10-08,86.0,17.0,18.0,2.0,4.0
2022-10-09,108.0,17.0,22.0,2.0,4.0
2022-10-10,97.0,17.0,22.0,3.0,7.0
2022-10-11,105.0,17.0,20.0,3.0,5.0
2022-10-12,102.0,17.0,23.0,2.0,5.0
2022-10-13,104.0,17.0,27.0,1.0,3.0
2022-10-14,110.0,17.0,24.0,2.0,4.0
2022-10-15,140.0,17.0,26.0,2.0,4.0
2022-10-16,128.0,17.0,26.125,2.0,4.0
2022-10-17,132.375,17.0,26.25,2.0,4.0
2022-10-18,136.75,17.0,26.375,2.0,4.0
2022-10-19,141.125,17.0,26.5,2.0,4.0
2022-10-20,145.5,17.0,26.625,2.0,4.0
2022-10-21,149.875,17.0,26.75,2.0,4.0
2022-10-22,154.25,17.0,26.875,2.0,4.0
2022-10-23,158.625,17.0,27.0,2.0,4.0
2022-10-24,163.0,17.0,25.0,2.0,4.0
2022-10-25,148.0,17.0,30.0,1.0,3.0
2022-10-26,169.0,17.0,33.0,2.0,4.0
2022-10-27,185.0,17.0,36.0,1.0,3.0
2022-10-28,180.0,17.0,35.0,2.0,5.0
2022-10-29,211.0,17.0,33.0,1.0,3.0
2022-10-30,177.0,17.0,31.0,1.0,3.0
2022-10-31,153.0,17.0,31.0,1.0,2.0
2022-11-01,141.0,18.0,31.0,1.0,3.0
2022-11-02,162.0,17.0,33.0,1.0,2.0
2022-11-03,173.0,17.0,41.0,2.0,5.0
2022-11-04,180.0,17.0,46.0,1.0,3.0
2022-11-05,204.0,17.0,44.0,1.0,3.0
2022-11-06,205.0,17.0,36.0,1.0,2.0
2022-11-07,171.0,17.0,35.0,2.0,4.0
2022-11-08,178.0,18.0,30.0,1.0,3.0
2022-11-09,180.0,17.0,33.0,1.0,3.0
2022-11-10,188.0,18.0,30.0,2.0,3.0
2022-11-11,195.0,17.0,35.0,2.0,5.0
2022-11-12,212.0,20.0,37.0,1.0,3.0
2022-11-13,184.0,22.0,42.0,1.0,3.0
2022-11-14,217.0,20.0,44.0,1.0,2.0
2022-11-15,242.0,19.0,41.0,2.0,3.0
2022-11-16,199.0,19.0,40.0,1.0,2.0
2022-11-17,189.0,20.0,42.0,3.0,5.0
2022-11-18,190.0,26.0,44.0,3.0,6.0
2022-11-19,216.0,28.0,41.0,1.0,2.0
2022-11-20,199.0,26.0,42.0,1.0,3.0
2022-11-21,218.0,22.0,46.0,1.0,3.0
2022-11-22,212.0,21.0,45.0,1.5,1.0
2022-11-23,203.0,26.0,38.0,2.0,4.0
2022-11-24,215.0,26.0,41.0,2.0,4.0
2022-11-25,223.0,26.0,45.0,2.0,4.0
2022-11-26,228.0,26.0,48.0,1.0,3.0
2022-11-27,246.0,21.0,54.0,2.0,3.0
2022-11-28,265.0,19.0,52.0,2.0,4.0
2022-11-29,281.0,19.0,41.0,1.0,3.0
2022-11-30,306.0,21.0,41.0,4.0,7.0
2022-12-01,247.0,36.0,43.0,7.0,12.0
2022-12-02,234.0,38.0,61.0,9.0,16.0
2022-12-03,257.0,42.0,49.0,10.0,19.0
2022-12-04,272.0,42.0,44.0,5.0,10.0
2022-12-05,235.0,45.0,44.0,6.0,12.0
2022-12-06,256.0,46.0,44.0,9.0,17.0
2022-12-07,274.0,52.0,52.0,4.0,8.0
2022-12-08,303.0,54.0,50.0,6.0,12.0
2022-12-09,289.0,50.0,50.0,8.0,14.0
2022-12-10,260.0,48.0,46.0,4.0,8.0
2022-12-11,285.0,47.0,54.0,12.0,22.0
2022-12-12,294.0,40.0,52.0,8.0,15.0
2022-12-13,304.0,40.0,43.0,4.0,8.0
2022-12-14,211.0,37.0,71.0,4.0,7.0
2022-12-15,186.0,33.0,106.0,8.0,16.0
2022-12-16,226.0,33.0,107.0,10.0,19.0
2022-12-17,318.0,38.0,107.0,12.0,21.0
2022-12-18,340.0,37.0,108.0,8.0,15.0
2022-12-19,332.0,38.0,100.0,6.0,11.0
2022-12-20,351.0,30.0,83.0,7.0,13.0
2022-12-21,303.0,41.0,81.0,9.0,17.0
2022-12-22,224.0,35.0,89.0,11.0,21.0
2022-12-23,282.0,21.0,90.0,7.0,14.0
2022-12-24,269.0,29.0,91.0,8.0,15.0
2022-12-25,272.0,26.0,74.0,10.0,19.0
2022-12-26,279.0,33.0,48.0,7.0,14.0
2022-12-27,225.0,29.0,28.0,3.0,6.0
2022-12-28,255.0,32.0,32.0,4.0,8.0
2022-12-29,307.0,22.0,31.0,9.0,18.0
2022-12-30,365.0,26.0,30.0,13.0,25.0
2022-12-31,367.0,18.0,28.0,8.0,15.0
2023-01-01,326.0,21.0,26.0,3.0,6.0
2023-01-02,208.0,19.0,25.0,2.0,4.0
2023-01-03,178.0,22.0,25.0,2.0,5.0
2023-01-04,205.0,23.0,26.0,5.0,9.0
2023-01-05,198.0,21.0,26.0,5.0,9.0
2023-01-06,237.0,20.0,25.0,2.0,5.0
2023-01-07,247.0,22.0,27.0,4.0,7.0
2023-01-08,271.0,17.0,27.0,6.0,12.0
2023-01-09,280.0,25.0,28.0,5.0,10.0
2023-01-10,261.0,28.0,28.0,5.0,9.0
2023-01-11,262.0,20.0,28.0,6.0,11.0
2023-01-12,279.0,21.0,29.0,7.0,13.0
2023-01-13,244.0,30.0,31.0,8.0,16.0
2023-01-14,319.0,27.0,27.0,10.0,18.0
2023-01-15,232.0,31.0,29.0,5.0,10.0
2023-01-16,253.0,37.0,32.0,4.0,7.0
2023-01-17,241.0,37.0,32.0,4.0,7.0
2023-01-18,272.0,38.0,32.0,5.0,10.0
2023-01-19,295.0,40.0,33.0,6.0,11.0
2023-01-20,282.0,33.0,33.0,3.0,6.0
2023-01-21,256.0,28.0,29.0,3.0,7.0
2023-01-22,267.0,28.0,30.0,7.0,13.0
2023-01-23,241.0,29.0,33.0,4.0,8.0
2023-01-24,269.0,34.0,33.0,7.0,13.0
2023-01-25,276.0,28.0,29.0,6.0,11.0
2023-01-26,229.0,29.0,28.0,2.0,4.0
2023-01-27,173.0,34.0,26.0,1.0,3.0
2023-01-28,186.0,41.0,32.0,3.0,6.0
2023-01-29,219.0,46.0,30.0,3.0,6.0
2023-01-30,218.0,37.0,23.0,1.0,2.0
2023-01-31,184.0,29.0,20.0,1.0,2.0
2023-02-01,164.0,29.0,21.0,1.0,2.0
2023-02-02,178.0,40.0,23.0,1.0,2.0
2023-02-03,198.0,35.0,27.0,1.0,2.0
2023-02-04,213.0,43.0,29.0,2.0,3.0
2023-02-05,207.0,42.0,28.0,1.0,2.0
2023-02-06,203.0,48.0,28.0,1.0,2.0
2023-02-07,198.0,43.0,28.0,1.0,1.0
2023-02-08,200.0,45.0,30.0,1.0,1.0
2023-02-09,158.0,61.0,33.0,1.0,1.0
2023-02-10,190.0,57.0,37.0,1.0,3.0
2023-02-11,190.0,37.0,30.0,1.0,3.0
2023-02-12,165.0,41.0,26.0,1.0,3.0
2023-02-13,128.0,49.0,31.0,1.0,3.0
2023-02-14,170.0,54.0,33.0,2.0,3.0
2023-02-15,194.0,59.0,34.0,2.0,5.0
2023-02-16,209.0,51.0,32.0,2.0,4.0
2023-02-17,180.0,55.0,27.0,2.0,5.0
2023-02-18,211.0,45.0,30.0,3.0,6.0
2023-02-19,194.0,46.0,31.0,2.0,5.0
2023-02-20,190.0,51.0,31.0,2.0,4.0
2023-02-21,190.0,46.0,32.0,3.0,5.0
2023-02-22,170.0,41.0,32.0,3.0,5.0
2023-02-23,150.0,47.0,31.0,2.0,3.0
2023-02-24,149.0,53.0,30.0,2.0,3.0
2023-02-25,150.0,54.0,31.0,2.0,4.0
2023-02-26,160.0,47.0,32.0,2.0,3.0
2023-02-27,162.0,53.0,30.0,2.0,3.0
2023-02-28,169.0,46.0,31.0,2.0,4.0
2023-03-01,156.0,45.0,30.0,1.0,3.0
2023-03-02,156.0,43.0,29.0,1.5,1.0
2023-03-03,142.0,36.0,25.0,2.0,1.0
2023-03-04,143.0,39.0,26.0,2.5,3.0
2023-03-05,144.0,36.0,26.0,3.0,5.0
2023-03-06,127.0,43.0,28.0,3.5,7.0
2023-03-07,148.0,36.0,28.0,4.0,9.0
2023-03-08,158.0,43.0,27.0,5.0,10.0
2023-03-09,144.0,42.0,30.0,5.0,9.0
2023-03-10,136.0,42.0,29.0,5.0,9.0
2023-03-11,144.0,47.0,33.0,5.0,9.0
2023-03-12,159.0,48.0,32.0,5.0,9.0
2023-03-13,159.0,49.0,31.0,5.0,10.0
2023-03-14,164.0,43.0,31.0,5.0,9.0
2023-03-15,220.0,42.0,29.0,5.0,10.0
2023-03-16,170.0,31.0,27.0,5.0,10.0
2023-03-17,166.0,53.0,28.0,5.0,9.0
2023-03-18,175.0,23.0,24.0,4.0,8.0
2023-03-19,131.0,11.0,23.0,5.0,9.0
2023-03-20,153.0,25.0,24.0,5.0,9.0
2023-03-21,151.0,22.0,24.0,5.0,9.0
2023-03-22,83.0,23.0,25.0,5.0,10.0
2023-03-23,120.0,36.0,25.0,5.0,10.0
2023-03-24,140.0,27.0,27.0,6.0,11.0
2023-03-25,166.0,26.0,25.0,5.0,10.0
2023-03-26,116.0,25.0,25.0,5.0,9.0
2023-03-27,107.0,29.0,24.0,5.0,10.0
2023-03-28,110.0,32.0,28.0,5.0,10.0
2023-03-29,138.0,34.0,27.0,5.0,10.0
2023-03-30,136.0,16.0,26.0,6.0,11.0
2023-03-31,157.0,19.0,26.666666666666668,4.666666666666667,8.666666666666666
2023-04-01,139.66666666666666,22.0,27.333333333333332,3.3333333333333335,6.333333333333333
2023-04-02,122.33333333333334,25.0,28.0,2.0,4.0
2023-04-03,105.0,26.0,30.0,1.0,3.0
2023-04-04,136.0,20.0,29.0,3.0,5.0
2023-04-05,119.0,25.0,27.0,3.0,6.0
2023-04-06,140.0,24.0,26.0,2.0,4.0
2023-04-07,118.0,31.0,26.0,2.0,3.0
2023-04-08,133.0,30.0,28.0,1.0,2.0
2023-04-09,128.0,30.0,28.0,1.0,2.0
2023-04-10,121.0,29.0,26.0,2.0,3.0
2023-04-11,124.0,29.0,28.0,3.0,5.0
2023-04-12,140.0,25.0,27.0,2.0,5.0
2023-04-13,141.0,33.0,29.0,1.0,3.0
2023-04-14,148.0,33.0,28.0,2.0,4.0
2023-04-15,157.0,33.0,30.0,2.0,4.0
2023-04-16,151.0,31.0,31.0,2.0,4.0
2023-04-17,150.0,28.0,30.0,2.0,4.0
2023-04-18,142.0,23.0,27.0,1.0,3.0
2023-04-19,145.0,28.0,28.0,2.0,3.0
2023-04-20,153.0,23.0,27.0,2.0,4.0
2023-04-21,220.0,22.0,27.0,2.0,4.0
2023-04-22,82.0,26.0,29.0,2.0,4.0
2023-04-23,99.0,19.0,29.0,2.0,4.0
2023-04-24,101.0,21.0,27.0,2.0,5.0
2023-04-25,137.0,20.0,30.0,2.0,5.0
2023-04-26,149.0,24.0,29.0,2.0,5.0
2023-04-27,140.0,19.0,29.0,2.0,4.0
2023-04-28,140.0,19.0,27.0,1.0,3.0
2023-04-29,136.0,17.0,24.0,2.0,4.0
2023-04-30,141.0,14.0,19.0,2.0,4.0
2023-05-01,140.0,12.0,18.0,2.0,4.0
2023-05-02,101.0,8.0,19.0,2.0,3.0
2023-05-03,135.0,8.0,19.0,1.0,3.0
2023-05-04,110.0,8.0,19.0,2.0,5.0
2023-05-05,106.0,8.0,23.0,2.0,5.0
2023-05-06,116.0,8.0,23.0,1.6666666666666667,1.0
2023-05-07,147.0,8.0,27.0,1.3333333333333335,2.0
2023-05-08,144.0,8.0,25.0,1.0,2.0
2023-05-09,129.0,8.0,27.0,1.0,2.0
2023-05-10,128.0,8.0,29.0,1.0,2.0
2023-05-11,155.0,8.0,30.0,2.0,4.0
2023-05-12,150.0,8.0,18.0,2.0,4.0
2023-05-13,155.0,8.0,20.0,1.0,2.0
2023-05-14,153.0,8.0,21.0,3.0,6.0
2023-05-15,104.0,8.0,18.0,2.0,4.0
2023-05-16,162.0,8.0,18.0,3.0,6.0
2023-05-17,127.0,8.0,17.0,7.0,12.0
2023-05-18,94.0,8.0,16.0,4.0,8.0
2023-05-19,108.0,8.0,16.333333333333332,3.6666666666666665,7.0
2023-05-20,113.33333333333333,8.0,16.666666666666668,3.3333333333333335,6.0
2023-05-21,118.66666666666667,8.0,17.0,3.0,5.0
2023-05-22,124.0,8.0,16.0,2.0,4.0
2023-05-23,99.0,8.0,16.0,2.0,4.0
2023-05-24,94.0,8.0,18.0,3.0,5.0
2023-05-25,116.0,8.0,18.0,5.0,9.0
2023-05-26,101.0,8.0,13.0,2.0,4.0
2023-05-27,102.0,8.0,17.0,3.0,6.0
2023-05-28,111.0,8.0,19.0,5.0,9.0
2023-05-29,122.0,8.0,20.0,3.0,6.0
2023-05-30,124.0,8.0,21.0,4.0,7.0
2023-05-31,122.0,8.0,22.0,3.0,6.0
2023-06-01,85.0,8.0,26.0,5.0,9.0
2023-06-02,93.0,8.0,26.0,3.0,6.0
2023-06-03,85.0,18.0,26.0,2.0,4.0
2023-06-04,111.0,28.0,19.0,4.0,8.0
2023-06-05,120.0,20.0,20.0,3.0,6.0
2023-06-06,132.0,19.0,19.0,1.0,3.0
2023-06-07,110.0,26.0,23.0,1.0,2.0
2023-06-08,102.0,19.0,25.0,1.0,2.0
2023-06-09,97.0,22.0,21.0,1.0,2.0
2023-06-10,113.0,20.0,21.0,1.0,3.0
2023-06-11,109.0,19.0,18.0,1.0,2.0
2023-06-12,106.0,19.0,20.0,1.0,2.0
2023-06-13,111.0,17.0,20.0,1.0,3.0
2023-06-14,118.0,14.0,19.0,3.0,5.0
2023-06-15,112.0,14.0,19.0,2.0,3.0
2023-06-16,82.0,14.0,20.0,1.0,2.0
2023-06-17,89.0,10.0,19.0,1.0,2.0
2023-06-18,122.0,8.0,21.0,1.0,3.0
2023-06-19,97.0,9.0,21.0,2.0,4.0
2023-06-20,103.0,9.0,21.0,2.0,4.0
2023-06-21,113.0,7.0,21.0,1.0,2.0
2023-06-22,155.0,7.0,20.0,1.0,3.0
2023-06-23,133.0,9.0,18.0,1.0,2.0
2023-06-24,110.0,7.0,19.0,1.0,3.0
2023-06-25,122.0,7.0,15.0,1.0,2.5
2023-06-26,207.0,6.0,17.0,1.0,2.0
2023-06-27,233.0,7.0,15.0,1.0,3.0
2023-06-28,116.0,7.0,14.0,1.0,3.0
2023-06-29,66.0,7.0,12.0,1.0,3.0
2023-06-30,92.0,7.0,12.0,1.0,3.0
2023-07-01,67.0,7.0,13.0,2.0,3.0
2023-07-02,70.0,8.0,13.0,2.0,4.0
2023-07-03,79.0,9.0,13.0,2.0,5.0
2023-07-04,93.0,7.0,14.0,3.0,6.0
2023-07-05,72.0,7.0,14.0,3.0,5.0
2023-07-06,69.0,6.0,13.0,3.0,6.0
2023-07-07,62.0,6.0,14.0,3.0,6.0
2023-07-08,71.0,6.0,14.0,2.0,5.0
2023-07-09,84.0,7.0,14.0,2.0,4.0
2023-07-10,85.0,7.0,15.0,2.0,5.0
2023-07-11,93.0,7.0,14.0,2.0,4.0
2023-07-12,81.0,7.0,15.0,3.0,6.0
2023-07-13,91.0,7.0,14.0,3.0,6.0
2023-07-14,93.0,7.0,15.0,3.0,7.0
2023-07-15,82.0,7.0,15.0,3.0,6.0
2023-07-16,72.0,7.0,16.0,3.0,6.0
2023-07-17,70.0,7.0,16.0,2.0,4.0
2023-07-18,73.0,7.0,16.0,2.0,4.0
2023-07-19,81.0,12.0,15.0,2.0,4.0
2023-07-20,69.0,8.0,15.0,2.0,6.0
2023-07-21,70.0,8.0,16.0,3.0,9.0
2023-07-22,69.0,7.0,15.0,2.0,7.0
2023-07-23,55.0,7.0,16.0,1.0,4.0
2023-07-24,65.0,9.0,16.0,1.0,4.0
2023-07-25,85.0,6.0,17.0,1.0,5.0
2023-07-26,65.0,6.0,18.0,2.0,6.0
2023-07-27,61.0,7.0,17.0,3.0,8.0
2023-07-28,66.0,11.0,16.0,2.0,7.0
2023-07-29,67.0,7.0,17.0,1.0,5.0
2023-07-30,67.0,9.0,18.0,1.0,4.0
2023-07-31,71.0,7.0,20.0,2.0,6.0
2023-08-01,104.0,6.0,18.0,3.0,8.0
2023-08-02,106.0,6.0,18.0,3.0,9.0
2023-08-03,110.0,7.0,18.0,2.0,7.0
2023-08-04,62.0,6.0,16.0,2.0,5.0
2023-08-05,68.0,6.0,17.0,1.0,5.0
2023-08-06,73.0,6.0,17.0,2.0,5.0
2023-08-07,65.0,6.0,16.0,2.0,6.0
2023-08-08,75.0,6.0,17.0,2.0,7.0
2023-08-09,65.0,7.0,53.0,3.0,6.0
2023-08-10,91.0,21.0,62.0,2.0,7.0
2023-08-11,79.0,17.0,17.0,5.0,13.0
2023-08-12,94.0,16.0,18.0,5.0,13.0
2023-08-13,92.0,17.0,21.0,7.0,13.0
2023-08-14,114.0,18.0,20.0,6.0,9.0
2023-08-15,103.0,18.0,21.0,6.0,9.0
2023-08-16,89.0,15.0,21.0,1.0,2.0
2023-08-17,75.0,12.0,24.0,1.0,2.0
2023-08-18,95.0,10.0,26.0,1.0,2.0
2023-08-19,74.0,11.0,25.0,1.0,2.0
2023-08-20,86.0,12.0,24.0,2.0,3.0
2023-08-21,95.0,13.0,22.0,3.0,4.0
2023-08-22,74.0,12.0,20.0,2.0,3.0
2023-08-23,80.0,14.0,19.0,2.0,3.0
2023-08-24,55.0,10.0,20.0,2.0,4.0
2023-08-25,46.0,16.0,18.0,2.0,4.0
2023-08-26,50.0,12.0,20.0,3.0,4.0
2023-08-27,53.0,14.0,21.0,3.0,4.0
2023-08-28,54.0,14.0,23.0,2.0,3.0
2023-08-29,59.0,15.0,23.0,2.0,3.0
2023-08-30,55.0,18.0,23.0,2.0,4.0
2023-08-31,66.0,19.0,22.0,1.0,2.0
2023-09-01,77.0,18.0,24.0,3.0,4.0
2023-09-02,75.0,17.0,24.0,3.0,5.0
2023-09-03,67.0,16.0,3.0,1.0,1.0
2023-09-04,47.0,11.0,1.0,1.0,1.0
2023-09-05,52.0,10.0,1.0,1.5,1.0
2023-09-06,59.0,9.0,2.0,2.0,3.0
2023-09-07,50.0,7.0,2.0,2.0,3.0
2023-09-08,38.0,9.0,1.0,6.0,9.0
2023-09-09,45.0,10.0,2.0,2.0,4.0
2023-09-10,65.0,10.0,3.0,3.0,4.0
2023-09-11,69.0,13.0,3.0,2.0,4.0
2023-09-12,86.0,13.0,4.0,3.0,5.0
2023-09-13,74.0,10.0,4.0,2.0,3.0
2023-09-14,44.0,12.0,3.0,3.0,4.0
2023-09-15,54.0,12.0,4.0,3.0,4.0
2023-09-16,56.0,11.0,4.0,3.0,4.0
2023-09-17,54.0,8.0,5.0,3.0,4.0
2023-09-18,48.0,6.0,5.0,3.0,4.0
2023-09-19,49.0,7.0,5.0,3.0,5.0
2023-09-20,43.0,7.0,5.0,3.0,4.0
2023-09-21,27.0,7.0,5.0,2.0,4.0
2023-09-22,31.0,6.0,5.0,2.0,3.0
2023-09-23,34.0,6.0,5.0,3.0,4.0
2023-09-24,40.0,7.0,5.0,2.0,4.0
2023-09-25,53.0,8.0,7.0,3.0,4.0
2023-09-26,90.0,9.0,7.0,3.0,4.0
2023-09-27,98.0,7.0,6.0,2.0,3.0
2023-09-28,89.0,9.0,5.0,2.0,3.0
2023-09-29,64.0,8.0,5.0,2.0,3.0
2023-09-30,47.0,9.0,5.0,2.0,4.0
2023-10-01,39.0,7.0,5.0,2.0,3.0
2023-10-02,36.0,5.0,5.0,2.0,3.0
2023-10-03,32.0,6.0,5.0,2.0,3.0
2023-10-04,18.0,7.0,5.0,2.0,4.0
2023-10-05,44.0,8.0,5.0,2.0,3.0
2023-10-06,61.0,5.0,5.0,3.0,4.0
2023-10-07,71.0,6.0,5.0,2.0,3.0
2023-10-08,94.0,7.0,5.0,3.0,5.0
2023-10-09,101.0,6.0,5.0,5.0,7.0
2023-10-10,89.0,5.0,6.0,4.0,6.0
2023-10-11,91.0,4.0,6.0,5.0,7.0
2023-10-12,101.0,5.0,6.0,3.0,4.0
2023-10-13,106.0,5.0,6.0,12.0,14.0
2023-10-14,99.0,6.0,7.0,21.0,20.0
2023-10-15,93.0,6.0,7.0,7.0,7.0
2023-10-16,108.0,6.0,4.0,4.0,4.0
2023-10-17,83.0,6.0,4.0,2.0,2.0
2023-10-18,66.0,5.0,5.0,3.0,3.0
2023-10-19,69.0,5.0,6.0,3.0,2.0
2023-10-20,80.0,5.0,5.0,3.0,3.0
2023-10-21,88.0,5.0,5.0,1.0,1.0
2023-10-22,98.0,4.0,5.0,1.0,1.0
2023-10-23,91.0,6.0,6.0,1.0,1.0
2023-10-24,83.0,5.0,5.0,1.0,1.0
2023-10-25,83.0,4.0,5.0,1.0,1.0
2023-10-26,84.0,5.0,5.0,1.0,1.0
2023-10-27,94.0,4.0,5.0,1.0,1.0
2023-10-28,110.0,4.0,5.0,1.0,1.0
2023-10-29,106.0,4.0,6.0,1.0,1.0
2023-10-30,111.0,4.0,6.0,1.0,1.0
2023-10-31,122.0,5.0,6.0,2.0,1.0
2023-11-01,122.0,4.0,5.0,1.0,1.0
2023-11-02,127.0,5.0,5.0,2.0,2.0
2023-11-03,133.0,4.0,5.0,1.0,1.0
2023-11-04,144.0,4.0,5.0,2.0,1.0
2023-11-05,138.0,4.0,5.0,3.0,2.0
2023-11-06,153.0,4.0,6.0,3.0,2.0
2023-11-07,170.0,4.0,6.0,4.0,4.0
2023-11-08,155.0,4.0,7.0,2.0,2.0
2023-11-09,168.0,4.0,7.0,3.0,3.0
2023-11-10,179.0,5.0,7.0,3.0,2.0
2023-11-11,191.0,5.25,6.875,2.8,1.9
2023-11-12,182.875,5.5,6.75,2.6,1.8
2023-11-13,174.75,5.75,6.625,2.4,1.7
2023-11-14,166.625,6.0,6.5,2.2,1.6
2023-11-15,158.5,6.25,6.375,2.0,1.5
2023-11-16,150.375,6.5,6.25,1.8,1.4
2023-11-17,142.25,6.75,6.125,1.6,1.3
2023-11-18,134.125,7.0,6.0,1.4000000000000001,1.2000000000000002
2023-11-19,126.0,5.0,6.0,1.2000000000000002,1.1
2023-11-20,164.0,5.0,6.0,1.0,1.0
2023-11-21,152.0,5.0,6.0,1.0,1.0
2023-11-22,156.0,6.0,6.0,2.0,2.0
2023-11-23,171.0,5.0,6.0,6.0,5.0
2023-11-24,198.0,5.0,7.5,4.0,4.0
2023-11-25,195.0,5.0,9.0,5.0,4.0
2023-11-26,174.0,4.0,8.0,4.0,3.0
2023-11-27,118.0,5.0,7.0,2.0,2.0
2023-11-28,148.0,6.0,7.0,3.0,3.0
2023-11-29,164.0,6.0,7.0,4.0,3.0
2023-11-30,172.0,5.0,6.0,4.0,4.0
2023-12-01,179.0,6.0,9.0,4.0,3.0
2023-12-02,161.0,5.0,11.0,3.0,3.0
2023-12-03,154.0,6.0,2.0,4.0,3.0
2023-12-04,171.0,5.0,1.0,3.0,3.0
2023-12-05,138.0,10.0,1.5,3.5,3.0
2023-12-06,114.0,15.0,2.0,4.0,3.0
2023-12-07,90.0,5.0,2.0,4.0,3.0
2023-12-08,119.0,5.0,3.0,3.0,3.0
2023-12-09,126.0,5.0,3.0,3.0,3.0
2023-12-10,161.0,5.0,2.0,5.0,4.0
2023-12-11,166.0,5.0,3.0,5.0,5.0
2023-12-12,171.0,5.0,3.0,5.0,4.5
2023-12-13,179.5,5.0,3.0,5.0,4.0
2023-12-14,188.0,5.0,3.0,3.0,3.0
2023-12-15,184.0,5.0,2.0,2.0,2.0
2023-12-16,173.0,5.0,3.0,5.0,4.0
2023-12-17,178.0,5.0,4.0,10.0,10.0
2023-12-18,162.0,5.0,5.0,11.0,11.0
2023-12-19,173.0,6.0,2.0,12.0,11.0
2023-12-20,159.0,5.0,2.0,7.0,7.0
2023-12-21,214.0,5.0,2.0,9.0,8.0
2023-12-22,189.0,5.0,3.0,4.0,4.0
2023-12-23,148.0,5.0,3.0,5.0,4.0
2023-12-24,166.0,5.0,3.0,5.0,4.0
2023-12-25,129.0,5.0,3.0,4.0,4.0
2023-12-26,183.0,5.0,3.0,4.0,3.0
2023-12-27,184.0,5.0,3.0,3.0,3.0
2023-12-28,198.0,5.0,3.0,3.0,3.0
2023-12-29,175.0,6.0,3.0,1.0,1.0
2023-12-30,107.0,6.0,3.0,2.0,2.0
2023-12-31,123.0,5.0,3.0,3.0,2.0
2024-01-01,138.0,5.0,3.0,4.0,4.0
2024-01-02,167.0,4.5,3.0,4.0,3.0
2024-01-03,202.0,4.0,3.0,4.0,4.0
2024-01-04,184.0,4.0,3.0,2.0,2.0
2024-01-05,179.0,4.0,3.0,2.0,2.0
2024-01-06,197.0,4.0,3.0,3.0,3.0
2024-01-07,145.0,4.0,3.0,2.0,1.0
2024-01-08,172.0,4.0,3.0,2.0,1.0
2024-01-09,170.0,6.0,3.0,11.0,10.0
2024-01-10,156.0,9.0,40.0,20.0,18.0
2024-01-11,138.0,5.0,6.0,11.0,11.0
2024-01-12,176.0,6.0,5.0,11.0,10.0
2024-01-13,169.0,5.0,5.0,9.0,7.0
2024-01-14,122.0,5.0,5.0,19.0,15.0
2024-01-15,165.0,5.0,5.0,24.0,19.0
2024-01-16,146.0,5.0,5.0,29.0,23.0
2024-01-17,137.0,5.0,5.0,34.0,26.0
2024-01-18,152.0,5.0,5.0,36.0,28.0
2024-01-19,134.0,5.0,5.0,4.0,3.0
2024-01-20,160.0,5.0,5.0,6.0,4.0
2024-01-21,131.0,6.0,5.0,10.0,8.0
2024-01-22,179.0,5.0,5.0,14.0,11.0
2024-01-23,159.0,6.0,5.0,18.0,13.0
2024-01-24,151.0,5.0,5.0,2.0,1.0
2024-01-25,167.0,5.0,5.0,2.0,2.0
2024-01-26,169.0,6.0,5.0,2.0,2.0
2024-01-27,169.0,5.0,5.0,2.0,2.0
2024-01-28,164.0,5.0,5.0,2.0,2.0
2024-01-29,160.0,5.0,5.0,3.0,3.0
2024-01-30,154.0,5.0,5.0,3.0,3.0
2024-01-31,144.0,6.0,5.0,2.0,2.0
2024-02-01,142.0,5.0,5.0,2.0,2.0
2024-02-02,125.0,5.5,5.0,1.0,1.0
2024-02-03,64.0,6.0,4.0,2.0,1.0
2024-02-04,81.0,5.0,4.0,2.0,2.0
2024-02-05,171.0,5.0,4.0,2.0,2.0
2024-02-06,161.0,5.0,4.0,2.0,2.0
2024-02-07,162.0,5.0,4.0,2.0,2.0
2024-02-08,181.0,5.0,4.0,2.0,2.0
2024-02-09,160.0,7.0,4.0,2.0,2.0
2024-02-10,190.0,5.0,4.0,2.0,2.0
2024-02-11,171.0,6.0,4.0,3.0,2.0
2024-02-12,184.0,21.0,4.0,2.0,2.0
2024-02-13,167.0,14.0,4.0,2.0,2.0
2024-02-14,160.0,7.0,4.0,2.0,2.0
2024-02-15,146.0,10.0,4.0,2.0,2.0
2024-02-16,143.0,6.0,4.0,3.0,2.0
2024-02-17,164.0,7.0,4.0,3.0,2.0
2024-02-18,179.0,10.0,4.0,2.0,2.0
2024-02-19,164.0,34.0,4.0,2.0,2.0
2024-02-20,164.0,22.0,4.0,2.0,2.0
2024-02-21,123.0,22.0,4.0,2.0,2.0
2024-02-22,88.0,9.0,4.0,2.0,2.0
2024-02-23,117.0,9.0,4.0,2.0,2.0
2024-02-24,144.0,8.0,5.0,2.0,2.0
2024-02-25,124.0,9.0,5.0,2.0,2.0
2024-02-26,155.0,9.0,5.0,2.0,2.0
2024-02-27,154.0,8.0,5.0,2.0,2.0
2024-02-28,78.0,11.0,5.0,2.0,2.0
2024-02-29,97.0,9.0,5.0,2.0,2.0
2024-03-01,128.0,15.0,5.0,1.0,2.0
2024-03-02,122.0,28.0,5.0,1.0,1.0
2024-03-03,104.0,17.0,5.0,1.0,1.0
2024-03-04,95.0,9.0,5.0,1.0,1.0
2024-03-05,84.0,9.0,5.0,1.0,1.0
2024-03-06,92.0,9.0,5.0,1.0,1.0
2024-03-07,120.0,8.0,5.0,2.0,6.0
2024-03-08,106.0,9.0,5.0,2.0,2.0
2024-03-09,138.0,11.0,5.0,2.0,3.0
2024-03-10,158.0,10.0,5.0,3.0,3.0
2024-03-11,186.0,10.0,5.0,2.0,2.0
2024-03-12,159.0,12.0,5.0,2.0,2.0
2024-03-13,124.0,17.0,5.0,1.0,2.0
2024-03-14,163.0,16.5,5.0,1.0,1.5
2024-03-15,148.5,16.0,5.0,1.0,1.0
2024-03-16,134.0,18.0,5.0,1.0,1.0
2024-03-17,162.0,17.0,5.0,1.0,1.0
2024-03-18,176.0,19.0,5.0,1.0,1.0
2024-03-19,168.0,17.0,5.0,2.0,2.0
2024-03-20,119.0,26.0,5.0,2.0,2.0
2024-03-21,106.0,15.0,5.0,2.0,2.0
2024-03-22,150.0,21.0,5.0,2.0,2.0
2024-03-23,172.0,47.0,5.0,2.0,2.0
2024-03-24,171.0,29.0,5.0,2.0,2.0
2024-03-25,173.0,18.0,5.0,2.0,2.0
2024-03-26,154.0,19.0,5.0,2.0,2.0
2024-03-27,120.0,31.0,5.0,2.0,2.0
2024-03-28,128.0,17.0,5.0,2.0,2.0
2024-03-29,155.0,27.0,5.0,1.0,2.0
2024-03-30,158.0,19.0,4.0,1.0,2.0
2024-03-31,161.0,10.0,3.0,2.0,2.0
2024-04-01,171.0,12.5,3.0,2.0,2.0
2024-04-02,135.0,15.0,3.0,2.0,2.0
2024-04-03,99.0,15.0,4.0,2.0,2.0
2024-04-04,161.0,17.0,4.0,2.0,2.0
2024-04-05,89.0,16.0,4.0,2.0,2.0
2024-04-06,122.5,15.0,4.0,2.0,2.0
2024-04-07,156.0,21.0,4.0,2.0,2.0
2024-04-08,111.0,19.0,4.0,2.0,2.0
2024-04-09,136.0,18.0,4.0,2.0,2.0
2024-04-10,179.0,17.0,4.0,2.0,2.0
2024-04-11,169.0,21.0,4.0,2.0,2.0
2024-04-12,182.5,25.0,4.0,2.0,2.0
2024-04-13,196.0,27.0,4.0,2.0,2.0
2024-04-14,175.0,37.0,4.0,1.0,2.0
2024-04-15,181.0,17.0,4.0,1.0,2.0
2024-04-16,140.0,15.0,4.0,1.0,2.0
2024-04-17,192.0,16.0,4.0,1.0,2.0
2024-04-18,201.0,17.0,4.0,2.0,2.0
2024-04-19,164.0,17.0,4.0,2.0,2.0
2024-04-20,151.0,16.0,4.0,2.0,2.0
2024-04-21,137.0,18.0,4.0,2.0,2.0
2024-04-22,142.0,20.0,4.0,2.0,2.0
2024-04-23,132.0,20.0,4.0,2.0,2.0
2024-04-24,140.0,17.0,4.0,2.0,2.0
2024-04-25,122.0,17.0,4.0,2.0,2.0
2024-04-26,95.0,15.0,4.0,2.0,2.0
2024-04-27,109.0,15.0,4.0,2.0,2.0
2024-04-28,153.0,15.0,4.0,2.0,2.0
2024-04-29,139.0,16.0,4.0,2.0,2.0
2024-04-30,155.0,16.0,4.0,2.0,2.0
2024-05-01,149.0,17.0,4.0,2.0,2.0
2024-05-02,159.0,15.0,4.0,2.0,2.0
2024-05-03,167.0,17.0,4.0,2.0,2.0
2024-05-04,219.0,26.0,4.0,2.0,2.0
2024-05-05,191.0,19.0,4.0,2.0,2.0
2024-05-06,154.0,18.0,4.0,2.0,2.0
2024-05-07,136.0,24.0,4.0,1.0,2.0
2024-05-08,100.0,30.0,4.0,1.0,1.0
2024-05-09,125.0,20.0,3.0,2.0,2.0
2024-05-10,141.0,35.0,4.0,2.0,2.0
2024-05-11,158.0,37.5,4.0,1.5,1.5
2024-05-12,142.0,40.0,4.0,1.0,1.0
2024-05-13,126.0,55.0,4.0,1.0,2.0
2024-05-14,169.0,46.0,4.0,2.0,2.0
2024-05-15,185.0,14.0,4.0,1.0,1.0
2024-05-16,144.0,29.0,4.0,1.0,2.0
2024-05-17,178.0,18.0,3.0,1.0,1.0
2024-05-18,174.0,17.0,3.0,1.0,1.0
2024-05-19,160.0,17.0,3.0,1.0,1.0
2024-05-20,142.0,18.0,3.0,1.0,1.0
2024-05-21,136.0,18.0,3.0,1.0,1.0
2024-05-22,127.0,18.0,2.0,1.0,2.0
2024-05-23,114.0,18.0,2.0,1.0,2.0
2024-05-24,147.0,97.0,2.0,1.0,2.0
2024-05-25,157.0,104.0,3.0,2.0,2.0
2024-05-26,151.0,76.0,3.0,2.0,2.0
2024-05-27,96.0,57.0,3.0,2.0,2.0
2024-05-28,89.0,93.0,3.0,2.0,2.0
2024-05-29,168.0,137.0,4.0,2.0,2.0
2024-05-30,168.0,29.0,5.0,1.0,2.0
2024-05-31,105.0,23.0,4.0,2.0,2.0
2024-06-01,158.0,29.0,4.0,2.0,2.0
2024-06-02,117.0,35.0,4.0,1.0,1.0
2024-06-03,156.0,25.0,4.0,1.0,2.0
2024-06-04,128.0,17.0,3.0,2.0,2.0
2024-06-05,141.0,38.0,4.0,1.0,1.0
2024-06-06,140.0,30.0,4.0,1.0,1.0
2024-06-07,130.0,38.0,4.0,1.0,1.0
2024-06-08,160.0,98.0,4.0,1.0,2.0
2024-06-09,176.0,68.0,4.0,2.0,2.0
2024-06-10,164.0,115.0,4.0,1.0,1.0
2024-06-11,164.0,124.0,5.0,1.0,1.0
2024-06-12,160.0,86.0,4.0,1.0,1.0
2024-06-13,160.0,52.0,4.0,1.0,1.0
2024-06-14,148.0,41.0,4.0,1.0,2.0
2024-06-15,139.0,44.0,4.0,2.0,2.0
2024-06-16,158.0,75.0,4.0,1.0,1.0
2024-06-17,158.0,33.0,4.0,2.0,2.0
2024-06-18,142.0,48.0,4.0,2.0,2.0
2024-06-19,114.0,38.0,4.0,2.0,2.0
2024-06-20,118.0,44.0,4.0,2.0,2.0
2024-06-21,127.0,48.0,4.0,2.0,2.0
2024-06-22,146.0,45.0,4.0,2.0,2.0
2024-06-23,131.0,65.0,4.0,1.0,2.0
2024-06-24,133.0,67.0,4.0,2.0,2.0
2024-06-25,153.0,68.0,4.0,2.0,2.0
2024-06-26,136.0,63.0,4.0,2.0,2.0
2024-06-27,126.0,68.0,4.0,2.0,2.0
2024-06-28,96.0,54.0,4.0,1.0,1.0
2024-06-29,118.0,23.0,4.0,1.0,2.0
2024-06-30,74.0,21.0,4.0,1.0,1.0
2024-07-01,92.0,20.0,4.0,1.0,2.0
2024-07-02,67.0,21.0,4.0,1.0,2.0
2024-07-03,81.0,21.0,4.0,1.0,1.5
2024-07-04,103.0,19.0,4.0,1.0,1.0
2024-07-05,98.0,23.0,4.0,1.0,1.0
2024-07-06,107.0,21.0,4.0,2.0,2.0
2024-07-07,89.0,22.0,4.0,2.0,2.0
2024-07-08,134.0,19.0,4.0,2.0,2.0
2024-07-09,105.0,17.0,4.0,2.0,2.0
2024-07-10,85.5,15.0,4.0,2.0,2.0
2024-07-11,66.0,22.0,4.0,2.0,2.0
2024-07-12,126.0,22.0,4.0,2.0,2.0
2024-07-13,145.0,22.0,4.0,2.0,2.0
2024-07-14,147.0,22.0,4.0,2.0,2.0
2024-07-15,120.0,21.0,4.0,2.0,2.0
2024-07-16,87.0,18.0,4.0,2.0,3.0
2024-07-17,100.0,16.0,4.0,1.0,1.0
2024-07-18,117.0,41.0,4.0,1.0,1.0
2024-07-19,88.0,34.0,4.0,1.0,2.0
2024-07-20,99.0,32.0,4.0,2.0,2.0
2024-07-21,83.0,27.0,4.0,2.0,2.0
2024-07-22,76.0,29.0,4.0,2.0,2.0
2024-07-23,64.0,27.0,4.0,1.0,1.0
2024-07-24,76.0,37.0,4.0,2.0,2.0
2024-07-25,95.0,35.0,4.0,2.0,2.0
2024-07-26,101.0,33.0,4.0,2.0,2.0
2024-07-27,83.0,15.0,5.0,3.0,3.0
2024-07-28,90.0,27.0,5.0,3.0,3.0
2024-07-29,103.0,33.0,5.0,1.0,2.0
2024-07-30,107.0,36.0,5.0,2.0,2.0
2024-07-31,107.0,23.0,4.0,1.0,1.0
2024-08-01,79.0,23.0,5.0,2.0,2.0
2024-08-02,72.0,20.0,5.0,2.0,2.0
2024-08-03,96.0,19.0,5.0,2.0,2.0
2024-08-04,101.0,20.0,4.0,1.0,2.0
2024-08-05,132.0,20.0,4.0,1.0,2.0
2024-08-06,95.0,18.0,5.0,2.0,2.0
2024-08-07,97.0,18.0,3.0,2.0,2.0
2024-08-08,131.0,21.0,3.0,3.0,3.0
2024-08-09,106.0,17.0,4.0,2.5,2.5
2024-08-10,108.0,21.0,4.0,2.0,2.0
2024-08-11,78.0,23.0,4.0,1.5,1.5
2024-08-12,88.0,22.0,4.0,1.0,1.0
2024-08-13,127.0,21.0,4.0,3.0,3.0
2024-08-14,139.0,21.0,4.0,2.0,3.0
2024-08-15,129.0,24.0,4.0,2.0,3.0
2024-08-16,144.0,23.0,4.0,3.0,3.0
2024-08-17,127.0,19.0,4.0,3.0,3.0
2024-08-18,85.0,23.0,4.0,3.0,3.0
2024-08-19,88.0,18.0,4.0,3.0,3.0
2024-08-20,58.0,22.0,4.0,3.0,3.0
2024-08-21,65.0,25.0,4.0,3.0,3.0
2024-08-22,86.0,22.0,4.0,3.0,3.0
2024-08-23,65.0,22.0,4.0,2.0,2.0
2024-08-24,116.0,21.0,4.0,2.0,2.0
2024-08-25,99.0,21.0,4.0,3.0,3.0
2024-08-26,85.0,11.0,3.0,1.0,1.0
2024-08-27,105.0,20.0,4.0,2.0,2.0
2024-08-28,127.0,14.0,4.0,2.0,2.0
2024-08-29,150.0,13.0,4.0,2.0,2.0
2024-08-30,129.0,13.0,4.0,2.0,2.0
2024-08-31,146.0,9.0,4.0,3.0,3.0
2024-09-01,109.0,9.0,4.0,4.0,3.0
2024-09-02,122.0,34.0,5.0,5.0,3.0
2024-09-03,124.0,35.0,6.0,2.0,3.0
2024-09-04,121.0,13.0,6.0,2.0,2.0
2024-09-05,142.0,30.0,6.0,2.0,2.0
2024-09-06,120.0,49.0,6.0,2.0,2.0
2024-09-07,161.0,47.0,6.0,2.0,2.0
2024-09-08,130.0,40.0,6.0,2.0,2.0
2024-09-09,113.0,35.0,6.0,2.0,2.0
2024-09-10,90.0,23.0,6.0,2.0,3.0
2024-09-11,85.0,28.0,6.0,2.0,2.0
2024-09-12,124.0,21.0,6.0,3.0,3.0
2024-09-13,97.0,32.0,6.0,3.0,3.0
2024-09-14,95.0,27.0,6.0,3.0,4.0
2024-09-15,68.0,17.0,6.0,3.0,3.0
2024-09-16,90.0,27.0,6.0,3.0,3.0
2024-09-17,130.0,36.0,6.0,2.0,3.0
2024-09-18,145.0,30.0,6.0,2.0,2.0
2024-09-19,151.0,19.0,6.0,2.0,2.0
2024-09-20,133.0,22.0,6.0,2.0,2.0
2024-09-21,123.0,26.0,6.0,2.0,3.0
2024-09-22,145.0,23.0,6.0,2.0,2.0
2024-09-23,137.0,35.0,6.0,2.0,2.0
2024-09-24,105.0,37.0,6.0,3.0,3.0
2024-09-25,62.0,39.0,6.0,4.0,4.0
2024-09-26,66.0,23.0,6.0,3.0,4.0
2024-09-27,79.0,25.0,6.0,4.0,4.0
2024-09-28,81.0,27.0,6.0,4.0,4.0
2024-09-29,124.0,21.0,6.0,4.0,4.0
2024-09-30,149.0,47.0,5.0,2.0,2.0
2024-10-01,127.0,39.0,6.0,2.0,2.0
2024-10-02,163.0,21.0,6.0,2.0,2.0
2024-10-03,167.0,20.0,5.0,2.0,2.0
2024-10-04,115.0,37.0,6.0,3.0,3.0
2024-10-05,104.0,40.0,6.0,2.0,3.0
2024-10-06,96.0,36.0,6.0,2.0,3.0
2024-10-07,151.0,37.0,6.0,2.0,2.0
2024-10-08,162.0,32.0,6.0,2.0,2.0
2024-10-09,113.0,41.0,6.0,2.0,3.0
2024-10-10,123.0,12.0,6.0,2.0,3.0
2024-10-11,162.0,12.0,6.0,3.0,3.0
2024-10-12,163.0,26.0,6.0,3.0,3.0
2024-10-13,162.0,33.0,6.0,3.0,3.0
2024-10-14,169.0,6.0,6.0,3.0,4.0
2024-10-15,167.0,6.0,6.0,3.0,3.0
2024-10-16,148.0,6.0,6.0,4.0,4.0
2024-10-17,170.0,7.0,6.0,4.0,4.0
2024-10-18,174.0,7.0,6.0,3.0,3.0
2024-10-19,167.0,7.0,5.0,3.0,3.0
2024-10-20,168.0,10.0,5.0,2.0,2.0
2024-10-21,161.0,10.0,6.0,3.0,3.0
2024-10-22,127.0,10.0,6.0,3.0,4.0
2024-10-23,145.0,10.0,6.0,3.0,3.0
2024-10-24,109.0,10.0,6.0,3.0,3.0
2024-10-25,90.0,10.0,6.0,3.0,4.0
2024-10-26,130.0,10.0,6.0,4.0,4.0
2024-10-27,159.0,10.0,6.0,3.0,3.0
2024-10-28,192.0,10.0,6.0,3.0,3.0
2024-10-29,194.0,10.0,6.0,3.0,3.0
2024-10-30,164.0,10.0,6.0,3.0,3.0
2024-10-31,227.0,10.0,6.0,4.0,5.0
2024-11-01,252.0,10.0,6.0,5.0,6.0
2024-11-02,224.0,10.0,6.0,5.0,6.0
2024-11-03,172.0,10.0,6.0,5.0,6.0
2024-11-04,176.0,10.0,6.0,6.0,6.0
2024-11-05,168.0,10.0,6.0,3.0,3.0
2024-11-06,179.0,10.0,6.0,3.0,3.0
2024-11-07,165.0,10.0,6.0,2.0,3.0
2024-11-08,157.0,10.0,6.0,3.0,4.0
2024-11-09,165.0,10.0,6.0,3.0,4.0
2024-11-10,175.0,10.0,6.0,4.0,5.0
2024-11-11,195.0,10.0,6.0,2.0,2.0
2024-11-12,200.0,10.0,6.0,1.0,1.0
2024-11-13,184.0,10.0,6.0,2.0,2.0
2024-11-14,168.0,10.0,6.0,3.0,3.0
2024-11-15,191.0,10.0,6.0,3.0,3.0
2024-11-16,199.0,10.0,6.0,3.0,3.0
2024-11-17,226.0,10.0,6.0,2.0,3.0
2024-11-18,213.0,10.0,6.0,2.0,3.0
2024-11-19,177.0,10.0,6.0,2.0,2.0
2024-11-20,276.0,10.0,6.0,2.0,2.0
2024-11-21,176.0,10.0,6.0,3.0,3.0
2024-11-22,302.0,11.0,6.0,3.0,3.0
2024-11-23,220.0,10.0,6.0,3.0,3.0
2024-11-24,224.0,10.0,6.0,4.0,4.0
2024-11-25,179.0,10.0,6.0,4.0,4.0
2024-11-26,220.0,10.0,6.0,4.0,5.0
2024-11-27,439.0,9.0,5.0,4.0,5.0
2024-11-28,377.0,9.0,5.0,6.0,7.0
2024-11-29,163.0,9.0,5.0,2.0,3.0
2024-11-30,139.0,9.0,5.0,2.0,2.0
2024-12-01,149.0,10.0,5.0,2.0,2.0
2024-12-02,167.0,9.0,5.0,2.0,2.0
2024-12-03,162.0,9.0,5.0,2.0,2.0
2024-12-04,160.0,9.0,5.0,2.0,2.0
2024-12-05,182.0,9.0,5.0,3.0,3.0
2024-12-06,174.0,9.0,5.0,3.0,4.0
2024-12-07,154.0,9.0,5.0,5.0,5.0
2024-12-08,164.0,9.0,5.0,4.0,4.0
2024-12-09,161.0,9.0,4.0,2.0,2.0
2024-12-10,160.0,9.0,5.0,1.0,1.0
2024-12-11,154.0,9.0,5.0,3.0,3.0
2024-12-12,165.0,9.0,5.0,3.0,3.0
2024-12-13,159.0,9.0,5.0,3.0,3.0
2024-12-14,153.0,10.0,5.0,3.0,4.0
2024-12-15,174.0,10.0,5.0,3.0,4.0
2024-12-16,172.0,9.0,5.0,4.0,5.0
2024-12-17,163.0,9.0,5.0,2.0,3.0
2024-12-18,164.0,9.0,5.0,3.0,4.0
2024-12-19,173.0,10.0,5.0,3.0,3.0
2024-12-20,171.0,10.0,5.0,3.0,4.0
2024-12-21,171.0,9.0,5.0,3.0,3.0
2024-12-22,161.0,9.0,5.0,3.0,4.0
2024-12-23,164.0,9.0,5.0,2.0,3.0
2024-12-24,172.0,10.0,5.0,3.0,3.0
2024-12-25,168.0,10.0,5.0,3.0,3.0
2024-12-26,165.0,9.0,5.0,3.0,3.0
2024-12-27,194.0,9.0,5.0,3.0,3.0
2024-12-28,200.0,9.0,5.0,2.0,2.0
2024-12-29,186.0,9.0,5.0,2.6666666666666665,2.6666666666666665
2024-12-30,188.66666666666666,9.0,5.0,3.333333333333333,3.333333333333333
2024-12-31,191.33333333333334,9.0,5.0,4.0,4.0
2025-01-01,194.0,9.0,5.0,3.0,4.0
2025-01-02,199.0,9.0,5.0,4.0,4.0
2025-01-03,213.0,9.0,5.0,2.0,2.0
2025-01-04,161.0,9.0,5.0,2.0,2.0
2025-01-05,153.0,9.0,5.0,3.0,3.0
2025-01-06,182.0,9.0,5.0,3.0,3.0
2025-01-07,156.0,9.0,5.0,2.0,2.0
2025-01-08,148.0,9.0,5.0,2.0,2.0
2025-01-09,197.0,9.0,5.0,3.0,3.0
2025-01-10,252.0,9.0,7.0,1.0,1.0
2025-01-11,277.0,10.0,6.0,1.0,1.0
2025-01-12,245.0,9.0,5.0,5.0,5.0
2025-01-13,191.0,10.0,5.0,6.0,7.0
2025-01-14,212.0,9.0,5.0,6.0,6.0
2025-01-15,173.0,9.0,5.0,6.0,6.0
2025-01-16,183.0,10.0,4.0,6.0,6.0
2025-01-17,198.0,9.0,5.0,6.0,7.0
2025-01-18,171.0,10.0,5.0,6.0,7.0
2025-01-19,170.0,10.0,5.0,7.0,7.0
2025-01-20,176.0,10.0,5.0,7.0,7.0
2025-01-21,191.0,9.0,5.0,6.0,6.0
2025-01-22,167.0,10.0,5.0,5.0,6.0
2025-01-23,179.0,9.0,5.0,6.0,6.0
2025-01-24,187.0,10.0,5.0,6.0,6.0
2025-01-25,165.0,9.0,5.0,6.0,7.0
2025-01-26,172.0,9.0,5.0,7.0,7.0
2025-01-27,186.0,9.0,5.0,6.0,7.0
2025-01-28,176.0,9.0,5.0,6.0,6.0
2025-01-29,188.0,10.0,5.0,7.0,7.0
2025-01-30,191.0,10.0,5.0,6.0,7.0
2025-01-31,178.0,9.0,5.0,6.0,7.0
2025-02-01,173.0,9.0,5.0,4.0,5.0
2025-02-02,152.0,10.0,5.0,4.0,4.0
2025-02-03,145.0,10.0,5.0,5.0,5.0
2025-02-04,167.0,10.0,5.0,6.0,7.0
2025-02-05,168.0,9.0,5.0,5.0,5.0
2025-02-06,156.0,9.0,5.0,5.0,5.0
2025-02-07,153.0,10.0,5.0,5.0,5.0
2025-02-08,162.0,10.0,5.0,5.0,5.0
2025-02-09,195.0,10.0,4.0,4.0,4.0
2025-02-10,188.0,9.0,4.0,2.0,2.0
2025-02-11,150.0,10.0,3.0,1.0,2.0
2025-02-12,139.0,9.0,4.0,1.0,1.0
2025-02-13,111.0,9.0,4.0,3.0,3.0
2025-02-14,82.0,9.0,4.0,3.0,3.0
2025-02-15,186.0,10.0,4.0,4.0,5.0
2025-02-16,195.0,10.0,4.0,7.0,8.0
2025-02-17,181.0,10.0,4.0,8.0,9.0
2025-02-18,197.0,10.0,4.0,9.0,10.0
2025-02-19,182.0,10.0,4.0,9.0,9.0
2025-02-20,185.0,10.0,4.0,5.0,6.0
2025-02-21,169.0,10.0,4.0,3.0,3.0
2025-02-22,176.0,10.0,4.0,4.0,3.0
2025-02-23,120.0,10.0,4.0,3.0,4.0
2025-02-24,130.0,10.0,4.0,4.0,5.0
2025-02-25,141.0,10.0,4.0,5.0,6.0
2025-02-26,146.0,10.0,4.0,6.0,6.0
2025-02-27,146.0,10.0,4.0,3.0,3.0
2025-02-28,157.0,10.0,4.0,3.0,3.0
2025-03-01,154.0,10.0,4.0,3.0,3.0
2025-03-02,116.0,10.0,3.0,3.0,3.0
2025-03-03,114.0,10.0,4.0,4.0,4.0
2025-03-04,136.0,10.0,4.0,3.0,4.0
2025-03-05,120.0,10.0,4.0,3.0,3.0
2025-03-06,116.0,10.0,4.0,3.0,4.0
2025-03-07,175.0,10.0,4.0,1.0,1.0
2025-03-08,169.0,10.0,4.0,2.0,3.0
2025-03-09,172.0,10.0,4.0,2.0,3.0
2025-03-10,189.0,10.0,4.0,2.0,3.0
2025-03-11,202.0,10.0,4.0,3.0,4.0
2025-03-12,162.0,17.0,4.0,2.0,3.0
2025-03-13,177.0,17.0,4.0,3.0,3.0
2025-03-14,203.0,17.0,4.0,3.0,3.0
2025-03-15,156.0,17.0,4.0,3.0,4.0
2025-03-16,161.0,17.0,4.0,4.0,4.0
2025-03-17,130.0,17.0,4.0,3.0,3.0
2025-03-18,116.0,17.0,4.0,3.0,3.0
2025-03-19,134.0,17.0,4.0,4.0,4.0
2025-03-20,158.0,17.0,4.0,3.0,4.0
2025-03-21,132.0,17.0,4.0,3.0,4.0
2025-03-22,130.0,17.0,4.0,3.0,3.0
2025-03-23,129.0,17.0,4.0,2.0,3.0
2025-03-24,164.0,17.0,4.0,2.0,3.0
2025-03-25,165.0,17.0,4.0,1.0,2.0
2025-03-26,176.0,17.0,4.0,1.0,2.0
2025-03-27,154.0,17.0,4.0,2.0,5.0
2025-03-28,152.0,17.0,4.0,2.0,5.0
2025-03-29,101.0,17.0,4.0,4.0,7.0
2025-03-30,118.0,24.0,4.0,4.0,7.0
2025-03-31,133.0,24.0,4.0,6.0,9.0
