latitude,longitude,elevation,utc_offset_seconds,timezone,timezone_abbreviation
23.725834,92.85111,973,19800,Asia/Kolkata,GMT+5:30
,,,,,
time,temperature_2m_max (°C),temperature_2m_min (°C),precipitation_sum (mm),wind_speed_10m_max (km/h),relative_humidity_2m_max (%)
01-01-2019,19.9,1.5,0,8,100
02-01-2019,20.1,2.3,0,7.3,99
03-01-2019,19.4,2.4,0,8.8,99
04-01-2019,19.1,1.9,0,6.7,96
05-01-2019,20.6,0.9,0,6.1,99
06-01-2019,22.9,1.5,0,6,99
07-01-2019,23.2,2.6,0,6.5,92
08-01-2019,20.9,6.7,0,9.4,96
09-01-2019,20.1,3.2,0,7,96
10-01-2019,18.7,4.4,0,7.3,94
11-01-2019,20.4,1.9,0,6.8,98
12-01-2019,20.7,2,0,7.4,98
13-01-2019,21.5,2.7,0,7.2,95
14-01-2019,20.4,3,0,6.8,92
15-01-2019,18.9,3,0,8.2,93
16-01-2019,21.2,1.4,0,5.8,99
17-01-2019,21.6,2.1,0,6.6,99
18-01-2019,20.7,3,0,7.2,97
19-01-2019,20.2,2.9,0,6.6,91
20-01-2019,19.6,2.9,0,7.1,95
21-01-2019,21.3,2.5,0,6.2,100
22-01-2019,22.1,3.1,0,7.2,99
23-01-2019,22.4,3.1,0,6.4,99
24-01-2019,22.7,3.1,0,8.9,96
25-01-2019,23.9,3.6,0,8.3,99
26-01-2019,23.9,4.7,0,6.1,98
27-01-2019,23.6,5.9,0,9,98
28-01-2019,21.3,8,0,6.2,94
29-01-2019,19.8,9.4,0.9,9.7,98
30-01-2019,19.6,6.5,0,7.7,100
31-01-2019,23.2,2.6,0,7,99
01-02-2019,24.2,3.3,0,8.1,99
02-02-2019,22.9,3.5,0,9.9,91
03-02-2019,22.4,4.4,0,7.4,86
04-02-2019,21.6,3.9,0,6.7,92
05-02-2019,22.8,1.3,0,6.7,98
06-02-2019,22.2,2.8,0,6.9,95
07-02-2019,23.5,3.5,0,7.1,93
08-02-2019,25.2,4.4,0,9.7,98
09-02-2019,26.1,8.6,0,11,91
10-02-2019,21.6,9.3,0,9.1,92
11-02-2019,23.7,4.4,0,8,98
12-02-2019,24.7,4.7,0,5.9,95
13-02-2019,25.7,5.4,0,7.2,85
14-02-2019,25.2,6,0,8.3,85
15-02-2019,25.5,6.6,0,7.9,85
16-02-2019,22.5,7.1,0,13.3,96
17-02-2019,21.2,7.1,2,14.5,96
18-02-2019,20.4,7.7,0,10.3,98
19-02-2019,21.5,7.5,0,10.1,92
20-02-2019,23.7,7.4,0,12.3,98
21-02-2019,23.8,7.7,0,10.4,92
22-02-2019,24.5,7.6,0,11.4,95
23-02-2019,24.1,9.7,0.6,11.4,98
24-02-2019,24.9,10.8,0.2,11.3,96
25-02-2019,18.6,9.4,14.1,8,100
26-02-2019,20.6,8.2,6.8,11.3,100
27-02-2019,17.5,10.2,6.7,7.4,100
28-02-2019,17.3,9,20.6,8.1,100
01-03-2019,19.8,8.5,0.8,8.1,100
02-03-2019,21.6,4.6,0,6.8,93
03-03-2019,22.3,3.6,0,9.7,94
04-03-2019,21.6,7,0.4,7,87
05-03-2019,15.5,10.7,20.7,7.7,100
06-03-2019,21.6,9.6,0.6,7.3,100
07-03-2019,21.7,10.8,1.1,7.6,100
08-03-2019,21,9.5,7.1,9.7,100
09-03-2019,21.1,7.1,0,11.3,89
10-03-2019,22.9,6.5,0,8.9,98
11-03-2019,22.8,10.3,0.2,8.2,90
12-03-2019,24.5,9.5,0,9.4,97
13-03-2019,25.4,9.1,0,8.1,99
14-03-2019,26.1,9.9,0,7.6,98
15-03-2019,27.1,11.3,0,8.7,93
16-03-2019,26.2,12.3,0,7.4,88
17-03-2019,25.2,11.3,0.2,7.6,91
18-03-2019,25.9,11.3,0,10.1,92
19-03-2019,24.4,9.3,0.2,10.6,100
20-03-2019,23.6,11.1,0.3,8.9,97
21-03-2019,24.4,10,0,11.6,97
22-03-2019,25.1,9.7,1,10.8,99
23-03-2019,25.2,12.1,0.9,10.9,99
24-03-2019,26.4,11.7,0,8.3,100
25-03-2019,27.4,8.6,0,8.1,95
26-03-2019,28.8,8.2,0,10.7,92
27-03-2019,26.6,11,0.2,14.3,94
28-03-2019,25.5,9.9,0,9.2,96
29-03-2019,27.6,9,0,9.1,97
30-03-2019,27.8,10.6,0,7.3,90
31-03-2019,27.4,12.3,0.4,12.6,95
01-04-2019,27.3,12.2,0.5,12.9,98
02-04-2019,28.2,14,4.8,13.8,100
03-04-2019,26.6,11,0.5,13,100
04-04-2019,27.2,11.7,0,10.6,99
05-04-2019,26.8,13,0.5,8.5,98
06-04-2019,27.6,13.7,4,9,96
07-04-2019,25.9,13.3,1.2,11.5,100
08-04-2019,25.4,13.1,3.7,12.1,100
09-04-2019,26.3,12.7,0.2,11.1,99
10-04-2019,23.1,13,2.5,12.2,99
11-04-2019,25.9,13.3,0.4,7.4,100
12-04-2019,26.1,13.5,2,8.9,100
13-04-2019,26.6,13.8,1.5,6.6,100
14-04-2019,28.5,15.5,0,10.4,97
15-04-2019,30,13.8,0.1,12.2,96
16-04-2019,30.7,14,0.2,13,99
17-04-2019,31.1,15.4,0.3,10,99
18-04-2019,30,15.2,0.1,13.4,95
19-04-2019,27.6,14.7,0,10.2,89
20-04-2019,26.6,14.8,2.4,8.7,97
21-04-2019,28,12.7,0,8.7,98
22-04-2019,28.4,12.9,0.2,11.8,94
23-04-2019,29.8,12.4,0,10.1,95
24-04-2019,30.7,12.1,0,10,90
25-04-2019,29.8,14,0,8.9,85
26-04-2019,29.8,16.7,0,6.9,89
27-04-2019,29.8,16.1,0,11.6,87
28-04-2019,31,19.3,0.3,13,92
29-04-2019,30.1,17.4,0,13.3,96
30-04-2019,29.9,17.5,0,12.4,95
01-05-2019,28.9,18.6,0.4,14.7,92
02-05-2019,28.9,19,0.6,9.5,95
03-05-2019,29,17.7,11,9,100
04-05-2019,28.2,16.4,15.1,20.5,100
05-05-2019,27.3,17.5,0.8,13.2,97
06-05-2019,28.1,17.4,0.5,10.8,93
07-05-2019,30,15.3,0,11.5,96
08-05-2019,30.8,14.3,0,11.8,97
09-05-2019,31,16.9,0,13.8,95
10-05-2019,30.4,17.6,0,11.3,95
11-05-2019,30.7,19.9,0.5,11.3,95
12-05-2019,31.2,18.9,0,10,92
13-05-2019,32,19.5,0.1,11.6,96
14-05-2019,28.7,17.1,2.2,12.7,100
15-05-2019,27.5,17.1,7.4,9.9,98
16-05-2019,26.5,16.8,2,10,98
17-05-2019,28.5,18.5,0.6,11.7,95
18-05-2019,28.8,18.8,1.2,14,95
19-05-2019,29.4,18.3,0.5,11.5,100
20-05-2019,31.1,18.8,0,9.4,100
21-05-2019,30.8,18.1,0.3,9.4,92
22-05-2019,29.2,18.6,0.5,9.5,91
23-05-2019,30.7,19.3,2.7,12.7,95
24-05-2019,26.3,18.4,11.7,13.8,100
25-05-2019,25.3,19.2,5.5,15.1,100
26-05-2019,27.3,18.8,3.7,11.8,98
27-05-2019,28.8,17.9,0,8.4,98
28-05-2019,31.7,16.1,0,8,98
29-05-2019,30.4,16.9,0,7,91
30-05-2019,30.8,18.6,0,8.4,93
31-05-2019,30.1,18,1.4,11.2,94
01-06-2019,24.5,18.4,10.6,9.7,100
02-06-2019,27.9,17,1.1,5.9,99
03-06-2019,27.6,17.8,2.8,10.7,98
04-06-2019,27.2,17.5,5,15.4,100
05-06-2019,26.5,17.4,10.9,10.6,100
06-06-2019,29.7,17.5,8.9,8.1,100
07-06-2019,24.9,19.1,20.7,6.2,100
08-06-2019,28.6,18.1,5.7,9.7,100
09-06-2019,28,18.2,6.2,11.5,100
10-06-2019,27.5,18.1,2.4,9.6,100
11-06-2019,27.4,18.9,2.3,5.7,100
12-06-2019,28.7,19,2.2,6,100
13-06-2019,28.3,20.6,7.7,4.7,100
14-06-2019,23.8,20.4,62.9,6.5,100
15-06-2019,23.7,19.7,5,8.9,100
16-06-2019,29.1,19.8,2.4,11.5,100
17-06-2019,29.9,20.1,0.1,8.6,95
18-06-2019,28.5,20.8,5.6,5.4,100
19-06-2019,28.2,20.3,21.4,8.4,100
20-06-2019,27.8,19.8,17.7,4.6,100
21-06-2019,26.3,20.2,11.3,5.2,100
22-06-2019,28.7,19.2,4.4,9,100
23-06-2019,28.5,21,21.6,7.5,100
24-06-2019,29.5,20,0.9,9.7,97
25-06-2019,27.1,20.4,4.7,11.5,95
26-06-2019,26.9,20.6,2.3,13.8,96
27-06-2019,26,20.8,1.1,14.3,92
28-06-2019,27.6,19.7,0.2,12.6,96
29-06-2019,29.4,19.2,0.5,7.6,94
30-06-2019,26.6,20.3,9.8,7.6,100
01-07-2019,28.3,20.1,18.1,11.3,100
02-07-2019,27.8,19.1,2.4,9.8,100
03-07-2019,28,20.3,10.3,11.4,100
04-07-2019,26.1,19.4,8,8.7,100
05-07-2019,28.4,19.6,3.4,9.5,100
06-07-2019,26.5,19.9,16.8,12.8,100
07-07-2019,25.7,19.9,23,11.4,100
08-07-2019,23,20,25.7,14.7,100
09-07-2019,25.2,19.5,36.5,16.4,100
10-07-2019,25.3,19.2,18.7,14.7,100
11-07-2019,24,19.5,23.8,14.8,100
12-07-2019,23.6,19.3,17.9,12.8,100
13-07-2019,22.2,19,33.9,14.3,100
14-07-2019,22.7,18.4,17.9,10.5,100
15-07-2019,25.3,18.7,2.6,11.3,100
16-07-2019,27.1,18.2,2.2,8.7,97
17-07-2019,28.3,19.8,14.5,8.9,100
18-07-2019,28,19.1,10.6,5.1,100
19-07-2019,27,19.9,14.4,7.9,100
20-07-2019,26.6,19.5,4.6,8.4,100
21-07-2019,26.7,20.2,2.3,8.3,100
22-07-2019,24,20.2,2.1,9.4,97
23-07-2019,25.6,19.6,2.5,11.5,96
24-07-2019,25.3,20.4,4.4,12,95
25-07-2019,25.8,19.9,3.4,6.4,100
26-07-2019,26.2,19.7,4.6,13.7,100
27-07-2019,26.8,19.2,6.4,7.2,100
28-07-2019,28.6,18.8,3.8,7.2,100
29-07-2019,27.8,18.8,3.5,9.7,100
30-07-2019,23.7,19.3,12.1,9.4,100
31-07-2019,23.7,19.1,5.6,8.9,100
01-08-2019,27,19.2,2.9,6.2,100
02-08-2019,26.1,18.9,2.5,5.8,99
03-08-2019,27.8,18.7,2.8,11,100
04-08-2019,27.6,19.8,16.3,5,100
05-08-2019,30.4,20,0.9,8.4,100
06-08-2019,29.1,20.8,5.1,5.8,100
07-08-2019,25.8,20.8,31.7,6.3,100
08-08-2019,23.8,19.2,12,7.6,100
09-08-2019,25.2,18.5,4.8,10.7,100
10-08-2019,26.7,19.6,1.8,6.6,100
11-08-2019,28,19.4,8.6,5.9,100
12-08-2019,27.2,20.9,23,6.6,100
13-08-2019,25.1,20.3,16.2,10.1,100
14-08-2019,23.8,19.8,12.8,9.7,100
15-08-2019,24.7,19.3,9.3,9.4,100
16-08-2019,24.5,18.8,5.6,10,100
17-08-2019,27,18.7,2.8,8.1,97
18-08-2019,26.5,18.2,5.3,10.7,100
19-08-2019,25.9,18.3,2.5,7.8,100
20-08-2019,26.5,19.2,0.9,6,99
21-08-2019,26.9,19.5,14,5.8,100
22-08-2019,27.3,19.5,29.4,6.6,100
23-08-2019,24.7,20.1,17.2,4.3,100
24-08-2019,23.1,19.8,41.9,3.4,100
25-08-2019,26.3,19.4,6.4,6.5,100
26-08-2019,27.6,18.4,3.7,7.1,100
27-08-2019,27.4,19.7,8,7.6,99
28-08-2019,25.1,20.3,8.9,4.3,100
29-08-2019,27.3,19.4,14.3,6.7,100
30-08-2019,26,20.2,2.5,5.4,100
31-08-2019,27.4,20.5,10.2,6.9,100
01-09-2019,26.5,20.7,7.6,5,100
02-09-2019,27.1,20.2,3.2,5.4,100
03-09-2019,26.8,19.5,12,5.9,100
04-09-2019,26.8,19.4,14.8,7.1,100
05-09-2019,26,19.4,14.1,7.7,100
06-09-2019,26.8,19.8,17.9,10.7,100
07-09-2019,25.7,19.7,29,8.9,100
08-09-2019,25.3,19.4,15.7,14,100
09-09-2019,24.8,20,6.8,13.6,95
10-09-2019,25.3,19.2,4.8,11.9,100
11-09-2019,25.9,19.6,1.9,6.8,97
12-09-2019,24.5,19.5,3.4,12.6,100
13-09-2019,25,18.7,2.4,10.9,100
14-09-2019,25.4,17.7,0.4,5.6,100
15-09-2019,27.4,18.9,2.6,5.2,99
16-09-2019,24.4,19.1,6.7,5.9,100
17-09-2019,27.3,18.5,6.4,5.8,100
18-09-2019,27.4,19.2,0.5,6.4,100
19-09-2019,27.7,18.2,2.6,7.9,100
20-09-2019,26,18.7,11.1,4.3,100
21-09-2019,28.3,18.2,7.1,5.9,100
22-09-2019,26.4,18.5,5.4,4.7,100
23-09-2019,25.2,19.1,11.4,4.7,100
24-09-2019,22.3,18.8,16.4,3.2,100
25-09-2019,21.1,18.6,20,3.1,100
26-09-2019,23.9,17.9,11.2,5.9,100
27-09-2019,26.2,16.7,11.1,6.9,100
28-09-2019,26.9,16.5,8.2,9.7,100
29-09-2019,24,17.3,6.8,3.6,100
30-09-2019,23.3,16.8,3.6,8.8,100
01-10-2019,22.1,17.4,10.8,6.2,100
02-10-2019,23.6,15.9,3.3,11,100
03-10-2019,23.9,16.2,2.1,7.1,100
04-10-2019,24.8,16.5,4.6,7.2,100
05-10-2019,24.8,16.5,3.4,7.9,100
06-10-2019,25.6,16.5,5.7,7.4,100
07-10-2019,25.2,16.9,8.8,5.9,100
08-10-2019,23.1,17.5,2.2,3.9,100
09-10-2019,25.8,15.8,4.1,5.4,100
10-10-2019,22.2,17.2,16.6,8.1,100
11-10-2019,23.2,16.2,2.3,6.6,100
12-10-2019,24.8,15.4,0.7,6.1,100
13-10-2019,25.8,15,0,6.9,100
14-10-2019,26.6,15.4,0.3,4,100
15-10-2019,25.7,16.5,5.2,6.7,100
16-10-2019,25.1,16.4,9.4,4.9,100
17-10-2019,26.6,15.8,0.5,6.4,100
18-10-2019,26.7,15.8,0.1,5.2,100
19-10-2019,26.7,16.2,0.2,5.5,100
20-10-2019,26.7,15.4,0,6.3,100
21-10-2019,25.9,15,0.5,8.3,99
22-10-2019,24.7,15.7,2.9,10.1,100
23-10-2019,25.4,15.8,1.4,7.6,100
24-10-2019,23.1,17,0.8,7.2,100
25-10-2019,25.8,15.9,0,6.3,100
26-10-2019,24.1,18.1,3.8,10.2,96
27-10-2019,23.6,17.3,10.4,10.2,100
28-10-2019,24.4,16.6,2.3,3,100
29-10-2019,26,15.8,0.7,8.2,100
30-10-2019,26.7,15.1,0,8.6,100
31-10-2019,25.4,14.5,0.1,8.7,100
01-11-2019,25.7,15.1,0,7.8,99
02-11-2019,27.2,13.4,0,6.1,100
03-11-2019,26.7,13.7,0,7,100
04-11-2019,25.3,14.9,0.5,8.1,96
05-11-2019,24.5,13.9,0,8.5,100
06-11-2019,25.4,11.3,0,7.3,96
07-11-2019,27,10,0,7.6,100
08-11-2019,25.2,16.7,11.7,5.5,100
09-11-2019,23,17.2,9.1,3.3,100
10-11-2019,21.2,16.5,19.8,5.4,100
11-11-2019,21.4,17,4.5,7.4,100
12-11-2019,22.3,16.4,0.3,4.5,100
13-11-2019,24.7,15.2,0,7.7,100
14-11-2019,26.3,13,0,5.4,100
15-11-2019,25.6,10.9,0,6.8,100
16-11-2019,24.7,9.7,0,7.7,99
17-11-2019,23.6,7.9,0,6.8,100
18-11-2019,23.4,10.4,0,6.9,99
19-11-2019,23,7.8,0,8.1,100
20-11-2019,22.6,7,0,8,100
21-11-2019,24.1,5.5,0,6.4,100
22-11-2019,24,6.8,0,7.6,100
23-11-2019,22.7,6.9,0,6.8,99
24-11-2019,22.7,8.4,0,6.5,99
25-11-2019,24,7.9,0,6.4,99
26-11-2019,24.7,8.1,0,6.8,100
27-11-2019,25.7,8.3,0,6.5,97
28-11-2019,26.4,7.9,0,6.4,98
29-11-2019,25.7,7.8,0,7.6,99
30-11-2019,24.3,8.1,0,8.2,96
01-12-2019,23.4,7.1,0,7.1,95
02-12-2019,21.7,5.6,0,7,98
03-12-2019,21.4,5.1,0,7.3,100
04-12-2019,21.7,4.4,0,9.3,100
05-12-2019,23.8,4.6,0,6.5,100
06-12-2019,23.7,3.3,0,7.2,97
07-12-2019,23.1,5.7,0,7.1,99
08-12-2019,20.8,7.2,0,6.1,96
09-12-2019,20.8,6.8,0,6.2,98
10-12-2019,20.3,5.8,0,8.1,98
11-12-2019,19.5,7.5,0,8.1,93
12-12-2019,20.6,4.3,0,5.4,98
13-12-2019,21.9,4.1,0,8.4,99
14-12-2019,22,5.4,0,7.3,97
15-12-2019,21.9,5.7,0,6.3,94
16-12-2019,22.2,5.7,0,6.3,94
17-12-2019,21,5.9,0,6.2,93
18-12-2019,20.5,6.1,0,7.6,98
19-12-2019,20.3,6.1,0,7.4,100
20-12-2019,20.5,4.4,0,9,100
21-12-2019,20.3,4.3,0,8.4,95
22-12-2019,21.6,4.6,0,7.9,94
23-12-2019,21.2,5.9,0,7.8,95
24-12-2019,19.8,3.4,0,8.7,92
25-12-2019,20.1,4.1,0,6.7,86
26-12-2019,20.8,5.8,0.1,6.4,87
27-12-2019,16,8.6,7.8,5.2,100
28-12-2019,17,6.8,0.9,8.5,100
29-12-2019,20.4,3.7,0,8,100
30-12-2019,21.1,3.3,0,9.2,99
31-12-2019,21.8,4.6,0,6.5,100
01-01-2020,17.8,7.2,17.1,6.1,100
02-01-2020,20.5,8.3,0,5.5,100
03-01-2020,18.6,10.2,26.1,12.5,100
04-01-2020,17.3,10.1,5.3,8.9,100
05-01-2020,17.7,8.9,1.3,10.9,100
06-01-2020,16.1,6,0,6.3,100
07-01-2020,18.4,3.3,0,8.4,100
08-01-2020,19.6,3.4,0,5.1,100
09-01-2020,18.9,7.2,1,7.5,99
10-01-2020,18.5,9.4,0,7.5,100
11-01-2020,17.7,6.6,0,9,100
12-01-2020,19.8,3.8,0,6.9,100
13-01-2020,20.4,4.7,0,9.5,100
14-01-2020,20,4.6,0,8.1,100
15-01-2020,21.3,4.4,0,6.5,99
16-01-2020,21.7,4.5,0,6.2,100
17-01-2020,22.1,4.6,0,5.7,99
18-01-2020,21.7,4.5,0,7.7,97
19-01-2020,21.8,3.8,0,6.1,99
20-01-2020,19,6.1,0.7,10.1,100
21-01-2020,19.5,6.9,0,8.2,100
22-01-2020,20.9,3,0,9.8,93
23-01-2020,19.3,3,2.3,11.9,91
24-01-2020,17.5,5.7,0,7.2,98
25-01-2020,18.2,1.4,0,7.9,92
26-01-2020,17.9,2.4,0,10.6,97
27-01-2020,17.1,2.1,0,10.7,98
28-01-2020,18.4,2.8,0,8.6,94
29-01-2020,19.1,4,0,6.6,91
30-01-2020,20.5,6.2,0.2,8.6,89
31-01-2020,17.8,8.5,2.5,9.7,98
01-02-2020,19.4,7.2,0,7.7,100
02-02-2020,17.9,4.2,0,8.7,97
03-02-2020,17.9,3.8,0,7.9,92
04-02-2020,19.1,0.9,0,7.8,97
05-02-2020,20.3,5.9,0,9.7,91
06-02-2020,19.4,5.6,0,7.9,88
07-02-2020,18.8,6.3,0,7.2,82
08-02-2020,20.1,8,0,5.6,86
09-02-2020,13.9,7.4,7.5,4.2,100
10-02-2020,20.2,5.8,0,6.9,100
11-02-2020,21,3.7,0,7.2,94
12-02-2020,21.1,3.8,0,6.3,91
13-02-2020,21,4.9,0,8,93
14-02-2020,19.8,6.2,0,11.3,94
15-02-2020,20.5,6.2,0,9.7,99
16-02-2020,22.9,7,0,7.7,94
17-02-2020,23.5,6.1,0,7.2,96
18-02-2020,22.8,5.3,0,7.6,98
19-02-2020,23.1,5.8,0,9,97
20-02-2020,23.3,5.4,0,8.4,96
21-02-2020,26.3,4.5,0,8.4,98
22-02-2020,27.3,5.3,0,11.3,95
23-02-2020,25.8,7.5,0,13.6,96
24-02-2020,24.7,6.7,0,7.9,93
25-02-2020,20.5,10.9,0.1,6.1,87
26-02-2020,17.9,7.8,2.4,9.6,100
27-02-2020,20.4,6,0,7.3,100
28-02-2020,22.8,5.3,0,9.3,97
29-02-2020,24.7,5.5,0,6.1,99
01-03-2020,25.7,7.3,0,8.7,92
02-03-2020,25.3,8.4,0,11,90
03-03-2020,22.8,8.7,0.4,11.2,91
04-03-2020,24.2,7.8,0.2,8.7,99
05-03-2020,23.9,8.3,0.5,13,97
06-03-2020,21.6,9.7,0.5,7.8,94
07-03-2020,19.3,8.8,0.7,5.9,100
08-03-2020,22.2,9.3,0.7,10.4,100
09-03-2020,23.3,10.7,0.7,8,97
10-03-2020,25.1,6.6,0,8.9,91
11-03-2020,26.5,7.4,0,10.1,82
12-03-2020,27.4,9.8,0,7.8,86
13-03-2020,28.9,10.9,0,9.2,94
14-03-2020,30.3,10.1,0,10.1,96
15-03-2020,29.2,11.1,0,12.1,97
16-03-2020,27.9,12.2,0,10,90
17-03-2020,27.6,10.5,0,14.6,87
18-03-2020,25.3,10.1,0,9.7,88
19-03-2020,27.1,9.5,0,8,91
20-03-2020,25.8,10.7,0,9.7,78
21-03-2020,24.8,11.3,0,11.2,83
22-03-2020,23.7,9.8,1.1,8.4,100
23-03-2020,23,9.8,0.4,8.7,100
24-03-2020,24.1,10.6,0.2,8.5,95
25-03-2020,27.8,8.9,0,9.3,95
26-03-2020,27,12.2,0,8.2,84
27-03-2020,29.8,11.9,0,10.1,93
28-03-2020,29.7,13.1,0,11.7,85
29-03-2020,29.4,15.1,0,12.3,88
30-03-2020,29.6,12.2,0,10.9,79
31-03-2020,29.6,10.7,0,9.8,69
01-04-2020,29.8,10.6,0,10.6,68
02-04-2020,30.1,11.4,0,12.2,71
03-04-2020,28.8,13.5,0.1,13.7,92
04-04-2020,28.5,14.6,0.1,15,96
05-04-2020,28.5,12.4,0.5,12.6,95
06-04-2020,28.6,13.4,0,13,92
07-04-2020,29.4,11,0,14.6,90
08-04-2020,29.6,13.4,0,12.4,77
09-04-2020,30,11.8,0,13.3,82
10-04-2020,30.1,13.5,0,11.8,89
11-04-2020,30.6,12.7,0,10.3,77
12-04-2020,30.3,12.9,0,13.6,85
13-04-2020,31.3,13.2,0,13.8,87
14-04-2020,31.5,14.4,0,10,84
15-04-2020,31.6,13.8,0,13,96
16-04-2020,26.9,14.7,5.5,12.2,95
17-04-2020,25.1,16,3.1,10.5,97
18-04-2020,28.2,14.4,1.4,10.5,96
19-04-2020,30.1,14.1,0,11.2,97
20-04-2020,30.3,14,0,13.2,90
21-04-2020,26.9,15.7,8,9.2,100
22-04-2020,24.8,14.4,2.2,11.2,100
23-04-2020,26.3,12.9,0,9.7,99
24-04-2020,26,14.3,12.1,11.4,100
25-04-2020,25.5,14.8,12.2,12,100
26-04-2020,24.4,13.4,2.3,8.4,100
27-04-2020,25.2,14.6,7.3,8.9,100
28-04-2020,25.2,14.1,6.5,6,100
29-04-2020,23.7,15.6,7.8,8.4,100
30-04-2020,24.5,15,5.6,9.8,100
01-05-2020,25.3,13.8,0.6,8,100
02-05-2020,26.3,14,11.1,5.1,100
03-05-2020,24.8,14.3,7.2,5,100
04-05-2020,25.3,15.3,3,11,100
05-05-2020,26.2,15.5,1.5,7.5,98
06-05-2020,27.6,15.9,0.1,12.3,100
07-05-2020,28.3,14.5,0,9.6,100
08-05-2020,29.2,14,0,9.8,95
09-05-2020,27.6,14.3,0.1,8.6,86
10-05-2020,29.7,13.4,0,6.6,93
11-05-2020,30.6,14.8,0,11,93
12-05-2020,30.5,16.6,0,11.7,94
13-05-2020,28.3,14.9,0.6,8.7,95
14-05-2020,30.2,15.1,0.1,11.5,98
15-05-2020,29,16.7,0.6,12.4,100
16-05-2020,28.9,16.9,0.4,10.8,100
17-05-2020,29.6,16.4,0.1,7.9,91
18-05-2020,31.9,17.3,0,10.7,86
19-05-2020,27.8,19,6.4,6.2,100
20-05-2020,28.3,19.1,21.5,3.8,100
21-05-2020,28.3,18.8,3.4,17.8,98
22-05-2020,26.1,18.2,6.3,15.8,98
23-05-2020,29.1,17.2,0.4,11.1,100
24-05-2020,29.3,19.9,0.9,15.5,98
25-05-2020,29.1,20.6,0.5,18.9,92
26-05-2020,29.1,20.1,0.1,17.9,89
27-05-2020,24.4,18.7,14,11.3,100
28-05-2020,22.8,17.2,70.7,7.7,100
29-05-2020,23,16.4,4.8,5.2,100
30-05-2020,25.3,16.9,4.8,8,100
31-05-2020,25.5,17.1,3.3,10.3,100
01-06-2020,25.6,16.7,2.1,10.3,100
02-06-2020,26.5,17.4,1.4,13,98
03-06-2020,26.9,18.1,5.5,9.7,97
04-06-2020,26.5,18,2.6,12.3,99
05-06-2020,27,17.8,2,7.9,99
06-06-2020,28.1,19,1.6,10.8,98
07-06-2020,27.5,18.6,1.6,9.7,99
08-06-2020,27.5,18.9,2.3,10.5,100
09-06-2020,30.5,19.1,14.8,8.2,100
10-06-2020,26.9,20,34.5,4.7,100
11-06-2020,25.2,19.8,32.1,7.7,100
12-06-2020,28.5,18.7,7.8,11.8,100
13-06-2020,27.2,18.6,6,8.5,100
14-06-2020,28.5,18.5,2.9,8.5,100
15-06-2020,26.8,19,9.9,11.2,100
16-06-2020,26.9,20.1,5,10.6,100
17-06-2020,22.7,19.6,23.8,13.3,100
18-06-2020,23.1,19.3,12.5,11,100
19-06-2020,23.5,18.9,7.3,7.6,99
20-06-2020,26.9,18.9,3.4,8.2,98
21-06-2020,28,18.7,9.4,12,100
22-06-2020,28.9,18,6,9.7,100
23-06-2020,26.6,18.8,4.3,12.5,97
24-06-2020,27.6,19.2,3.4,11.9,97
25-06-2020,27.5,19.8,1.7,12.5,96
26-06-2020,27.1,20,1.3,14,95
27-06-2020,26.6,19.5,5.8,15,100
28-06-2020,22.9,18.7,13,7.7,100
29-06-2020,27.2,18.2,3.7,9,100
30-06-2020,26.7,18.9,3,8,98
01-07-2020,25.5,20.3,8.2,12.3,98
02-07-2020,24,19.8,6.6,9.7,99
03-07-2020,26.4,19.5,6.8,6.4,99
04-07-2020,24.8,20.5,29.7,5,100
05-07-2020,25.9,19.8,8,11.1,100
06-07-2020,25.7,19.9,6.8,11.7,100
07-07-2020,28.6,19,1.6,10.9,99
08-07-2020,26.8,19.2,8.8,11.2,100
09-07-2020,23.9,19.7,4.8,14,100
10-07-2020,23.7,20.6,7.7,14.7,95
11-07-2020,24,19.7,7.4,14.7,100
12-07-2020,24.8,19.5,10,10.7,100
13-07-2020,27,19.2,4.7,12,100
14-07-2020,23.7,19.3,8.6,4.5,100
15-07-2020,27.8,18.9,3.6,9.5,100
16-07-2020,27.3,19.4,4.2,8.4,100
17-07-2020,27.7,19.2,2.1,10,97
18-07-2020,25.1,19.9,2.5,14,96
19-07-2020,24.7,19.9,12.7,13.8,100
20-07-2020,24.2,19.1,9.4,14.8,100
21-07-2020,23,19.2,8.5,11.5,100
22-07-2020,24.8,18.6,29.3,8,100
23-07-2020,25.4,18.2,5.2,10.8,100
24-07-2020,26.8,18.6,1.4,9,98
25-07-2020,27.9,18.5,1.5,8,98
26-07-2020,27.1,19.5,1,7.6,97
27-07-2020,25.9,19.9,4.9,6.5,100
28-07-2020,25.3,19.5,5.1,6.6,100
29-07-2020,25.3,18.9,4.1,8.8,100
30-07-2020,22.6,19.6,3.3,4.5,100
31-07-2020,26.7,18.3,1.6,6.3,100
01-08-2020,28.5,20.2,3.6,6.4,99
02-08-2020,26.4,19.9,14.2,6.6,100
03-08-2020,29.5,20.8,1.2,7.6,100
04-08-2020,27.3,21.3,9,9.5,100
05-08-2020,30.3,20.4,5.2,8.3,99
06-08-2020,27.3,20.7,19.8,7.8,100
07-08-2020,25.7,19.6,8.8,10.7,100
08-08-2020,27.4,19.3,1,6,99
09-08-2020,25,20.3,6.7,6.4,100
10-08-2020,25.3,19.7,1.5,4.9,98
11-08-2020,24.6,20.1,4.5,10.8,97
12-08-2020,26.6,19.6,2.9,10.6,100
13-08-2020,28.4,19.1,0.5,4,100
14-08-2020,29,19.8,46.7,6.3,100
15-08-2020,26.7,20.1,4.6,10.5,100
16-08-2020,26.2,19.9,3.9,15.4,100
17-08-2020,24.7,19.8,5.5,14.7,93
18-08-2020,23.3,19.4,11.7,10.6,95
19-08-2020,24.6,19.6,32.6,9.6,100
20-08-2020,24.4,19,20,3.3,100
21-08-2020,25.1,19.1,5.5,7.8,100
22-08-2020,24.8,18.3,11.7,12.7,100
23-08-2020,26.6,17.7,8.4,7.1,100
24-08-2020,25.7,18.6,2.7,6.5,100
25-08-2020,28.6,18.6,14.3,8.6,100
26-08-2020,27.3,19.6,11.8,9,100
27-08-2020,25.2,18.8,7.1,9.7,100
28-08-2020,25.7,18.4,2.4,10.8,98
29-08-2020,25.6,18.8,1.3,11.2,96
30-08-2020,25.4,18.7,2.3,7.2,99
31-08-2020,25.2,18.4,9.1,8,100
01-09-2020,24.1,19.3,5.2,5,100
02-09-2020,26.9,18.4,5.2,5.4,100
03-09-2020,27.1,18.4,2.8,6.4,100
04-09-2020,27.9,19.2,1.2,6.1,100
05-09-2020,26.4,19.6,3.1,7.9,98
06-09-2020,27.7,18.8,0.3,9.3,100
07-09-2020,26.3,19.6,1.2,9.2,99
08-09-2020,27.1,19.3,5.5,7.1,98
09-09-2020,26.4,18.8,8.8,5.8,100
10-09-2020,24.3,19.6,56.8,7.6,100
11-09-2020,25.9,19.4,4.6,8.3,100
12-09-2020,25.7,18.9,2.8,6.4,99
13-09-2020,24.4,19,6,7.7,100
14-09-2020,25.3,19.4,6.3,6.5,99
15-09-2020,26,18.8,5.7,10.5,98
16-09-2020,25,19,2.7,8.9,97
17-09-2020,26.9,18.2,4.2,8.4,100
18-09-2020,27.5,18.7,3.4,5.4,100
19-09-2020,31.3,18.3,2.8,6.2,100
20-09-2020,30.8,19.6,0.7,10,100
21-09-2020,23.8,20.5,15.5,6.6,100
22-09-2020,23.7,19.5,15.1,9.3,100
23-09-2020,24.7,18.5,13.3,12.2,100
24-09-2020,24.6,18.2,5.9,12.2,100
25-09-2020,24.7,17.9,7.5,10.4,100
26-09-2020,23.9,18.1,4.4,11,100
27-09-2020,26.6,18,3.5,8.4,100
28-09-2020,27.4,18.1,0.6,5.2,100
29-09-2020,26.8,18.6,0.5,3.6,100
30-09-2020,25.4,19.6,10.4,4,100
01-10-2020,27.7,19.1,9.5,9.5,100
02-10-2020,25.9,18.8,4.9,3.7,100
03-10-2020,25.4,18.9,2.8,5.4,100
04-10-2020,26.6,18.8,7.7,4.8,100
05-10-2020,25.3,18.9,12,4.7,100
06-10-2020,24.3,18.8,3.9,5.8,100
07-10-2020,25.4,18.7,3.2,4.2,100
08-10-2020,27.5,19,0,6.4,100
09-10-2020,28.6,19.1,6.1,5.3,100
10-10-2020,27.8,19.3,0.6,3.9,100
11-10-2020,28,18.9,2.7,6.8,100
12-10-2020,27.8,17,0.6,4.6,100
13-10-2020,28.7,18.3,1.7,7.8,100
14-10-2020,28.6,18.6,1.2,6.9,100
15-10-2020,28.7,17.7,0.6,7.3,100
16-10-2020,28.7,18,0.3,6.6,99
17-10-2020,28.8,16.6,1,4.5,97
18-10-2020,25.1,19.7,14.4,4,100
19-10-2020,25,18.8,1.8,4,100
20-10-2020,24.3,17.3,4.8,4.8,100
21-10-2020,24.9,18.6,5.7,6.4,100
22-10-2020,21.3,19.2,66.8,4.2,100
23-10-2020,21,18.1,16.2,4.7,100
24-10-2020,23.9,17.9,16.8,10.8,100
25-10-2020,24.3,16.7,1.9,6.4,100
26-10-2020,25.4,16.4,0,6.6,100
27-10-2020,26.3,16,1.2,7,100
28-10-2020,26.6,16.3,4.5,6.5,100
29-10-2020,27.9,16.9,0.2,5.4,100
30-10-2020,29.6,15.5,0.4,6.2,99
31-10-2020,21.4,17.9,9.8,4.2,100
01-11-2020,22.3,17.7,8.8,2.6,100
02-11-2020,23.1,17.7,3.3,7.1,100
03-11-2020,24.1,17.3,3.2,6.5,100
04-11-2020,22.3,15.5,5.7,6.9,100
05-11-2020,22.9,12.9,0.4,6,100
06-11-2020,23.7,11.9,0,6.6,99
07-11-2020,25.2,11.5,0,7.2,100
08-11-2020,25.8,11.5,0,6.6,100
09-11-2020,25.7,10.5,0,6.5,100
10-11-2020,25.8,10.6,0,6.8,100
11-11-2020,26.6,10.7,0,6.6,100
12-11-2020,26.5,11,0,6.1,100
13-11-2020,27,11.4,0,5.4,100
14-11-2020,26.9,10.3,0,6,99
15-11-2020,27.2,10.2,0,5.7,99
16-11-2020,26.5,10.5,0,5.9,98
17-11-2020,23.4,11.2,0,7.4,97
18-11-2020,22.7,9.3,0,7.2,94
19-11-2020,23.1,6.9,0,8.2,92
20-11-2020,24.3,8.2,0,5.8,98
21-11-2020,23.2,10.8,1.5,7.2,97
22-11-2020,20.3,11.4,5.6,8.2,100
23-11-2020,23.3,9.5,0,6.3,100
24-11-2020,25,4.5,0,8.1,98
25-11-2020,25.8,5,0,6.3,98
26-11-2020,25.4,5.7,0,6.1,95
27-11-2020,25.8,5.6,0,6.5,98
28-11-2020,25.1,10.2,0,5.3,97
29-11-2020,26.2,7.6,0,6.6,99
30-11-2020,25.3,8.4,0,7.4,97
01-12-2020,25.3,7.8,0,7.8,99
02-12-2020,24.3,7.2,0,10.2,95
03-12-2020,23.9,7,0,10.3,97
04-12-2020,23.2,5.9,0,9.8,96
05-12-2020,22.6,5.1,0,10.3,98
06-12-2020,22.5,4.9,0,8.9,99
07-12-2020,22.2,5.1,0,8.5,98
08-12-2020,22.8,5.3,0,8,98
09-12-2020,21.5,4.7,0,5.4,99
10-12-2020,22.2,4.8,0,5.9,100
11-12-2020,22.4,4.8,0,5.9,100
12-12-2020,22.8,6,0,8.4,100
13-12-2020,22.3,5.8,0,8.2,100
14-12-2020,23,6.7,0,8.3,99
15-12-2020,22.8,6,0,8.7,94
16-12-2020,24.3,7,0,9.2,89
17-12-2020,22.4,6.5,0,8.3,91
18-12-2020,19.8,4.9,0,8.2,91
19-12-2020,21.9,1.9,0,7.7,93
20-12-2020,23,1.7,0,6.5,82
21-12-2020,23,2.9,0,6.9,88
22-12-2020,22.7,5,0,8,93
23-12-2020,22.3,4.2,0,6.1,98
24-12-2020,23,3.9,0,5.4,100
25-12-2020,22.9,2.9,0,8.8,100
26-12-2020,23.4,3.1,0,8.7,91
27-12-2020,23.4,1.9,0,9,95
28-12-2020,22.8,2.7,0,9,81
29-12-2020,22.2,2.1,0,5.9,89
30-12-2020,23.5,2,0,6.9,87
31-12-2020,24.2,2.3,0,9.2,79
01-01-2021,24,3.4,0,8.5,99
02-01-2021,23.7,4.1,0,8.8,97
03-01-2021,24.7,2.9,0,6.5,100
04-01-2021,26.1,5.4,0,8,86
05-01-2021,26.5,6.6,0,6.6,87
06-01-2021,25.7,7,0,6.8,87
07-01-2021,24.8,8.3,0,9,84
08-01-2021,24.3,7,0,8.3,86
09-01-2021,24.6,6.4,0,9.3,81
10-01-2021,23.2,6.5,0,7.6,90
11-01-2021,21.4,9.5,0.2,7.6,95
12-01-2021,22.3,5.9,0,9.6,100
13-01-2021,19.7,4.9,0,8.6,92
14-01-2021,20.6,6.8,0,9.7,88
15-01-2021,20,2.6,0,7.9,99
16-01-2021,19.2,3.4,0,7.7,96
17-01-2021,20.6,3.3,0,8.4,96
18-01-2021,22.4,4.1,0,9.8,99
19-01-2021,19.7,6.8,0,12.5,95
20-01-2021,20.7,5,0.4,13,99
21-01-2021,19.4,7.8,1.1,11.2,95
22-01-2021,20.9,3.6,0,8.3,95
23-01-2021,20.4,5.1,0,9.5,94
24-01-2021,20.8,3.3,0,8.5,93
25-01-2021,20.8,2.9,0,9.7,94
26-01-2021,20.5,1.6,0,8.4,91
27-01-2021,21.6,1.8,0,7.7,95
28-01-2021,23.8,1.8,0,8,100
29-01-2021,24.1,1.1,0,11.6,100
30-01-2021,21.5,4,0,12.2,97
31-01-2021,20,6.1,0,10.5,96
01-02-2021,20.3,1.5,0,8.3,91
02-02-2021,20.9,1.1,0,8,99
03-02-2021,22.7,2.1,0,8.4,98
04-02-2021,23.9,2.6,0,6.8,100
05-02-2021,23.9,4.1,0,8.8,90
06-02-2021,22.8,3.4,0,8.7,92
07-02-2021,20.4,5.4,1.6,11.2,95
08-02-2021,21.7,3.8,0,10.2,100
09-02-2021,23.5,3.6,0,7.6,99
10-02-2021,24.7,4.3,0,10.5,96
11-02-2021,21.8,4.9,0,7.1,88
12-02-2021,23.6,4.4,0,9.2,96
13-02-2021,23.5,4.8,0,8.2,93
14-02-2021,23.5,5,0,8.2,89
15-02-2021,22.5,5.5,0,8.7,87
16-02-2021,23.3,3.7,0,7.4,96
17-02-2021,25.5,4.8,0,8.4,94
18-02-2021,26.5,5.5,0,8.9,97
19-02-2021,25.4,7.9,0,7.6,86
20-02-2021,24.1,9.6,0,6.9,94
21-02-2021,25.4,9.3,0,8.7,88
22-02-2021,25.5,8.1,0,9.2,94
23-02-2021,25.4,7.6,0,10.5,94
24-02-2021,24.3,7.6,0,10.2,90
25-02-2021,24.5,9.5,0,10.9,93
26-02-2021,25.3,9.7,0,11.7,97
27-02-2021,26,8.1,0,13.3,98
28-02-2021,26.3,8.7,0,13.7,99
01-03-2021,27.3,8.7,0,14,93
02-03-2021,27,8,0,10.9,99
03-03-2021,26.6,9.8,0,14.2,84
04-03-2021,25.4,10.4,0,12.6,94
05-03-2021,25.3,9.8,0,14,95
06-03-2021,25.8,11.6,0,16.3,91
07-03-2021,26.6,9.4,0,14.2,92
08-03-2021,24.9,11.3,0.6,11.9,95
09-03-2021,27.8,10.9,0.1,16.1,94
10-03-2021,28.2,10.4,0,12.8,95
11-03-2021,28.9,10.1,0,12.6,79
12-03-2021,29,10.9,0,12.2,71
13-03-2021,30.2,10.9,0,11.9,85
14-03-2021,27.8,10.9,0,14.1,94
15-03-2021,27.7,10.4,0,11.3,94
16-03-2021,28.6,10.3,0,10,93
17-03-2021,28.9,9.4,0,11,86
18-03-2021,28.8,9.6,0,9.8,89
19-03-2021,29.9,9,0,10.3,79
20-03-2021,29.3,10.5,0,10.7,79
21-03-2021,29.2,13.3,0,9.2,71
22-03-2021,31,12.6,0,12.2,80
23-03-2021,30.6,12.3,0,12.5,78
24-03-2021,30.2,12.5,0,11.7,67
25-03-2021,29.4,14.2,0,10.1,73
26-03-2021,29.1,11.3,0,9.7,78
27-03-2021,30.1,11.6,0,11.4,64
28-03-2021,29.4,12.3,0,9.9,71
29-03-2021,29.5,13.4,0,11.5,64
30-03-2021,25.3,13.3,3.4,16.5,90
31-03-2021,28.3,15.8,0.5,18.3,91
01-04-2021,27.9,17.7,2.3,17.1,91
02-04-2021,28.1,16.4,0.7,12.9,98
03-04-2021,30.6,12,0,11.5,97
04-04-2021,30.7,10,0,11,93
05-04-2021,29.4,12.4,0,11.8,68
06-04-2021,30.1,10.9,0,11.7,86
07-04-2021,28.9,12.4,0,12.2,81
08-04-2021,29.1,13.1,0,12.6,91
09-04-2021,29.8,14.7,0,11.2,96
10-04-2021,31,15.1,0,13.6,85
11-04-2021,31.2,15.5,0,11.9,93
12-04-2021,31,13.8,0,14,74
13-04-2021,31,15.7,0,10,80
14-04-2021,31.9,13.6,0,11.6,92
15-04-2021,32.1,13.5,0,13.4,78
16-04-2021,30,16.7,0.6,13.1,91
17-04-2021,29.2,15.3,17.2,10.2,98
18-04-2021,28.6,12.8,0.1,11.1,82
19-04-2021,28.9,15.4,5.3,13.8,100
20-04-2021,29.2,13.8,0,12.1,98
21-04-2021,31.5,11.5,0,11.3,92
22-04-2021,31.6,13.5,0.1,12.4,91
23-04-2021,30.3,15.3,0,10.9,97
24-04-2021,30.2,13.1,0,10.1,90
25-04-2021,32.1,11.1,0,13.2,94
26-04-2021,31,12.4,0,9.3,90
27-04-2021,32.1,16.6,0,11.7,73
28-04-2021,30.4,17.1,0,10.6,88
29-04-2021,30.2,16.1,0,8,99
30-04-2021,30.7,15.8,0.1,10.1,100
01-05-2021,28.9,16.2,0.9,9.7,100
02-05-2021,28.2,14.6,0.8,11.5,100
03-05-2021,26.8,15.6,8,9.8,99
04-05-2021,26,15.2,0.5,10.1,99
05-05-2021,28.3,15,0.7,10.6,100
06-05-2021,29.4,14.5,3.6,12.6,99
07-05-2021,29.9,13.4,0,10.1,100
08-05-2021,27.3,16,2.8,11.8,100
09-05-2021,29.8,14.7,0,9.8,100
10-05-2021,28.4,16,0.4,9.4,100
11-05-2021,29.2,16.5,0.7,13.8,94
12-05-2021,25.3,17.1,6.3,9.4,96
13-05-2021,27.3,15.3,4.5,9.7,98
14-05-2021,25.3,16.1,4,12.2,100
15-05-2021,28.9,17.1,0.2,10.5,96
16-05-2021,28.8,15.8,0.3,10,96
17-05-2021,29.9,17.5,0.7,9.7,88
18-05-2021,30.2,17.7,0.3,11,98
19-05-2021,28.8,20.1,1.2,13,98
20-05-2021,29.8,20,0.8,12,97
21-05-2021,30.1,18.7,0.2,9.4,100
22-05-2021,31.4,20.5,1.7,9.7,97
23-05-2021,32.7,19.9,10.5,11.5,100
24-05-2021,34.5,20.6,5.3,9.5,100
25-05-2021,32.7,19,13.1,13.2,100
26-05-2021,30,20,6,7.1,100
27-05-2021,30.7,17.8,0,11.3,99
28-05-2021,29.1,18.8,1,10,90
29-05-2021,29.4,18.9,0.4,8,94
30-05-2021,28.9,19.8,2.6,9.1,96
31-05-2021,29.8,19.3,1.5,14,94
01-06-2021,27.8,19.9,9,15.6,100
02-06-2021,25.3,19.6,19.8,12.3,100
03-06-2021,27,18.8,3.2,11.4,97
04-06-2021,27.4,19.5,4.5,9.7,97
05-06-2021,27.7,19.4,7.1,11.7,97
06-06-2021,25.2,19.2,33.7,10.7,100
07-06-2021,26.8,18.7,6.5,13,100
08-06-2021,26.7,19.1,3.1,9.7,98
09-06-2021,28.7,18.4,7.5,7.2,100
10-06-2021,23.5,19.7,37.6,6.8,100
11-06-2021,28.2,19,9.6,7.1,100
12-06-2021,27.1,19.2,13,4.9,100
13-06-2021,28.6,19.1,19.4,10,100
14-06-2021,29.7,19.4,6.4,8.3,99
15-06-2021,30,19.4,12.7,11.2,100
16-06-2021,25.1,19.4,9.4,10.2,98
17-06-2021,27.6,19.2,2.2,11,98
18-06-2021,25.9,19.4,2.4,12.5,100
19-06-2021,23.5,19,20.5,11,100
20-06-2021,21.7,17.9,24.6,8.4,100
21-06-2021,26,17.2,9.7,8.3,100
22-06-2021,26.1,19.3,9.5,7.4,100
23-06-2021,26.9,18.4,9.2,9.2,100
24-06-2021,26.1,18.6,3.9,11.3,97
25-06-2021,27.6,18.4,4.1,10.9,97
26-06-2021,27.5,18.7,2.2,10.6,98
27-06-2021,28,19.5,5,11.4,100
28-06-2021,23.9,19.6,6.7,14.5,100
29-06-2021,23.5,19.6,10.2,12.7,100
30-06-2021,23.7,19.5,20.9,11.8,100
01-07-2021,21.9,19.4,57.3,11.3,100
02-07-2021,22.4,19.1,47.1,7.5,100
03-07-2021,22.3,19,7.5,9.6,100
04-07-2021,26.5,19,4,11.2,97
05-07-2021,27.6,17.7,1.6,11.5,100
06-07-2021,26.5,18.5,2.1,12.5,100
07-07-2021,26.8,19.9,8.7,9.3,100
08-07-2021,27.7,19.3,3.2,5.9,100
09-07-2021,27.6,19.3,15.9,6.3,100
10-07-2021,25.9,19.8,6.7,7.5,100
11-07-2021,25.2,19.4,5.9,8.5,100
12-07-2021,27.6,19.2,26.5,6.7,100
13-07-2021,27.8,19.8,32.7,9.2,100
14-07-2021,27.7,18.5,0.5,8,100
15-07-2021,28,18.3,6.1,8,100
16-07-2021,26.7,19.3,7.2,7.9,100
17-07-2021,23.7,19.8,7.8,4.4,100
18-07-2021,26.8,18.9,9.1,7,100
19-07-2021,22.6,19.7,9.9,3.9,100
20-07-2021,26.2,19.5,3.1,9.3,100
21-07-2021,27.3,19.2,2,4.6,100
22-07-2021,28.5,20,9.7,8,99
23-07-2021,26.5,20.1,34.5,7,100
24-07-2021,27.2,19.3,2.8,12.5,100
25-07-2021,26.4,19.9,2.3,12.3,97
26-07-2021,27.9,19.4,1.8,6.4,98
27-07-2021,26.6,19.9,13.8,7.9,100
28-07-2021,25.7,20.2,24.3,10.5,100
29-07-2021,24.9,19.9,27,4,100
30-07-2021,26.9,19.8,5,12.8,100
31-07-2021,26.3,19.7,5,11.4,98
01-08-2021,24.1,19.5,17.6,7.9,100
02-08-2021,22.7,19.6,9.4,4.5,100
03-08-2021,24.8,18.7,7.1,6.9,100
04-08-2021,27.5,18.7,16.5,8,100
05-08-2021,28.8,19.6,7.8,6.7,100
06-08-2021,26.1,19.7,11.2,8.4,100
07-08-2021,24.4,20,2.4,10.2,95
08-08-2021,24.6,19.5,4.7,11.7,95
09-08-2021,24.7,19.5,6.2,11.2,100
10-08-2021,26.3,19.6,1.5,11.6,96
11-08-2021,26.6,19.2,3.9,11.2,97
12-08-2021,25.9,20.8,2.7,9.7,96
13-08-2021,26.3,20.4,4.1,13.6,97
14-08-2021,25.3,19.3,7.3,8.7,100
15-08-2021,24.1,19.6,1.5,4.7,100
16-08-2021,23.2,19.3,11.9,3.7,100
17-08-2021,23.4,19.5,10.5,10.5,100
18-08-2021,24,19.2,7,12.4,100
19-08-2021,23.4,18.8,4,9.3,100
20-08-2021,24.6,18.5,11.7,5.8,100
21-08-2021,25.7,19.4,8.2,7.3,100
22-08-2021,25.3,18.5,0.6,9.3,100
23-08-2021,25,19.4,1.4,12.5,95
24-08-2021,25.8,18.8,3.1,10.2,96
25-08-2021,26,19.8,5,11.2,99
26-08-2021,27.2,19.6,8.2,8.1,99
27-08-2021,25,19.4,4.7,6.1,100
28-08-2021,27.1,19.4,17.1,6.1,100
29-08-2021,25.9,19.2,10.7,6.3,100
30-08-2021,22.8,19.2,7.5,4.3,100
31-08-2021,27.5,18.9,6.5,7.1,100
01-09-2021,24.9,18.8,9.2,4.3,100
02-09-2021,26.4,19.5,4,7.6,100
03-09-2021,26.9,19,7.7,7.9,100
04-09-2021,27.6,19.1,4.7,8.4,100
05-09-2021,28.1,19.9,6.6,5.9,100
06-09-2021,29.7,19.4,3,5,100
07-09-2021,27.1,18.8,18.5,8.2,100
08-09-2021,24.2,19.1,5.2,6.3,100
09-09-2021,26.7,18.8,1.7,4.6,100
10-09-2021,28.6,18.4,0.1,8.9,100
11-09-2021,30,18.2,0.3,7.6,100
12-09-2021,30.6,18.9,0.3,9.3,100
13-09-2021,25.4,18.6,22.4,8.9,100
14-09-2021,27.4,19,9,6.4,100
15-09-2021,26.7,17.9,3.9,5.6,100
16-09-2021,25.6,19.2,1.5,7.2,100
17-09-2021,26.9,19.1,12.8,6.2,100
18-09-2021,22.1,19.4,30.7,3.9,100
19-09-2021,23,18.8,11.2,6.4,100
20-09-2021,25.8,17.5,3.7,7.4,100
21-09-2021,22.3,18.2,8.4,4.1,100
22-09-2021,26.5,17.3,0.8,5.8,100
23-09-2021,27.1,17.8,3.7,4.7,100
24-09-2021,28.9,18.6,2.2,5.4,100
25-09-2021,29.8,18.5,4.4,4.7,100
26-09-2021,28.9,18.4,0,4.9,99
27-09-2021,29.1,17.9,0.7,9,96
28-09-2021,27.5,18,8.5,6.6,100
29-09-2021,26.7,19,12.2,5.6,100
30-09-2021,28.3,18.5,0,8,100
01-10-2021,27.1,17.7,2.3,7.2,100
02-10-2021,25.4,18.2,21.7,8.5,100
03-10-2021,25.7,18.1,3.4,7.6,100
04-10-2021,26.7,18.6,1.2,7.5,100
05-10-2021,26.8,17.7,1.3,7.9,100
06-10-2021,27,17.5,1.1,6.1,100
07-10-2021,26.8,18.2,1.7,4.9,100
08-10-2021,27.2,18.3,2.4,6.4,100
09-10-2021,25.8,18.7,3.2,5.1,100
10-10-2021,27.8,18.4,1.1,6.2,100
11-10-2021,29.6,19.2,2,5.9,100
12-10-2021,30.4,19.5,1.3,5.8,100
13-10-2021,30.9,17.9,11.9,12.3,100
14-10-2021,29.4,18.2,3.1,5.1,100
15-10-2021,30,17.7,0.8,6.7,100
16-10-2021,29.7,18.1,0,8.6,98
17-10-2021,28.3,17.5,0.4,10.1,97
18-10-2021,27.4,18.8,21.5,8.3,100
19-10-2021,25.8,17.4,4.1,5.5,100
20-10-2021,25.3,17.9,18.6,12,100
21-10-2021,21.3,18.2,9.4,8.1,100
22-10-2021,24.5,15.9,0.6,8.5,100
23-10-2021,24.8,13.8,0.1,6.2,96
24-10-2021,25.5,12.6,0,7.4,98
25-10-2021,25.3,12.8,0.1,7.7,96
26-10-2021,24.6,16.2,0.6,5.6,100
27-10-2021,24.3,16.1,2.5,5.1,100
28-10-2021,25.5,15,0.6,5.9,100
29-10-2021,26.3,15.8,0.7,4.9,100
30-10-2021,25.8,15.1,0.2,6.8,100
31-10-2021,24.3,15.5,1.5,6.3,100
01-11-2021,24.5,14.4,0.1,6.2,100
02-11-2021,25.4,11.8,0,7.3,94
03-11-2021,25.4,14,0,8.1,93
04-11-2021,24.7,12.3,0,7.6,98
05-11-2021,24.6,10,0,4.6,100
06-11-2021,24.4,10.5,0,4.5,99
07-11-2021,25.6,9,0,6.6,99
08-11-2021,26.4,9,0,6.2,99
09-11-2021,26.4,10.9,0,8,92
10-11-2021,25.8,13.1,0,6.9,98
11-11-2021,25.7,13.7,0,7.1,97
12-11-2021,25.7,14.1,0.4,7.6,96
13-11-2021,23.1,16.2,5.5,6.2,100
14-11-2021,21.6,15.9,5.9,5.5,100
15-11-2021,19.9,16.6,16.6,3.7,100
16-11-2021,22.8,16.8,13.5,6.2,100
17-11-2021,24.7,12.6,0,4.8,100
18-11-2021,25.7,9.5,0,7.8,100
19-11-2021,24.8,8.5,0,7.9,99
20-11-2021,24.1,9.8,0,8.2,95
21-11-2021,23.8,10.4,0,6.5,93
22-11-2021,24.1,10,0,5.6,99
23-11-2021,23.7,9.9,0,6.2,87
24-11-2021,23.3,9.5,0,7.1,94
25-11-2021,22.9,9.2,0,7.4,93
26-11-2021,22.2,7.6,0,7.1,94
27-11-2021,22.9,6.9,0,5.8,95
28-11-2021,23.9,6.7,0,8.7,99
29-11-2021,23.8,7.5,0,7,97
30-11-2021,23.9,7.8,0,6.9,99
01-12-2021,24.3,7.6,0,6.3,100
02-12-2021,23.8,8.1,0,5,98
03-12-2021,23.8,7,0,9.8,99
04-12-2021,23.2,9.4,0.1,5.8,97
05-12-2021,21.4,14.4,0,4.1,97
06-12-2021,17.4,14.7,32.5,3.8,100
07-12-2021,20.3,15.5,13.3,9.7,100
08-12-2021,21.3,13.6,0.8,7.4,100
09-12-2021,23.5,12.5,3.1,5.4,100
10-12-2021,20,14,1.5,6,100
11-12-2021,20.1,8.1,0,9.2,98
12-12-2021,20.1,3.4,0,5.8,99
13-12-2021,21.3,5,0,7.1,99
14-12-2021,21.8,5.5,0,9.9,100
15-12-2021,21,4.9,0,7.1,100
16-12-2021,20.7,3.7,0,5.4,95
17-12-2021,21.9,4,0,5.4,96
18-12-2021,21.2,2.8,0,5.8,100
19-12-2021,21.2,3.9,0,9.3,100
20-12-2021,20.7,7.4,0,7.3,95
21-12-2021,21,5.3,0.4,6.7,100
22-12-2021,17.9,7.3,1.4,8,100
23-12-2021,17.7,6.5,0,5.9,100
24-12-2021,19.3,3,0,6.3,100
25-12-2021,19.9,4.7,0.2,8.4,94
26-12-2021,19.6,4.6,0,6.5,94
27-12-2021,20,4.3,0,6.9,94
28-12-2021,20.7,4.1,0,6.9,95
29-12-2021,21.9,4.3,0,6.6,99
30-12-2021,22.5,5.4,0,8.4,95
31-12-2021,21.2,5.1,0,7.8,100
01-01-2022,20.3,4.6,0,6.6,93
02-01-2022,21.2,4.3,0,6.2,95
03-01-2022,21.8,3.3,0,8.4,100
04-01-2022,21.5,4.4,0,5.9,91
05-01-2022,21.8,3.3,0,8,93
06-01-2022,21.7,3.4,0,6.2,88
07-01-2022,23.5,5.5,0,6.8,88
08-01-2022,23.7,6.2,0,6.5,89
09-01-2022,23.2,6.1,0,6.5,90
10-01-2022,22.6,5.7,0,6.2,92
11-01-2022,23.4,6.6,0,7.6,91
12-01-2022,20.5,7.3,5,9.1,93
13-01-2022,19.9,8,0,7.7,97
14-01-2022,18.3,7.3,0.1,6.3,97
15-01-2022,18.9,6.8,0,5.6,100
16-01-2022,19.7,7.3,0.3,8.6,100
17-01-2022,21.3,4.7,0,6.4,100
18-01-2022,21.5,4.6,0,9.8,98
19-01-2022,18.4,6.2,0.1,8.4,93
20-01-2022,18.1,5.1,0.6,9.4,93
21-01-2022,18.3,4.4,0.2,10.2,99
22-01-2022,18.9,3.9,0,6.6,96
23-01-2022,21.2,8.6,0.1,9.8,90
24-01-2022,16.7,10.9,5.3,6.6,100
25-01-2022,18,10.2,0.7,8,96
26-01-2022,18.1,7.3,0.2,8.3,100
27-01-2022,16.8,8.3,3.8,11.6,96
28-01-2022,16.3,5.9,0.5,9.1,100
29-01-2022,16.6,1.7,0,6.9,96
30-01-2022,17.1,2,0,11.7,98
31-01-2022,16.9,5.1,0,10.2,87
01-02-2022,18.6,2.6,0.7,11.7,99
02-02-2022,18.7,7.4,0.9,11.1,94
03-02-2022,21,6.1,0,8.7,87
04-02-2022,22.6,4.4,0,10.5,99
05-02-2022,17.3,9.6,8.4,12.9,100
06-02-2022,16.2,5.4,0.1,8.7,100
07-02-2022,18.3,2.6,0,9.5,90
08-02-2022,18.3,2.3,0,7.4,94
09-02-2022,18.9,2.8,0,8.2,90
10-02-2022,20.1,3.6,0,7.4,87
11-02-2022,20.2,7.5,0,9.9,88
12-02-2022,18,6.3,0.4,8.7,89
13-02-2022,22.7,1.1,0,8.4,98
14-02-2022,23.7,3,0,9,94
15-02-2022,23.6,3.1,0,8.2,89
16-02-2022,22.4,2.8,0,8.4,85
17-02-2022,22.5,4,0,9.6,86
18-02-2022,21.9,3.6,0,7.1,84
19-02-2022,21.8,3.8,0,9.7,86
20-02-2022,21.9,4.2,0.4,12.9,84
21-02-2022,21,8.6,2,15.9,96
22-02-2022,20.8,4,0,8.7,99
23-02-2022,23.8,5.2,0,13.4,88
24-02-2022,23,6.3,0,10.8,98
25-02-2022,25.2,7.9,0.1,10.9,94
26-02-2022,25,7.8,0,12,88
27-02-2022,25.2,7.5,0,10.5,89
28-02-2022,24.1,8.6,0,11.5,82
01-03-2022,25.1,8.5,0,9.8,89
02-03-2022,26.6,6.2,0,9.4,90
03-03-2022,26.7,6.2,0,11.1,80
04-03-2022,26.5,6.5,0,10.6,73
05-03-2022,24.8,6.5,0,10.2,72
06-03-2022,26.9,5.9,0,12,87
07-03-2022,30.2,5.6,0,11.2,96
08-03-2022,30,12.6,0,13.3,77
09-03-2022,29.6,10.4,0,7.6,87
10-03-2022,29.9,10.3,0,6.4,85
11-03-2022,29.4,11.2,0,7.9,87
12-03-2022,29.8,10.7,0,9.4,90
13-03-2022,30.5,9.9,0,5.5,91
14-03-2022,30.5,11.4,0,8,82
15-03-2022,30.2,12,0,7.7,86
16-03-2022,29.6,12.2,0,7.5,85
17-03-2022,29.7,11.5,0,10,87
18-03-2022,30.9,12.5,0,10.2,87
19-03-2022,30.5,12.6,0,8.4,86
20-03-2022,30.3,12.9,0,9.9,91
21-03-2022,30.5,10.8,0,9.8,86
22-03-2022,30.8,11.2,0,9.6,74
23-03-2022,31.1,14.5,0,11.6,83
24-03-2022,27.3,15.7,1.3,15.1,94
25-03-2022,26.8,15.9,3.9,15.8,95
26-03-2022,25.2,15.4,16.5,19.3,100
27-03-2022,25.8,14,4.5,9,100
28-03-2022,26.2,13.8,1.9,9.7,100
29-03-2022,26.5,13.2,0.1,9.2,98
30-03-2022,25.4,15.9,0.1,8.2,97
31-03-2022,27.4,13.6,0,12,100
01-04-2022,27.9,14.3,0,11.4,99
02-04-2022,28.4,16.4,0.3,6.6,93
03-04-2022,28,14.3,1.1,14.8,95
04-04-2022,26.4,16.8,0.8,16.5,92
05-04-2022,28.6,17.1,0.3,10.7,93
06-04-2022,29.6,14.7,0,9.5,98
07-04-2022,31.4,14.8,0,12.6,93
08-04-2022,30.9,14.1,0,13.2,78
09-04-2022,28.6,13.4,0.2,18.7,90
10-04-2022,29.1,14.3,1.3,14.1,98
11-04-2022,27.2,16.1,13,12.8,98
12-04-2022,27.9,15.3,0.6,10.2,96
13-04-2022,28.7,15.2,0.1,11.6,95
14-04-2022,28.9,15.9,0.6,17.3,95
15-04-2022,28,18.1,0.3,18.7,93
16-04-2022,28.7,16.3,23.3,15.9,98
17-04-2022,29,16.2,0.3,13.8,97
18-04-2022,29.8,17.9,0.6,13,93
19-04-2022,28.3,16.2,2.5,12.9,93
20-04-2022,25.3,14.8,19.6,9.7,100
21-04-2022,25.7,13.9,1,9,100
22-04-2022,24.5,16.4,3,11.1,98
23-04-2022,27.9,16.7,0.5,10.7,97
24-04-2022,29.4,15.9,0,11.6,97
25-04-2022,30.4,15.4,0,12.3,96
26-04-2022,30.4,14.9,0,10.5,99
27-04-2022,31.2,14.7,0,12.3,99
28-04-2022,32.3,14.5,0.3,13,97
29-04-2022,32.2,16.2,0.2,11.6,91
30-04-2022,31,14.6,0.6,13.8,100
01-05-2022,30.2,14.8,0,12.3,98
02-05-2022,27.7,15.3,8.4,14.8,100
03-05-2022,29.2,14.2,7.5,12.3,100
04-05-2022,25.2,15.9,31.5,7.5,100
05-05-2022,27.1,15.1,1,7.6,99
06-05-2022,28.4,14.7,0.5,7.9,99
07-05-2022,29.3,15.4,0,9,100
08-05-2022,30.9,15.8,0,9.7,94
09-05-2022,24.9,18.2,9.9,4.6,100
10-05-2022,25.6,18.6,7,9.2,100
11-05-2022,27.5,18.8,7.2,13.1,100
12-05-2022,24.7,18,8.2,12,100
13-05-2022,25,17.8,3.2,17.3,100
14-05-2022,27.1,19,2,15.3,95
15-05-2022,28.6,18.8,9.4,16.2,99
16-05-2022,28,18.2,1.4,11.2,97
17-05-2022,25.9,18.8,1.4,13.5,96
18-05-2022,27.5,19.1,4.6,13.8,95
19-05-2022,29.8,18.7,5.3,14,97
20-05-2022,28,17.8,0.8,12.7,98
21-05-2022,28.9,17.2,13.1,12.7,100
22-05-2022,28.8,17.9,2.6,9.5,97
23-05-2022,27,16.4,1.7,7.1,96
24-05-2022,26.4,19.8,0.4,6,95
25-05-2022,24.8,18.7,3.4,6.9,95
26-05-2022,27.3,17.2,1.5,10.4,95
27-05-2022,27.4,17,2.1,12.5,97
28-05-2022,27.7,16.7,0.5,11.3,98
29-05-2022,29.1,16.1,3.1,10.5,99
30-05-2022,29.2,17,6.5,8.3,100
31-05-2022,26.9,18.1,10.3,7.4,100
01-06-2022,29.2,17.7,4.1,10,98
02-06-2022,25.8,18.5,17.6,8.9,100
03-06-2022,26.4,17.7,5,15.1,100
04-06-2022,25.1,19.6,1.6,11.6,95
05-06-2022,27.4,19.6,2.9,11.6,94
06-06-2022,28.8,18.5,1.7,11.6,96
07-06-2022,29.6,18.9,0,9.7,98
08-06-2022,29.7,19.3,5,10.6,96
09-06-2022,28.2,19,3.8,13.6,97
10-06-2022,28.5,19.6,6.3,14,98
11-06-2022,28.7,18.6,0.9,11.5,98
12-06-2022,29.5,18.5,3.5,12.3,100
13-06-2022,28.9,19.3,2.7,13.6,100
14-06-2022,29,18.5,4.1,12.8,96
15-06-2022,25.5,19.2,10.6,14.1,100
16-06-2022,24.5,19.3,13.5,14.3,95
17-06-2022,21.5,18.2,8.2,13.8,100
18-06-2022,24.3,18.1,19.1,14.8,100
19-06-2022,25.1,18.1,39.5,13.2,100
20-06-2022,20.8,18.2,16.6,8.7,100
21-06-2022,27.9,17.6,14.3,9.1,100
22-06-2022,26.2,18.3,5.2,7.1,100
23-06-2022,27.1,18.4,3.2,10.8,100
24-06-2022,26.8,18.1,14,9.5,98
25-06-2022,27.3,17.8,1.4,7.9,99
26-06-2022,28.8,18.6,2.1,8.4,100
27-06-2022,29.2,19,1.2,8.9,100
28-06-2022,27.6,20.1,17.4,11.9,100
29-06-2022,26.7,19.1,15.3,12.3,100
30-06-2022,25.8,18.8,8.7,9.7,100
01-07-2022,25.5,18.8,4.9,9,99
02-07-2022,28.7,18.5,17.8,5,99
03-07-2022,28.2,19.5,7.4,7.7,100
04-07-2022,26.3,19.5,7.3,5.6,100
05-07-2022,27.1,19.5,15.3,4.7,99
06-07-2022,25.8,19.8,14.2,4.8,100
07-07-2022,28.1,19.8,1.4,9.4,98
08-07-2022,27.5,20,4.8,6.4,99
09-07-2022,29.1,18.3,5.7,6.6,99
10-07-2022,29.5,19.3,7.6,7.4,100
11-07-2022,28.7,19.4,13.4,8.4,100
12-07-2022,30.5,19.2,2.7,6.3,100
13-07-2022,33.1,19.3,0.6,9.4,100
14-07-2022,33.5,19.9,5.8,9.5,100
15-07-2022,33.4,20.6,1.3,8,99
16-07-2022,30.5,20.1,11.6,7.1,99
17-07-2022,29.4,20,1.5,7.2,98
18-07-2022,27.6,20,3.4,12.8,96
19-07-2022,26.2,20.7,2.6,13.8,94
20-07-2022,28.1,20.1,1.8,11.1,95
21-07-2022,29.6,19,6.9,5.9,100
22-07-2022,30.3,19.4,14.1,6.8,100
23-07-2022,28.4,19.7,21.8,10.8,100
24-07-2022,27,19.5,10.2,9.4,100
25-07-2022,22.8,19,7.6,3.1,100
26-07-2022,27.1,18.6,0.6,8.6,100
27-07-2022,28.4,17.7,0,6.8,100
28-07-2022,28.1,19.5,1.7,10,99
29-07-2022,29.6,18.6,2.1,9,100
30-07-2022,28.4,19.9,5.3,7.6,100
31-07-2022,28.2,19.3,7.1,10.6,98
01-08-2022,27.9,19.4,1.3,9.4,98
02-08-2022,27.2,19,4.1,5.4,100
03-08-2022,25.7,20.2,13.5,4.3,100
04-08-2022,28.6,19.7,3.4,9.2,100
05-08-2022,27.4,19.9,12.8,7.3,100
06-08-2022,24.4,19.6,7.5,3.2,100
07-08-2022,28.4,19.5,2.7,6.4,100
08-08-2022,26.7,19.8,14.6,8,100
09-08-2022,27.2,19.2,13.7,10.1,100
10-08-2022,27.9,18.2,11.8,6.3,99
11-08-2022,29.5,17.6,4.8,12,98
12-08-2022,28.4,18,2.8,7.2,100
13-08-2022,26.2,20.1,17.5,6.6,100
14-08-2022,27.6,18.6,22.9,5.8,100
15-08-2022,27.9,18.7,3.4,10.8,100
16-08-2022,27.6,18.5,1.1,8.8,98
17-08-2022,29.2,18.3,1.5,7.6,100
18-08-2022,32.6,19.2,0.3,9.7,100
19-08-2022,31.5,18.8,2.4,10.8,98
20-08-2022,29.3,18.9,12.8,6.8,100
21-08-2022,27.6,18.5,11,5.5,99
22-08-2022,28.1,19.5,20.7,6.1,100
23-08-2022,27.3,19.2,18.2,6.9,100
24-08-2022,27.1,19.6,2.6,8.4,100
25-08-2022,27.7,18.5,0,7.1,100
26-08-2022,27.9,18.6,1.4,7.4,99
27-08-2022,22.9,19.2,29,5,100
28-08-2022,26.1,19.3,0.9,5.5,96
29-08-2022,27.4,18.4,1,5.7,100
30-08-2022,27.7,17.9,0.9,9.6,100
31-08-2022,27.5,18.3,1,8.3,98
01-09-2022,27.6,19.1,5.5,6.5,99
02-09-2022,25.4,18.6,15.9,8.5,100
03-09-2022,27,18.1,1.7,8.4,100
04-09-2022,26.5,19.5,2.1,9.7,96
05-09-2022,26.4,19,6.9,8,100
06-09-2022,27.9,18.2,1.9,4.3,100
07-09-2022,29.5,18.8,3.3,4.7,100
08-09-2022,28.9,18.9,2.2,8.1,100
09-09-2022,30.4,17.7,5.1,9.5,100
10-09-2022,28.4,19.3,23,12.6,100
11-09-2022,23.4,19.4,21.6,5.2,100
12-09-2022,25.6,18.4,5.7,9.2,100
13-09-2022,23.7,18.3,21.6,8.2,100
14-09-2022,25.6,17.5,6.1,9.8,100
15-09-2022,24.8,16.6,1.9,10.7,100
16-09-2022,27.1,18.8,2,8.8,98
17-09-2022,26.7,17.5,3.8,6,99
18-09-2022,27.3,18.8,11.4,5.3,100
19-09-2022,27.7,18.7,3.8,6.3,100
20-09-2022,27,18,7.2,6,100
21-09-2022,27,18.1,4.8,7.2,100
22-09-2022,26.7,18.4,1.7,6,100
23-09-2022,26.2,18.8,6.2,4.7,99
24-09-2022,24.4,17.8,2.7,5.7,100
25-09-2022,26,18.7,3.8,7.5,100
26-09-2022,27.4,18.9,14.7,5.5,100
27-09-2022,27.2,18.3,9.3,5.2,100
28-09-2022,27.6,18.5,2.2,7.9,100
29-09-2022,28.9,17.8,0.3,8.7,100
30-09-2022,30.9,18.4,8.8,6.8,100
01-10-2022,29.1,18.3,9.4,6.1,100
02-10-2022,25.6,19.6,55.1,4.5,100
03-10-2022,23.5,19.2,11.4,3.1,100
04-10-2022,27.3,18.8,10.8,7,100
05-10-2022,27.3,18.5,3,6.2,100
06-10-2022,27,17.6,1.7,6.6,100
07-10-2022,28,16.5,0.6,7.6,100
08-10-2022,27.9,17.2,1.2,7.3,100
09-10-2022,25,18,3.9,7.4,99
10-10-2022,25.3,17.9,9.4,10,100
11-10-2022,25.9,17.2,3.9,9.4,100
12-10-2022,26.4,16.8,4.2,8.4,100
13-10-2022,26.8,16.9,1.9,6.8,100
14-10-2022,26.5,17,3,8.6,100
15-10-2022,28.4,16.3,0,8.5,100
16-10-2022,30.2,16.9,6.5,13,100
17-10-2022,27.2,16.6,6.3,6.2,100
18-10-2022,26.5,16.5,4.3,8.5,100
19-10-2022,25.9,15.7,2.2,8.4,100
20-10-2022,27.3,15.3,1.4,7.2,100
21-10-2022,28.5,13.9,0,6.9,100
22-10-2022,28.4,13.3,4.7,5.4,100
23-10-2022,25,16.3,5.5,6.5,100
24-10-2022,21.4,18,25.8,10.8,100
25-10-2022,21.9,14.2,5.2,14.8,100
26-10-2022,23.7,13.6,0,8.9,100
27-10-2022,24.9,11.9,0,8.4,100
28-10-2022,26.5,11.5,0,7.6,97
29-10-2022,26.5,12.2,0.1,6.9,100
30-10-2022,26.8,14.1,0.5,6.8,100
31-10-2022,26.9,14.9,0.2,7.6,100
01-11-2022,28.2,12.4,0,8.8,100
02-11-2022,27.2,11.8,0,7.2,90
03-11-2022,25.9,12.6,0.1,5.1,97
04-11-2022,25.5,15.4,0.2,4.9,98
05-11-2022,25.1,12.9,0.8,4.3,99
06-11-2022,24.3,12.7,0.9,4.8,98
07-11-2022,25.9,11.2,0,7.6,100
08-11-2022,26.1,11,0,7.9,96
09-11-2022,26.1,9.8,0,6.2,95
10-11-2022,25.7,8.8,0,6,94
11-11-2022,24.8,10.6,0,6.2,95
12-11-2022,24.7,10.8,0,8,92
13-11-2022,24.9,9.1,0,8,95
14-11-2022,25.6,8.9,0,5.9,94
15-11-2022,25.1,8.2,0,6.5,90
16-11-2022,25,8.3,0,5.4,93
17-11-2022,24.9,8.3,0,6.9,88
18-11-2022,25.7,7.3,0,6.9,91
19-11-2022,26.7,7,0,7.3,93
20-11-2022,26.6,11.9,0,7.4,96
21-11-2022,26.2,12.4,0,8.8,98
22-11-2022,25.7,11.3,0,6.5,96
23-11-2022,25.6,8.8,0,6.2,100
24-11-2022,25.4,7.7,0,5.5,89
25-11-2022,26.6,6.4,0,6.2,97
26-11-2022,25.7,8.6,0,7.6,94
27-11-2022,25.6,9.1,0,10.2,98
28-11-2022,24,13,1.4,7.6,99
29-11-2022,24.6,13.7,1.7,7.7,100
30-11-2022,25.8,13.8,1.4,9.7,100
01-12-2022,25.4,14.2,1.4,9.2,100
02-12-2022,25.6,12.2,0,6.7,100
03-12-2022,25.6,9.6,0,7.6,99
04-12-2022,25.6,10,0,7,95
05-12-2022,25.8,8.7,0,9.7,100
06-12-2022,24.8,10.8,0,8.3,94
07-12-2022,24.3,7.9,0,6.6,96
08-12-2022,24.4,6.8,0,7.5,97
09-12-2022,24.4,7.5,0,9.2,99
10-12-2022,23.9,8.3,0,7.8,99
11-12-2022,23.5,7.4,0,6.4,99
12-12-2022,23.2,6.3,0,7.3,94
13-12-2022,22.7,6.5,0,5.9,89
14-12-2022,22.6,6.3,0,6.5,99
15-12-2022,21.8,5.7,0,6.9,99
16-12-2022,22.1,4.3,0,7.1,90
17-12-2022,23.5,3.5,0,6.4,92
18-12-2022,23.5,8.3,0,10,91
19-12-2022,21.4,10.8,3.1,9.9,100
20-12-2022,21.6,9.9,0.3,6.1,100
21-12-2022,22.2,5.4,0,7,97
22-12-2022,21.8,4.8,0,7.9,87
23-12-2022,21.2,5.1,0,7.1,90
24-12-2022,21.2,4,0,7.9,97
25-12-2022,22.2,4.4,0,6.5,97
26-12-2022,21.7,7.6,0,7.9,91
27-12-2022,16.5,9.3,8.5,11.6,98
28-12-2022,19.1,7,0,8.7,100
29-12-2022,19.4,6.7,0,9.4,100
30-12-2022,19.1,3.4,0,8.6,95
31-12-2022,18.7,3.2,0,7.2,96
01-01-2023,19.5,3.1,0,7.6,93
02-01-2023,19.7,2.6,0,6.3,97
03-01-2023,20.4,2.6,0,5.6,93
04-01-2023,20.7,2.7,0,6.9,98
05-01-2023,21.4,3.2,0,6.8,100
06-01-2023,23,3.3,0,7.9,100
07-01-2023,22.8,6.4,0,7.9,99
08-01-2023,22.3,5.2,0,6.8,100
09-01-2023,22.6,5,0,8.9,98
10-01-2023,22.1,5.2,0,6.6,95
11-01-2023,20.8,6,0,5.2,93
12-01-2023,20.9,4.8,0,9.1,92
13-01-2023,20.5,3.8,0,7.6,93
14-01-2023,20.9,4.6,0,10.5,87
15-01-2023,19.5,8.1,0,8.4,87
16-01-2023,18.9,4.1,0,8.4,93
17-01-2023,18.9,5.2,0,7,90
18-01-2023,18.3,2.1,0,9.1,100
19-01-2023,19.4,1.5,0,6,88
20-01-2023,21.3,1.7,0,7,84
21-01-2023,22.8,3.2,0,9,80
22-01-2023,21,3.7,0,8.4,86
23-01-2023,21.3,4.4,0,9.6,88
24-01-2023,23.8,5,0,7.2,89
25-01-2023,23.7,5.4,0,7.2,88
26-01-2023,23.7,6,0,8.7,89
27-01-2023,24.6,6.9,0,8.1,87
28-01-2023,24.7,7,0,10.3,86
29-01-2023,25.3,5.7,0,5.2,87
30-01-2023,26.8,5,0,9.6,82
31-01-2023,26,6.1,0,7.6,90
01-02-2023,25.8,7.2,0,8.1,87
02-02-2023,26.2,10.5,0,8,95
03-02-2023,26.8,5.1,0,10.9,98
04-02-2023,25.2,5.2,0,10.7,84
05-02-2023,24.2,5.3,0,11,89
06-02-2023,22.6,4.7,0,10.8,95
07-02-2023,22.7,4.2,0,14.2,95
08-02-2023,24,5.1,0,12,99
09-02-2023,25.1,6.5,0,11,81
10-02-2023,24.6,6.4,0,12.6,92
11-02-2023,24.4,6.9,0,9.6,92
12-02-2023,25,6.5,0,15,95
13-02-2023,22.3,8.5,2.8,10.4,100
14-02-2023,24,4.4,0,9.8,88
15-02-2023,23.7,4.3,0,11.9,89
16-02-2023,25.1,4.8,0,10,86
17-02-2023,25.7,6.9,0,9.5,85
18-02-2023,25.7,7.2,0,8.6,90
19-02-2023,26.4,6.8,0,8.9,95
20-02-2023,25.6,9.2,0,11.3,90
21-02-2023,26.4,9.1,0,13.2,95
22-02-2023,26.6,9.2,0,11.3,98
23-02-2023,24.5,10,0.3,14,99
24-02-2023,26.8,8.8,0,13,96
25-02-2023,26.9,10.1,0,11.7,78
26-02-2023,27.2,9.2,0,12.8,87
27-02-2023,26.3,8,0,10.1,75
28-02-2023,26.7,9.4,0,11.8,77
01-03-2023,27.3,8.5,0,10.1,87
02-03-2023,26.7,7.7,0,10.1,76
03-03-2023,27.7,8.8,0,10.8,85
04-03-2023,28,8,0,8.4,82
05-03-2023,28,9,0,9.9,84
06-03-2023,28,9.6,0,11.5,89
07-03-2023,27.5,9.8,0,8.5,86
08-03-2023,28.4,9.5,0,9.4,75
09-03-2023,28.8,11.5,0,9.6,69
10-03-2023,25.8,12.1,0,7.1,82
11-03-2023,28.5,11.2,0,12.1,66
12-03-2023,30,9.9,0,9.6,82
13-03-2023,29.7,10.6,0,8.4,81
14-03-2023,27.5,10.7,0,11.4,77
15-03-2023,25.3,11.5,0.5,9.7,99
16-03-2023,26.5,9.9,0.3,8.8,99
17-03-2023,25.6,10.7,0.4,9.7,88
18-03-2023,25.1,11.8,0.2,13.2,96
19-03-2023,18.3,11.9,5.4,7.7,100
20-03-2023,18.7,12.1,6.8,10,100
21-03-2023,22.5,12.4,1,12.3,100
22-03-2023,22.8,10.8,3.1,11.3,100
23-03-2023,23.4,9.7,0,11,100
24-03-2023,24.8,9.7,0,9.1,93
25-03-2023,24.5,10.3,0.2,9.9,90
26-03-2023,26.5,11.2,0.5,10.9,94
27-03-2023,25.9,11.9,0.7,12,95
28-03-2023,26.1,11.1,0.1,15.2,94
29-03-2023,25.7,11.7,3.2,10.7,95
30-03-2023,26.1,10.7,0.1,11.3,94
31-03-2023,26.9,12.5,0,12,91
01-04-2023,23.3,13.7,10.6,16.1,100
02-04-2023,23.7,12.3,2.5,12.6,100
03-04-2023,24,12.5,1.4,13.5,96
04-04-2023,26.1,10.3,0.3,11.9,99
05-04-2023,24.5,12.5,2.2,15.8,99
06-04-2023,27.2,12.6,0,10.6,100
07-04-2023,28.6,12.1,0,10.1,84
08-04-2023,29,11.9,0,12.3,74
09-04-2023,30.4,12.7,0,11.2,71
10-04-2023,30.8,14.1,0,9.4,75
11-04-2023,30.5,14.2,0,11.6,77
12-04-2023,31.2,14.8,0,8.4,77
13-04-2023,31.8,13.4,0,10.3,71
14-04-2023,32.7,13.6,0,11.9,81
15-04-2023,32.8,15,0,12.2,74
16-04-2023,34,16.7,0,13,70
17-04-2023,33.2,16,0.5,13.3,83
18-04-2023,32.5,15.1,0,11.3,83
19-04-2023,32.5,15.7,0,12.6,87
20-04-2023,32,14.8,0.5,12.4,95
21-04-2023,29,16.1,24.4,12.3,100
22-04-2023,30,15.7,0,13.4,100
23-04-2023,26,13.8,9.1,9.2,98
24-04-2023,29,13.5,0,11.1,100
25-04-2023,29.6,15.2,0,10.8,84
26-04-2023,29.6,15.5,0,10.6,90
27-04-2023,30.4,14.9,0,10.1,79
28-04-2023,30.1,17.4,0,11.2,86
29-04-2023,31.5,16,0,9.7,88
30-04-2023,30.9,17.7,0.2,10,82
01-05-2023,30.9,16.9,0.3,14.1,89
02-05-2023,29.5,17.4,0.6,13.9,93
03-05-2023,28,15.3,0.3,10.8,87
04-05-2023,26.8,16.5,0.4,11.1,94
05-05-2023,29.4,16.1,0.6,11.6,97
06-05-2023,30.2,17,1.3,10.5,98
07-05-2023,30.9,16.2,0,9.6,89
08-05-2023,32.5,15.8,0,10,75
09-05-2023,33.9,14.9,0,13.4,76
10-05-2023,33.9,18.6,0,14.4,75
11-05-2023,32.9,17.6,0,12.3,80
12-05-2023,32.2,19.2,0,9.2,76
13-05-2023,22.7,19.4,4.3,4.6,100
14-05-2023,20.4,15.5,42.6,11.2,100
15-05-2023,25.7,15.3,0.9,11.1,100
16-05-2023,29.5,16.4,1.4,13.4,96
17-05-2023,28.7,15.8,11.3,13.7,100
18-05-2023,27.2,15.4,11.3,10.7,100
19-05-2023,27.7,14.4,0.2,10.7,99
20-05-2023,29.2,16.1,0.5,13.2,93
21-05-2023,30.5,13.9,0,11,97
22-05-2023,30.3,14.9,1,12,92
23-05-2023,28.6,16.8,0.5,10.4,100
24-05-2023,25.9,17.1,4.6,13.4,100
25-05-2023,28.6,18.1,0.4,12.4,96
26-05-2023,28.1,17,6.9,12.6,100
27-05-2023,29.2,16.1,4.7,11,97
28-05-2023,29.3,15.8,0,8.8,95
29-05-2023,31.5,16.6,0,10.2,91
30-05-2023,32,18,0.1,7.4,93
31-05-2023,32.5,18.9,0.7,8.5,98
01-06-2023,31.2,19.6,0.3,8.7,96
02-06-2023,30.2,19.2,0.9,10.2,95
03-06-2023,30.7,17.8,0.5,10,96
04-06-2023,30.9,18.4,0.2,8.7,97
05-06-2023,32.1,18.8,0,7.9,94
06-06-2023,31.4,21.3,1.9,7.7,96
07-06-2023,31.5,20.2,8.8,6.4,100
08-06-2023,28.4,19.7,15.5,7.3,100
09-06-2023,29.7,20.1,17.7,12.8,100
10-06-2023,29,19.8,21.6,4.4,100
11-06-2023,26.5,19.6,4.3,14,100
12-06-2023,28.9,18.6,4.2,9.2,100
13-06-2023,28.5,18.6,1.8,8.6,99
14-06-2023,28.8,19.5,1.8,17.1,95
15-06-2023,29.1,19.4,4,17.8,93
16-06-2023,28.1,19.8,5.1,14.8,100
17-06-2023,26.9,19.7,7.8,15,95
18-06-2023,29.8,19.3,2.2,11.3,96
19-06-2023,28.9,18.7,13.6,12.6,98
20-06-2023,29.9,18.6,0.6,9.2,98
21-06-2023,30.7,19.9,2.9,10.5,96
22-06-2023,27.5,19.8,4.5,11.3,100
23-06-2023,27.4,19.5,11.3,8.7,100
24-06-2023,29.4,18.9,12.9,9.9,100
25-06-2023,28.7,17.8,3.4,10.8,100
26-06-2023,27.8,18.3,13.2,10.5,99
27-06-2023,26.3,19.6,2.2,12.6,98
28-06-2023,27.6,18.9,3.3,13.8,99
29-06-2023,29.2,19.1,0.2,14.8,98
30-06-2023,28.1,18.6,7,12,98
01-07-2023,29.4,19,4.2,12.8,99
02-07-2023,29.2,19.9,4.5,11.8,99
03-07-2023,29.8,19.1,8.3,10.3,99
04-07-2023,28.6,20.4,5,5.9,100
05-07-2023,28.6,19.4,19.7,9.2,100
06-07-2023,26.9,19.7,5.9,13.9,100
07-07-2023,29,19.7,4.2,14.3,97
08-07-2023,28.5,19.3,1.8,13.6,97
09-07-2023,29.6,19.9,2.7,11,98
10-07-2023,25.1,19.7,9.3,10.6,100
11-07-2023,27,18.7,2.1,12.7,98
12-07-2023,27.5,19.1,0.8,13.9,97
13-07-2023,26.4,19.5,5.5,10,97
14-07-2023,27.3,19.2,9.2,11.8,100
15-07-2023,29.2,19.5,0.8,12.5,98
16-07-2023,29.2,18.6,1,5.9,98
17-07-2023,28.8,19.3,13.2,6.5,100
18-07-2023,31.1,19.5,4.8,5.7,100
19-07-2023,30.9,19.2,6.5,7.1,99
20-07-2023,30.8,20.1,26,5.2,99
21-07-2023,26.1,19.7,16.4,4.6,100
22-07-2023,29.9,19.2,2.9,7,99
23-07-2023,29.4,19.9,12.4,6.5,100
24-07-2023,28.6,19.5,14.1,9.7,100
25-07-2023,30,19.7,26.5,6.5,100
26-07-2023,29.2,20.2,43.5,11.5,100
27-07-2023,28,19,5.8,12.5,99
28-07-2023,27.8,19.3,4.3,14.1,97
29-07-2023,29.2,18.9,0.7,8.2,98
30-07-2023,31,19.4,15.2,7.4,100
31-07-2023,30.3,20.6,23.6,6.8,100
01-08-2023,30.9,20.5,5.8,9,100
02-08-2023,26.4,20,29.2,11.5,97
03-08-2023,26.7,19.3,2.7,12.9,99
04-08-2023,24.4,18.8,17.9,14.6,98
05-08-2023,25.6,19.7,4.2,14.9,97
06-08-2023,23.5,19.8,11.7,12.9,100
07-08-2023,24.4,19.5,36.9,11.3,100
08-08-2023,24.3,19.6,3.2,12.2,100
09-08-2023,26.3,19.2,4.2,9.4,100
10-08-2023,26.4,19.1,5,8.9,98
11-08-2023,26.2,19.1,2.6,8.3,98
12-08-2023,25.6,19,1.8,13.6,96
13-08-2023,27.6,19.4,9.8,6.9,100
14-08-2023,27.1,19.3,1.6,7.7,100
15-08-2023,26.9,19.5,1.5,7.6,99
16-08-2023,28.4,19.2,21.3,6.2,100
17-08-2023,29,18.7,16.6,5.2,100
18-08-2023,28.9,19,1.9,7,100
19-08-2023,27.8,20.1,1.4,9.8,99
20-08-2023,27,18.9,7.1,6.6,100
21-08-2023,24.9,19.9,11.2,6.4,100
22-08-2023,22.6,19.2,3,4.6,100
23-08-2023,26.1,19.1,4,12,98
24-08-2023,27.5,19,8.1,11.3,100
25-08-2023,26.9,20.1,4,13.6,97
26-08-2023,24.6,19.8,19.6,11.5,100
27-08-2023,26,19.4,0.7,12.2,97
28-08-2023,26.1,18.4,0.6,8.8,97
29-08-2023,28.7,17.3,0,7,98
30-08-2023,30.1,18.9,16.7,7.6,100
31-08-2023,28.4,19.5,20,8.1,100
01-09-2023,26.2,18.8,6.2,6.2,100
02-09-2023,27.1,20,6.3,7.8,100
03-09-2023,29.7,19.3,1.2,11.5,100
04-09-2023,31.5,19.8,2.3,6.7,100
05-09-2023,31.8,19.3,0.3,10.1,100
06-09-2023,30.7,19.6,0.3,8.9,100
07-09-2023,26.8,20.2,15.1,7.2,100
08-09-2023,25.3,19.4,9.9,7.1,100
09-09-2023,27.9,18.2,1.6,7.9,99
10-09-2023,28.4,19.3,18.1,6.9,100
11-09-2023,28.7,19.5,37.2,5.7,100
12-09-2023,27.9,18.9,23.5,6.2,100
13-09-2023,27.3,18.9,9.8,5.4,100
14-09-2023,26.6,18.9,15,5.5,100
15-09-2023,27.2,18.2,0.5,6.2,100
16-09-2023,28.4,18.3,1.4,5.9,100
17-09-2023,29.4,19.5,10,6.2,100
18-09-2023,27.1,20.1,29.7,5.5,100
19-09-2023,26.5,19.8,16.4,7.4,100
20-09-2023,25.3,18.7,17.1,8,100
21-09-2023,25.9,18.9,11.9,9.3,100
22-09-2023,26.8,18.2,2.7,9.3,100
23-09-2023,27.7,18,0.9,8.6,100
24-09-2023,28.6,17.7,1.1,8.7,100
25-09-2023,27.8,17.9,1.3,6.6,100
26-09-2023,29.2,18.5,10,9.2,100
27-09-2023,28.4,18.9,4.6,8,100
28-09-2023,30,19.6,8.4,5.1,100
29-09-2023,30.7,19.2,0.3,7.9,100
30-09-2023,25.9,19.8,25.7,6.5,100
01-10-2023,26.3,18.6,16.6,4.7,100
02-10-2023,24.5,18.3,16.6,5.4,100
03-10-2023,26.4,17.8,15,6.4,100
04-10-2023,26.7,18.7,1.8,8.6,100
05-10-2023,27.5,17.6,0.8,10.9,100
06-10-2023,25.8,18.6,1.4,8.8,100
07-10-2023,27.8,18.3,0,8,98
08-10-2023,27.4,17.3,0.7,11.2,99
09-10-2023,27.3,17,0.5,8.7,99
10-10-2023,27.5,17.5,0.4,9.4,100
11-10-2023,27.4,16.8,1.1,7.1,100
12-10-2023,25.6,17.6,3.9,7,100
13-10-2023,25,16,2.2,8.5,100
14-10-2023,26.2,13.8,0,10.2,100
15-10-2023,26.2,13.6,0,8.3,97
16-10-2023,28,13.3,0,7.2,98
17-10-2023,27.5,13.7,0.2,7.3,97
18-10-2023,27.8,12.8,0,8.3,99
19-10-2023,27,12.4,0,8.9,98
20-10-2023,28.1,12.4,0,7.9,99
21-10-2023,28.4,12.7,0,5.2,99
22-10-2023,28.5,14.4,8.2,7.1,100
23-10-2023,23.2,16.6,2.7,3.6,100
24-10-2023,21.4,17.1,3.7,5.7,100
25-10-2023,21.2,16.9,9.6,6.6,100
26-10-2023,24.2,15.8,1.4,6.3,100
27-10-2023,25.1,14.4,0.2,6.1,99
28-10-2023,25.7,11.7,0,6.5,100
29-10-2023,26.6,11.5,0,7.2,98
30-10-2023,27.1,12.4,0,6.8,98
31-10-2023,27.3,12.9,0,5.7,99
01-11-2023,28,13.4,0,7.1,100
02-11-2023,27.2,13,0,8.4,99
03-11-2023,25.7,11.7,0,7.9,99
04-11-2023,25.9,11.9,0,8.8,97
05-11-2023,26.9,11.5,0,7.7,99
06-11-2023,26.5,11.1,0,6.2,98
07-11-2023,25.8,10.5,0,7.9,99
08-11-2023,24.2,10.7,0,7.8,97
09-11-2023,24.7,8.9,0,8.1,99
10-11-2023,25.7,8.6,0,6.2,99
11-11-2023,25.7,9.5,0,5.9,98
12-11-2023,25.9,9.8,0,5.6,99
13-11-2023,26.5,9.9,0,6,99
14-11-2023,26.6,10.6,0,5.5,92
15-11-2023,26.8,13.2,0,6.2,99
16-11-2023,21,15.6,12.7,4.6,100
17-11-2023,17.8,15.6,77.1,10,100
18-11-2023,22.5,16.2,3,9.4,100
19-11-2023,24.7,14.2,0,4.2,100
20-11-2023,24.6,12.5,0,6.8,100
21-11-2023,20.6,14.5,1.4,4,100
22-11-2023,22.9,11.6,0,5.8,100
23-11-2023,23.5,9.5,0,5.1,100
24-11-2023,23.2,8.2,0,6.2,99
25-11-2023,23.7,7.8,0,5.1,100
26-11-2023,24.7,8.4,0,6.9,99
27-11-2023,25.6,8.2,0,6.2,99
28-11-2023,24.2,9.7,0,5.4,100
29-11-2023,23.5,8.5,0,5.4,99
30-11-2023,25.3,8.9,0,5.1,98
01-12-2023,25.3,8.8,0,5.9,97
02-12-2023,25.6,9.5,0,5.1,94
03-12-2023,26.3,11.7,0,6,88
04-12-2023,25.1,9.4,0,5.1,98
05-12-2023,18.3,13.9,2.9,5.3,99
06-12-2023,21,13.7,0.1,4.1,100
07-12-2023,19.4,15.3,26,5.3,100
08-12-2023,19.5,15.3,14.8,9.2,100
09-12-2023,19.5,13.1,3,4.7,100
10-12-2023,19.7,9.9,0.5,5.7,100
11-12-2023,20.8,10.3,0,5.7,99
12-12-2023,21.8,8.1,0,9.4,100
13-12-2023,20.5,10.1,0.6,13.8,100
14-12-2023,19.6,8.3,0,5.8,100
15-12-2023,20.6,5.5,0,7,99
16-12-2023,20.6,5.5,0,5.5,100
17-12-2023,21.4,4.4,0,6.1,100
18-12-2023,21.5,3.6,0,6.6,99
19-12-2023,21.8,5.7,0,6.3,97
20-12-2023,22.1,5.6,0,6.9,100
21-12-2023,22,6.1,0,7.9,100
22-12-2023,22.2,6.4,0,9.5,100
23-12-2023,22.9,6.9,0,8.9,100
24-12-2023,21.7,11.5,3,10.5,99
25-12-2023,19.9,10.7,2.9,8,100
26-12-2023,21.5,7.7,0.1,5.5,100
27-12-2023,22.4,6.6,0,8.7,98
28-12-2023,21.7,6.4,0.1,9.5,97
29-12-2023,22,6.7,0,5.4,100
30-12-2023,22.4,5.9,0,6.4,99
31-12-2023,21.4,5.6,0,5.8,97
01-01-2024,21.6,5.6,0,5.1,97
02-01-2024,21.7,5.1,0,5.8,100
03-01-2024,22.1,4.8,0,5.9,100
04-01-2024,21.8,3.6,0,7.7,100
05-01-2024,21.5,3.4,0,5.8,94
06-01-2024,21.4,3.6,0,7.2,91
07-01-2024,21.7,3.9,0,7.6,96
08-01-2024,20.7,3.2,0,9.2,99
09-01-2024,20.6,2.5,0,6.4,98
10-01-2024,20.8,3.5,0,5.1,100
11-01-2024,19.9,3.1,0,8.3,100
12-01-2024,19.9,3.3,0,5.1,100
13-01-2024,21.3,6.4,0,5.4,98
14-01-2024,21.3,3.5,0,7.3,100
15-01-2024,21.3,3.8,0,8.9,100
16-01-2024,19.6,2.6,0,11.2,100
17-01-2024,18.9,1.4,0,10.5,99
18-01-2024,19.9,1.3,0,9.4,94
19-01-2024,20.6,5.8,0,9.2,92
20-01-2024,20.1,2.6,0,6.1,98
21-01-2024,19.8,2.6,0,10.8,95
22-01-2024,19.6,2.5,0,8.4,97
23-01-2024,19.9,1.5,0,8.5,96
24-01-2024,19.9,1.9,1.4,9.8,94
25-01-2024,18.8,7.9,2.4,8.6,97
26-01-2024,19.9,4.1,0,10.3,97
27-01-2024,19.4,4.2,0,8.1,97
28-01-2024,19.8,3.6,0,7.6,94
29-01-2024,19.9,2.2,0,9.7,97
30-01-2024,20.4,1.8,0,9.2,96
31-01-2024,20.4,6.7,0,11.1,87
01-02-2024,21.3,6.7,0,9,97
02-02-2024,18,9.3,4,13.8,100
03-02-2024,19.3,7.3,0.5,12.5,95
04-02-2024,20.5,4.3,0,14.2,98
05-02-2024,21.6,6.1,0,15.2,95
06-02-2024,21,8.6,0.9,16.4,94
07-02-2024,19.6,9.3,1.8,10.5,97
08-02-2024,20.3,7.6,0,9.4,100
09-02-2024,19.6,3.2,0,6.9,95
10-02-2024,22.5,2.3,0,8,99
11-02-2024,23.6,3.4,0,9,99
12-02-2024,22.4,6.4,0,7.3,86
13-02-2024,23.7,3.9,0,7.7,99
14-02-2024,23.7,5.6,0,8.9,88
15-02-2024,23.9,9,0,9,90
16-02-2024,23.7,6.9,0,8.1,98
17-02-2024,23.1,5.7,0,9.4,98
18-02-2024,23,5,0,9.6,100
19-02-2024,22.6,4.6,0,8.8,97
20-02-2024,23.4,4.2,0,13.5,98
21-02-2024,23.8,9.4,1.4,13.3,99
22-02-2024,25.4,10.4,2.1,19.3,99
23-02-2024,16.9,10.3,19.3,6.6,100
24-02-2024,22.7,9.2,0,7.2,100
25-02-2024,21.5,9.8,0,12.7,91
26-02-2024,24.6,7.4,0,9.7,96
27-02-2024,24.2,7.4,0,11,86
28-02-2024,22.9,7.4,0,8.6,84
29-02-2024,24.4,8.8,0,10.5,88
01-03-2024,23.8,6.5,0,9.5,98
02-03-2024,25.2,5.7,0,7.9,96
03-03-2024,25.2,6.2,0,11.5,95
04-03-2024,24.4,8.5,0,12.4,98
05-03-2024,24.9,9.1,0,11.9,98
06-03-2024,24.9,6.7,0,9.4,98
07-03-2024,25,6.2,0,9.4,87
08-03-2024,25.4,7.5,0,7.8,71
09-03-2024,23.8,6.2,0,8.9,81
10-03-2024,24.4,3.7,0,8.7,95
11-03-2024,27.4,5.3,0,13.2,98
12-03-2024,26.8,6.1,0,10.1,93
13-03-2024,26.4,9.8,0,12.6,87
14-03-2024,26.3,9.9,0.1,14.5,94
15-03-2024,27.2,10.9,0,10.2,100
16-03-2024,28,8.4,0,11,96
17-03-2024,28.8,9,0,11.5,88
18-03-2024,28.1,9.7,0.1,9.2,91
19-03-2024,28.9,10.3,0.8,10,99
20-03-2024,26.8,14.3,1.1,10.5,92
21-03-2024,19.5,12.1,9.4,12.4,100
22-03-2024,21.4,10.8,1.2,13.9,100
23-03-2024,23.3,9.6,0.1,12.9,99
24-03-2024,26.5,10.2,0.4,13.7,100
25-03-2024,26.9,11.8,0,10.8,96
26-03-2024,27.1,11.9,0.3,9.5,78
27-03-2024,27.3,11.9,0,12.6,87
28-03-2024,26.6,12,1.8,14.1,92
29-03-2024,25.8,12,1,11.6,99
30-03-2024,26.6,13.8,1.1,14.8,100
31-03-2024,26.6,16.4,2.4,13.8,97
01-04-2024,25.1,16.4,1.1,18.2,95
02-04-2024,27,16.4,1.4,15.2,98
03-04-2024,28.5,15.7,0,13.9,99
04-04-2024,29.3,13.5,0,14,100
05-04-2024,30.1,15.5,3.3,13.4,99
06-04-2024,30.9,16.8,0,14.4,100
07-04-2024,27.6,14.9,1.1,13.3,97
08-04-2024,30.4,15.6,0,13.7,96
09-04-2024,30.5,13.1,0,8.1,89
10-04-2024,29.4,12.7,0,8.2,89
11-04-2024,31.5,11.2,0,11.7,78
12-04-2024,30.9,15.6,0.1,9.4,84
13-04-2024,31,14.4,0,10.9,93
14-04-2024,30.9,13.1,0,9.2,86
15-04-2024,31.1,13.3,0,11,87
16-04-2024,31.1,14.9,2.5,11.6,95
17-04-2024,29.2,15.5,0.8,14.5,94
18-04-2024,28.8,16.1,6.1,14.4,100
19-04-2024,27.1,16,1.2,17.3,100
20-04-2024,29.4,19,1.7,21.4,97
21-04-2024,29.4,20,1.1,18.3,95
22-04-2024,28.9,19,3.9,15.8,96
23-04-2024,29.3,17.6,0,11.9,100
24-04-2024,30.7,15.3,5.2,18.4,100
25-04-2024,31.3,15.8,0.1,14.8,99
26-04-2024,30.2,14.9,6,12.2,100
27-04-2024,31.1,15.1,1,13.7,98
28-04-2024,31.1,16.5,0.6,13.9,100
29-04-2024,30.4,16.9,13.1,14.5,100
30-04-2024,30.3,18.3,5.3,16.8,98
01-05-2024,28.5,18.4,24.2,16,94
02-05-2024,25.4,17.6,6.6,10.1,100
03-05-2024,29.4,15.9,4.7,12.3,100
04-05-2024,29.6,16.6,0.2,10.9,99
05-05-2024,28.9,16.4,5.9,15.3,100
06-05-2024,25.9,15.4,2.8,8.7,100
07-05-2024,28,15.8,0.2,10,98
08-05-2024,25.2,16,0.8,5.2,100
09-05-2024,28.5,15.6,0,9.9,100
10-05-2024,27.7,16.5,1.9,12,96
11-05-2024,27.7,15.5,0.4,7.1,97
12-05-2024,29.6,14.9,0.1,7.5,100
13-05-2024,29.7,16.9,0,8,96
14-05-2024,30.4,17,0,9.2,95
15-05-2024,31.9,18.5,0,7.9,88
16-05-2024,31.8,19.2,0,7.2,91
17-05-2024,31.3,20.1,0.2,10.9,86
18-05-2024,31.4,19.2,0,12.6,96
19-05-2024,28.6,17.5,5.5,10.2,97
20-05-2024,30.1,17.4,0.3,8,99
21-05-2024,30.4,18.8,2.2,5.6,100
22-05-2024,31.6,18.3,0.6,7.9,98
23-05-2024,32.8,18.1,3,9.7,100
24-05-2024,32.8,19.4,22.3,11.2,100
25-05-2024,33.3,19.9,5.7,8.2,99
26-05-2024,30.7,20.3,15,7.9,100
27-05-2024,29,19.9,14.7,16.1,100
28-05-2024,20.9,19.8,82.5,20.2,100
29-05-2024,28.3,20.4,11.5,16.9,97
30-05-2024,29.7,20,2.6,14.5,99
31-05-2024,30,18.8,1.2,11.5,100
01-06-2024,29.1,18.9,2.5,10.1,99
02-06-2024,30.6,18.5,0.6,9.3,99
03-06-2024,29.6,19.5,5.3,9.9,98
04-06-2024,26.9,19.1,3.9,9.6,100
05-06-2024,29.9,18,0,8.7,100
06-06-2024,29.8,18.6,0.1,9.3,99
07-06-2024,26.7,19.7,1.6,11.1,97
08-06-2024,27.7,19.4,11.5,10.9,100
09-06-2024,30.1,19.6,0.1,11.7,98
10-06-2024,29.5,21,1,9.7,96
11-06-2024,31.3,20.5,3.5,9.6,100
12-06-2024,27.9,20.5,9.4,10.1,98
13-06-2024,28.3,20,2.8,10.7,96
14-06-2024,29.3,20.2,7.6,13.9,100
15-06-2024,29.5,20.1,3.8,14.6,98
16-06-2024,28.5,20.5,3.5,12.4,96
17-06-2024,27.5,20,2.7,15.3,96
18-06-2024,26.5,20.1,1.7,17.7,95
19-06-2024,27,19.5,5,18,100
20-06-2024,28.8,19.8,2.1,7.7,98
21-06-2024,26.8,19.8,7.4,4.8,100
22-06-2024,29.3,19.7,2.5,5.8,99
23-06-2024,26.9,20.5,9.9,7.9,100
24-06-2024,26.7,20.5,3.2,6.4,100
25-06-2024,27.4,19.7,14.2,5.9,100
26-06-2024,28.6,19.8,14.3,9.3,100
27-06-2024,26.1,20.1,9.1,8,100
28-06-2024,27.3,19.9,9.9,12.1,99
29-06-2024,27.1,20.1,4,17.1,95
30-06-2024,25.9,21.1,17,15.8,100
01-07-2024,22.9,20,45.7,12.9,100
02-07-2024,22.9,19.9,34.3,9,100
03-07-2024,25.7,20,4.7,15.1,97
04-07-2024,26.1,19.2,9.8,10.9,96
05-07-2024,26.8,19.5,3.7,12.2,97
06-07-2024,27.9,19.3,9,9.8,100
07-07-2024,27.2,19.2,8.5,6.6,100
08-07-2024,27.7,19.8,33.6,8.1,100
09-07-2024,27.3,19.9,17.6,12.8,100
10-07-2024,25.8,19.6,11.6,12.2,100
11-07-2024,25.7,19.3,2.1,14.4,100
12-07-2024,26.7,19.6,2.4,14.7,96
13-07-2024,28.8,19.3,4.2,11.1,100
14-07-2024,28.7,19.4,1.9,5.7,100
15-07-2024,29.4,19.8,10.5,8.4,100
16-07-2024,29.4,19.8,19.2,7.2,100
17-07-2024,30,20,15.3,9,100
18-07-2024,30.7,20.1,3.9,5.7,100
19-07-2024,29.5,20.6,6.8,6.7,100
20-07-2024,28.7,20.2,7.4,9.2,100
21-07-2024,27.7,20.2,17.5,9.7,100
22-07-2024,25.9,20.4,4.7,14.2,100
23-07-2024,28.9,20.2,1,13,94
24-07-2024,28.9,19.5,17.9,12.1,100
25-07-2024,28.4,19.7,5.6,9.9,100
26-07-2024,28.7,20.5,21.1,10.9,100
27-07-2024,29,20.4,6.4,10.2,100
28-07-2024,30.3,20.8,4.4,12,100
29-07-2024,28.2,20.7,18.9,7.2,100
30-07-2024,25.6,20.5,4,9.2,100
31-07-2024,21.8,20.5,82.8,7.8,100
01-08-2024,25.6,19.8,9.1,15.9,100
02-08-2024,21.4,19.4,33.2,8.7,100
03-08-2024,26.7,19.1,3.5,12.3,100
04-08-2024,25.7,19,7,10.6,97
05-08-2024,26.8,19.5,3.2,9.7,100
06-08-2024,24,19.5,14.8,6.4,100
07-08-2024,25.8,18.4,15.4,9.3,100
08-08-2024,23.9,18.9,13.9,11.9,100
09-08-2024,24.2,17.8,2.5,13.2,99
10-08-2024,26.2,19.1,2.4,13,96
11-08-2024,26,19.6,2.9,14.8,97
12-08-2024,25.5,19.3,2.6,7.1,99
13-08-2024,28.1,19.3,13.3,8.9,100
14-08-2024,27.7,20,4.8,5.8,100
15-08-2024,27.5,19.9,16.7,5.8,100
16-08-2024,25.6,19.3,6.6,5.2,100
17-08-2024,23,19.6,30.9,3.7,100
18-08-2024,24,19.5,47.5,7.4,100
19-08-2024,22.4,19.3,87.1,5.8,100
20-08-2024,24.1,18.9,11.9,8.6,100
21-08-2024,24.9,18.7,8.3,13.5,100
22-08-2024,24.4,19.3,11.2,9.3,100
23-08-2024,24,18.4,17.5,6.9,100
24-08-2024,27,17.9,15.5,8.7,100
25-08-2024,25.7,19.4,10.5,8.1,100
26-08-2024,26.7,18.6,3.9,8.3,100
27-08-2024,27.5,18.2,1.8,5.4,100
28-08-2024,25.6,19.4,28.7,4.3,100
29-08-2024,27.5,19.3,18.2,6.3,100
30-08-2024,28.5,19.2,3.7,5.6,100
31-08-2024,28.1,19.9,12.5,5.2,100
01-09-2024,25.9,19.6,6.4,7,100
02-09-2024,26.4,19.5,10.1,5.8,100
03-09-2024,28.5,18.7,4.8,6.3,100
04-09-2024,27,19.1,6,5.9,100
05-09-2024,27.4,18.9,14.5,6,100
06-09-2024,29.7,18.8,11.2,7.9,100
07-09-2024,29.2,19.4,5.3,5.1,100
08-09-2024,29.3,20.1,1,5.9,100
09-09-2024,28,20.4,6.1,7.7,99
10-09-2024,26.7,19.8,6.8,4.7,100
11-09-2024,26.8,18.8,19.8,5.2,100
12-09-2024,27.3,19.5,1.4,10.1,100
13-09-2024,28.1,19.5,0.3,10.3,99
14-09-2024,26.6,18.4,6.9,5.8,100
15-09-2024,24.3,19,4.2,5.5,100
16-09-2024,27.2,18.1,0.4,6.6,100
17-09-2024,27.3,18.1,4.1,6.3,100
18-09-2024,29.4,19.1,5,5.2,100
19-09-2024,30,19.1,4.7,5,100
20-09-2024,31.2,19.5,1.5,8.4,100
21-09-2024,29.5,20,0.5,5.2,100
22-09-2024,30.5,19.2,0,5.4,100
23-09-2024,31.7,20.2,0.1,9.4,100
24-09-2024,26,20.3,20.8,5.4,100
25-09-2024,23.2,19.8,23.4,4.9,100
26-09-2024,25.7,19.2,4.6,4.1,100
27-09-2024,26.7,18.4,3.2,5.5,100
28-09-2024,26.6,17.9,1,8.9,100
29-09-2024,26.8,17.7,3.3,9.4,99
30-09-2024,24.3,18.8,2.9,4.9,100
01-10-2024,23.5,18.8,3.7,4,100
02-10-2024,25.7,18.9,8.3,5.1,100
03-10-2024,23.4,19.7,10.6,5.5,100
04-10-2024,25.8,17.8,14.5,8,100
05-10-2024,25.9,18.7,3,11.7,100
06-10-2024,26.2,17.8,5.8,5.6,100
07-10-2024,25,18.2,1.8,3.8,100
08-10-2024,25.9,17.8,1.8,8.4,100
09-10-2024,25.3,17,6.9,5.9,100
10-10-2024,25.6,17.3,6,5.8,100
11-10-2024,24.1,16.7,4.1,6.7,100
12-10-2024,25.8,16.4,0.7,6.8,100
13-10-2024,26.5,16.4,0,7.8,100
14-10-2024,26.6,13.9,0,6.9,100
15-10-2024,26.6,14.5,0,8.8,100
16-10-2024,26.3,15.3,0.1,11.5,99
17-10-2024,26.9,15.1,11.8,7.9,100
18-10-2024,26.7,16.5,1.8,6.1,100
19-10-2024,25,16.5,4.7,5.5,100
20-10-2024,27.5,14.8,0,5.1,100
21-10-2024,27.5,16,0.3,5.3,100
22-10-2024,27.9,16,1.1,5.4,100
23-10-2024,22.9,18.6,2.2,4.8,100
24-10-2024,25.5,17.8,16.9,4.8,100
25-10-2024,26.3,17,1,4.5,100
26-10-2024,26.5,15.4,0,6.6,99
27-10-2024,27.1,14.7,0,8.7,99
28-10-2024,27.8,15.6,0,7.3,99
29-10-2024,26.7,16.1,0.2,8.2,100
30-10-2024,26.5,14.2,0.8,8,99
31-10-2024,25.4,14.7,0.4,6.8,100
01-11-2024,26.2,14.4,0.1,8.1,100
02-11-2024,27.1,12.5,0,6.5,100
03-11-2024,27.5,12.5,0,5.6,100
04-11-2024,27,13.2,0.2,8.3,100
05-11-2024,25.8,15,12.7,6.4,100
06-11-2024,23.9,14.6,0.1,7.4,100
07-11-2024,23.7,12.2,0.2,7.6,100
08-11-2024,25.1,11.4,0,7.3,100
09-11-2024,25.6,10.2,0,7.3,99
10-11-2024,26.7,10.5,0,7.6,100
11-11-2024,25.8,13.5,0,7.5,96
12-11-2024,24.9,13.9,0.6,6.8,99
13-11-2024,26.2,14.4,0,7.5,100
14-11-2024,26.3,11.8,0,8.2,100
15-11-2024,25.6,9.9,0,8.1,96
16-11-2024,24.9,9.5,0,5.8,96
17-11-2024,24.5,8.7,0,5.4,97
18-11-2024,25.3,8.5,0,6.2,97
19-11-2024,25.4,8.8,0,6.9,98
20-11-2024,23.3,12.3,3.3,7.2,99
21-11-2024,23.4,11.8,1.1,9.8,99
22-11-2024,22.8,11.2,0.6,11.2,100
23-11-2024,22.7,11.5,0,10.9,100
24-11-2024,22.9,9.5,0,9.7,95
25-11-2024,23.3,8.2,0,6.3,99
26-11-2024,23.1,7.9,0,6.9,98
27-11-2024,24.8,7.4,0,8.1,98
28-11-2024,25,10.1,0.9,7.9,100
29-11-2024,24.7,12.3,0.5,5.6,100
30-11-2024,24.8,12.2,4.1,8.6,100
01-12-2024,24,15.3,2.8,7.8,100
02-12-2024,24.1,13.6,0.2,8.4,100
03-12-2024,24.9,12.7,0,11.8,98
04-12-2024,23.7,11.3,0,7.1,100
05-12-2024,22.1,7.1,0,7.4,88
06-12-2024,21.1,6.9,0,8.4,94
07-12-2024,21.5,5.6,0,7.2,95
08-12-2024,22.5,4.5,0,9.2,98
09-12-2024,23,7.5,0,10.6,98
10-12-2024,21.8,9.9,0,9.4,100
11-12-2024,21.3,6.8,0,6.3,97
12-12-2024,22.9,6,0,5.8,100
13-12-2024,22.8,3.8,0,6.2,100
14-12-2024,22.8,4.2,0,6.8,100
15-12-2024,23.6,3.7,0,6.7,100
16-12-2024,23.9,4.4,0,6.5,93
17-12-2024,23.4,7.6,0.1,8.4,98
18-12-2024,23.2,12.8,4,10.8,100
19-12-2024,23,10.3,0,9.1,100
20-12-2024,22.8,7.4,0,11.7,100
21-12-2024,14.8,11.6,3.3,6.6,98
22-12-2024,21.7,6.8,0,7.4,98
23-12-2024,21.8,5.1,0,9.4,100
24-12-2024,22,4.7,0,11.1,100
25-12-2024,20.1,8.3,0,6.9,97
26-12-2024,23.8,7.1,0,9.5,93
27-12-2024,22.7,6.6,0,6.9,92
28-12-2024,23.9,5.2,0,7.3,100
29-12-2024,22,7.6,0,12.1,100
30-12-2024,21.4,6.6,0,5.9,99
31-12-2024,20.9,5.6,0,6.5,96
