time,temperature_2m_max (°C),temperature_2m_min (°C),precipitation_sum (mm),wind_speed_10m_max (km/h),relative_humidity_2m_max (%)
01-01-2019,18.7,6.6,0,9.5,91
02-01-2019,16.5,5.3,0.4,10.9,88
03-01-2019,17.2,5.3,0,11.7,80
04-01-2019,18,5,0,8.8,82
05-01-2019,14.3,8.1,6.9,6.3,91
06-01-2019,13.2,6.8,2.3,8.8,94
07-01-2019,17,5.4,0,9.9,92
08-01-2019,17.4,5.4,0,8.8,81
09-01-2019,17.5,7.2,0,8.3,84
10-01-2019,18,6.5,0,9.2,80
11-01-2019,16.6,7.9,0,6.9,90
12-01-2019,18.5,5.3,0.1,7.8,91
13-01-2019,18.4,7.3,0.5,9.2,85
14-01-2019,18.1,5.8,0,11.2,91
15-01-2019,18.1,4.5,0,9.7,82
16-01-2019,17,8.8,0,7.4,80
17-01-2019,18.9,6.8,0,9.3,87
18-01-2019,19.6,6.1,0,10.4,85
19-01-2019,20.9,9.9,0,7.3,90
20-01-2019,20.7,11,0,9,74
21-01-2019,19.9,12.8,9.2,18.1,87
22-01-2019,13.5,9.3,24.5,24.2,93
23-01-2019,14.2,7.3,0,7.4,92
24-01-2019,17.2,5.8,0,8,83
25-01-2019,13.5,4.2,3,13.2,90
26-01-2019,15.7,4.2,0,7.7,88
27-01-2019,14.4,3.5,0,9.7,89
28-01-2019,16,2.7,0,10.2,88
29-01-2019,17.5,4,0,10.3,92
30-01-2019,17.5,5.7,0.3,7.3,88
31-01-2019,15.4,7.6,3.6,8.4,86
01-02-2019,17.5,7.3,1.1,11.5,91
02-02-2019,20.2,4.7,0,9.4,86
03-02-2019,20.8,6.7,0,10.4,87
04-02-2019,21.4,7.4,0,10.5,87
05-02-2019,21.5,9.9,0,9.5,72
06-02-2019,17.9,10.4,1.3,8.7,83
07-02-2019,16.7,8.5,50.5,18.3,96
08-02-2019,15.5,5.3,7.7,20.6,97
09-02-2019,17.9,4.1,0,9.2,95
10-02-2019,17.8,5.9,0,8.9,90
11-02-2019,19.6,8.6,0,8.3,90
12-02-2019,21.1,9.2,0,8.7,90
13-02-2019,21.9,10.7,0.1,8.1,81
14-02-2019,18.8,11.8,6.9,12.3,93
15-02-2019,18.7,9.2,2.7,12,97
16-02-2019,18,8.2,0.2,12,96
17-02-2019,18.4,6.6,0.6,9,96
18-02-2019,17.8,9.4,4.3,8.5,90
19-02-2019,17.3,7.9,10,16.6,92
20-02-2019,19.2,7.2,1.7,13.9,87
21-02-2019,19,11.9,20,13.1,89
22-02-2019,20.8,10.3,6.8,11.2,96
23-02-2019,20.7,9.5,0,12.2,94
24-02-2019,20.4,8.9,0.4,8.4,90
25-02-2019,18.4,7.3,0,8.9,84
26-02-2019,18,5.7,0.5,15.8,83
27-02-2019,11.7,5,13.8,12.5,95
28-02-2019,15.8,3.6,0,12.8,94
01-03-2019,18.7,4.2,0,10,90
02-03-2019,17.1,10.1,8.7,7.9,100
03-03-2019,19.5,10,1.5,9.8,94
04-03-2019,19.9,8,0.4,9.3,91
05-03-2019,18.8,6.8,0.1,9,92
06-03-2019,19.9,9.7,0,11.2,79
07-03-2019,20.7,8.5,0,11.4,86
08-03-2019,19.7,8.7,0,13.3,81
09-03-2019,22,6.2,0,12,87
10-03-2019,22.2,8.6,0,8,80
11-03-2019,22.6,9,1.9,14.5,87
12-03-2019,23,9.5,0,11,83
13-03-2019,20.1,10.4,0,9,87
14-03-2019,23.1,9.4,1.3,15.1,95
15-03-2019,22.4,8.6,0,10.9,85
16-03-2019,24.5,9.1,0,11.6,80
17-03-2019,23.6,12.2,0.6,8.6,93
18-03-2019,24.8,10.9,0,9.6,89
19-03-2019,24.5,12.5,0,10.5,84
20-03-2019,25,12,0.8,19.7,79
21-03-2019,25.8,12.2,0,10.8,73
22-03-2019,25.8,11.7,0,15.1,78
23-03-2019,26.5,11,0,12.3,74
24-03-2019,27.8,12.7,0,15.9,76
25-03-2019,22.5,13.2,3.3,10.9,88
26-03-2019,25.7,10.8,0,12.6,92
27-03-2019,27.5,12.9,0,11.9,85
28-03-2019,28.2,15.1,0,9.5,84
29-03-2019,30.2,15.8,0,10.7,85
30-03-2019,31.7,16.7,0,18.6,83
31-03-2019,31.1,16.1,0,15.2,63
01-04-2019,29.6,14.6,0,12.1,58
02-04-2019,29.7,14.8,0,13.1,69
03-04-2019,30.3,16.3,0,11.8,70
04-04-2019,31.2,18.7,0,13.3,68
05-04-2019,31.1,17.7,0,11.3,69
06-04-2019,30.7,18.5,0.8,16.8,72
07-04-2019,28.2,18.2,3.5,20.8,68
08-04-2019,26.9,17.7,0.9,8.6,75
09-04-2019,30.4,16.2,0,9.9,75
10-04-2019,31,18.1,0,18.6,73
11-04-2019,33.5,16.5,0,16,78
12-04-2019,31.3,19.3,0.5,12.3,63
13-04-2019,32.5,17,0.3,16.1,70
14-04-2019,34.7,17.8,0,22,65
15-04-2019,35.9,18.9,0,16,60
16-04-2019,27.4,18.9,2.2,10.7,84
17-04-2019,20.3,15.3,18,13.7,96
18-04-2019,24.4,13.6,0,8.5,95
19-04-2019,27.7,13.4,0,9,88
20-04-2019,28.2,16,0,10.3,79
21-04-2019,30.1,17,0,9.1,79
22-04-2019,30.8,17.3,0,12.7,71
23-04-2019,32.8,17.7,0.1,11.5,77
24-04-2019,32.9,20.5,0.8,10.4,71
25-04-2019,33.4,20.4,0.1,13,70
26-04-2019,35.1,20.2,0,17.7,60
27-04-2019,36.8,18.9,0,24.5,50
28-04-2019,37.6,19.6,0,22,52
29-04-2019,36.2,18.8,0,15.1,48
30-04-2019,36.1,18.5,0,18,42
01-05-2019,33.7,23.9,0,24.4,38
02-05-2019,33.1,23,0,19.9,47
03-05-2019,33.1,20.3,0,13.6,49
04-05-2019,33,18.7,0,15.9,56
05-05-2019,34.2,18.8,0,23.5,54
06-05-2019,34.4,19.5,0,21.3,39
07-05-2019,35.5,18.5,0,18.7,52
08-05-2019,37.1,19.4,0,26,38
09-05-2019,37.3,19.8,0,24.2,39
10-05-2019,36.9,20.6,0,19.9,48
11-05-2019,32.9,21.5,0,16.7,52
12-05-2019,33,20.3,0,13.3,57
13-05-2019,33.5,20,0,9.9,56
14-05-2019,29.6,20,2.3,16.3,74
15-05-2019,33.1,18.1,0,12.1,76
16-05-2019,32.9,19.5,0.1,18.5,72
17-05-2019,29.6,20,0.6,11.4,67
18-05-2019,32,18.8,0,13.7,72
19-05-2019,32.8,20.3,0,12.2,72
20-05-2019,35,21.3,0,14.4,57
21-05-2019,36.5,20.5,0,15.2,55
22-05-2019,37.1,20.9,0,14.5,55
23-05-2019,35.5,22.8,0,14.9,49
24-05-2019,29.1,22.1,4,15.1,66
25-05-2019,32.4,19.4,0,15.3,80
26-05-2019,34.4,20.1,0,15.6,65
27-05-2019,36.5,20.8,0,16,59
28-05-2019,37,21.1,0,15.6,49
29-05-2019,38,21.5,0,17.5,49
30-05-2019,37.8,22.2,0,13.7,47
31-05-2019,38,23.6,0,12.8,51
01-06-2019,36.5,24.1,0,10.3,65
02-06-2019,35.1,24.3,0.9,10.2,59
03-06-2019,35.5,24.5,0.3,13.2,68
04-06-2019,35.1,23.4,0,16.6,73
05-06-2019,38.2,23.8,0,15.6,60
06-06-2019,34.5,23.3,0.3,12,57
07-06-2019,35.2,23,0.1,13.3,64
08-06-2019,36.7,22.4,0,13.7,57
09-06-2019,37.9,24.2,0,20.8,62
10-06-2019,37.7,24.5,0,13.1,58
11-06-2019,39.2,25.1,0,15.8,60
12-06-2019,34.9,25.6,0,13.5,55
13-06-2019,35.8,25.3,0,16.4,68
14-06-2019,37.5,24.5,0,15.9,63
15-06-2019,39.1,23.7,0,23.4,50
16-06-2019,35.4,24.4,0,14.4,63
17-06-2019,35.4,22.7,0,23.1,78
18-06-2019,31.8,22.6,0,11.5,76
19-06-2019,34.2,20.8,0,9.2,79
20-06-2019,32.8,21.9,0.1,11.2,87
21-06-2019,33.7,22.8,0,11.2,78
22-06-2019,34.8,23.4,0,10.8,73
23-06-2019,34.5,24,3.4,14.3,80
24-06-2019,31.7,23.4,0.6,9.4,86
25-06-2019,33.9,24.4,0,10,88
26-06-2019,35.6,23,0,9,92
27-06-2019,36.1,24.1,0,14.4,69
28-06-2019,36.5,23.4,0,15.5,72
29-06-2019,37,23.4,0,10.2,67
30-06-2019,33.9,25.4,1.3,9.9,74
01-07-2019,33.5,23.1,5.6,10.7,95
02-07-2019,35.6,24.4,0.6,10.4,77
03-07-2019,32.4,24.9,4.3,9.7,87
04-07-2019,30.7,24.9,8.1,8,95
05-07-2019,31.3,24.7,1.7,10.9,93
06-07-2019,30.7,23.8,9,15.2,97
07-07-2019,31.1,23.5,5.7,8.3,99
08-07-2019,30.6,23.8,22.2,10.5,96
09-07-2019,28.1,23.5,43.3,6.8,96
10-07-2019,29.2,23.4,11.1,9.9,95
11-07-2019,28.3,24,12.4,9.4,98
12-07-2019,28.6,23.2,25.5,9.8,97
13-07-2019,27.9,23.2,24,11.6,98
14-07-2019,26.8,22.5,34.6,9.3,96
15-07-2019,28,22.2,58.6,9.2,98
16-07-2019,23.5,21.6,18.2,7.6,99
17-07-2019,26.3,20.8,1.8,10.6,98
18-07-2019,28.7,22,12.3,7.6,97
19-07-2019,29.2,22.8,2.3,7.6,94
20-07-2019,29.9,23.8,2.2,7.5,94
21-07-2019,29.6,23,8,7.7,92
22-07-2019,30.7,23.8,1.7,7.8,94
23-07-2019,31.6,24.1,5.9,9.8,96
24-07-2019,31.5,23.4,14.4,9.6,99
25-07-2019,25.4,22.9,34.1,6.3,100
26-07-2019,28.4,23.3,18.7,7.5,99
27-07-2019,27.9,23.4,5.7,7.2,97
28-07-2019,29.4,23.5,1.5,7.7,94
29-07-2019,29.9,24.3,3.6,7.4,95
30-07-2019,27.5,25,3.9,11.7,90
31-07-2019,29.5,24.1,1.5,8,94
01-08-2019,29.7,24.2,12.7,12.1,97
02-08-2019,28.7,23.7,8.7,6.6,96
03-08-2019,28.9,23.8,3.1,7.4,96
04-08-2019,30.9,24,9,6.8,96
05-08-2019,30.2,24.1,15,7.9,98
06-08-2019,27,23.4,64.3,9.8,99
07-08-2019,30.7,23.9,1,9,94
08-08-2019,31.1,23.9,2.1,12.5,98
09-08-2019,29.1,24.2,9.5,8.2,97
10-08-2019,30.1,23.9,5.6,6.2,97
11-08-2019,30.1,24.4,6.6,7.2,98
12-08-2019,28.8,23.3,8.6,8.2,99
13-08-2019,31.6,24.3,12.6,10.1,98
14-08-2019,30.3,23.6,3,7.8,96
15-08-2019,27.7,24.3,7.3,7.4,96
16-08-2019,29.5,23.6,11.4,10,98
17-08-2019,26.8,23.1,18.8,15.5,97
18-08-2019,25.8,22.8,58.4,16.3,99
19-08-2019,28,22,6.6,9.2,98
20-08-2019,29.6,21.4,0,8.7,95
21-08-2019,29.5,22.7,1.8,7.6,97
22-08-2019,28,22.5,5,8.7,98
23-08-2019,29.9,23.8,1.1,8.7,95
24-08-2019,29.3,22.7,12.8,7.9,97
25-08-2019,27.3,23,5.8,6.6,97
26-08-2019,31.3,24.1,0,7.7,93
27-08-2019,31.2,23.9,1.4,5.5,91
28-08-2019,30.1,23.3,3.8,7.8,92
29-08-2019,29.7,23.9,11.5,6.9,96
30-08-2019,30.1,23.4,6.9,9.1,95
31-08-2019,29.5,23.9,9.9,5.8,94
01-09-2019,27.2,22.9,17,11.8,97
02-09-2019,31.4,23.1,0.1,7.2,96
03-09-2019,29.8,23.2,5.1,6.5,94
04-09-2019,27.2,23.4,13,6.6,98
05-09-2019,28.3,23.5,2.1,8.5,96
06-09-2019,30.1,23.7,1.6,6.9,95
07-09-2019,28.1,23.1,3,9.5,97
08-09-2019,29,23.2,1.8,5.7,96
09-09-2019,29.8,22.7,0.9,7,96
10-09-2019,29.7,23.2,5.3,8,96
11-09-2019,29.2,23.4,4.6,7.7,96
12-09-2019,28.2,23.1,22.1,9.4,100
13-09-2019,29.8,23.5,17.1,6.6,96
14-09-2019,27.5,22.8,4.9,12.2,99
15-09-2019,28.4,23,2.6,8.1,98
16-09-2019,27.4,22.8,4.8,8.4,98
17-09-2019,27.5,21.8,6.3,8.7,95
18-09-2019,27.3,20.5,5.7,7.2,97
19-09-2019,26.8,21.3,5.5,5,97
20-09-2019,28.4,20.4,0.7,6.5,94
21-09-2019,27.5,21.3,5.1,5.4,96
22-09-2019,28.2,19.9,1.8,7.1,97
23-09-2019,27.7,19.7,0.7,6.1,94
24-09-2019,28.5,20.7,1.9,5.8,94
25-09-2019,27.6,21.3,1.6,5.4,94
26-09-2019,27.4,21.5,7.2,10.4,96
27-09-2019,25.1,21,8.1,9.5,100
28-09-2019,24.5,21.3,18.3,7.8,98
29-09-2019,24.9,20.1,4.3,9.4,97
30-09-2019,24.9,20.1,3,10,99
01-10-2019,25,19.5,3.4,6.6,95
02-10-2019,26.5,18.4,1.3,8.4,96
03-10-2019,27.8,18.5,0.8,6.3,93
04-10-2019,27,18.9,0,8,97
05-10-2019,27.6,17.6,0,7,92
06-10-2019,28.5,17.9,0,7.3,91
07-10-2019,27.4,19,0,9.1,96
08-10-2019,27.8,18.4,0,9,94
09-10-2019,25.9,17.6,0,7.4,93
10-10-2019,26.4,17.1,0.1,7.1,91
11-10-2019,26.9,17.5,0,10,90
12-10-2019,27,17.2,0,7.7,91
13-10-2019,27,17,0,7.7,93
14-10-2019,27.1,16.9,0,6.4,91
15-10-2019,26.7,17.6,0,6.5,90
16-10-2019,27.1,17.5,0.2,6.9,90
17-10-2019,26.5,17,0,6.8,89
18-10-2019,27.2,17.4,0,7.6,84
19-10-2019,27.1,16.2,0,9.8,82
20-10-2019,27.7,15.3,0,7.5,83
21-10-2019,26.8,14.6,0,9.8,88
22-10-2019,27,13.9,0,9.8,86
23-10-2019,26.4,15.2,0,8.2,88
24-10-2019,25.8,15.3,0,7,93
25-10-2019,24.2,15.4,0.2,7.1,91
26-10-2019,24.4,15.7,0.4,8.2,92
27-10-2019,25.6,14.9,0,9,93
28-10-2019,26.3,16.1,0,9.7,92
29-10-2019,25.1,16.8,0,7.6,92
30-10-2019,24.8,17.4,0,8.6,93
31-10-2019,26.2,15.8,0,7.6,93
01-11-2019,26.4,15.3,0,7.3,91
02-11-2019,26.8,16,0.2,9.5,90
03-11-2019,25.9,15.3,0,8.6,94
04-11-2019,25.3,13.8,0,10.9,87
05-11-2019,25,13.6,0,7.6,92
06-11-2019,25.1,13.5,0,9.6,91
07-11-2019,21.7,14.5,2.5,11.2,86
08-11-2019,24.5,13.4,0.4,13.8,83
09-11-2019,26.3,13.2,0,8.4,81
10-11-2019,23.6,14.5,0,11.4,74
11-11-2019,22,12.5,0,6.9,93
12-11-2019,24.4,12.9,0,8.7,85
13-11-2019,23.5,12.7,0,10.7,89
14-11-2019,22.8,14.6,0,7.3,80
15-11-2019,23.2,14.9,0.1,8.3,83
16-11-2019,26.4,13.1,0,9.7,84
17-11-2019,25.3,11.4,0,10.5,81
18-11-2019,21.1,12.3,0,8,99
19-11-2019,21.8,11,0,7.1,98
20-11-2019,21.7,11.9,0,7.4,93
21-11-2019,21.1,11.5,0,7.5,87
22-11-2019,22.1,13.2,0,8.9,91
23-11-2019,23.4,14.6,0.1,9.7,87
24-11-2019,23.7,12.4,0,9.7,75
25-11-2019,22.1,10.2,0,8.7,66
26-11-2019,23.2,9.9,0,12.6,68
27-11-2019,19.4,14.3,2.1,13,74
28-11-2019,20,11.7,2,11.4,88
29-11-2019,20.8,10.8,0,9.7,85
30-11-2019,21.3,9.9,0,7.7,91
01-12-2019,20.6,8.6,0,8.2,95
02-12-2019,19.4,8.1,0,8.6,95
03-12-2019,20.2,7.5,0,6.9,90
04-12-2019,19.2,8.3,0,7.1,92
05-12-2019,19.6,9.9,0,8.7,89
06-12-2019,22.3,8.8,0,7.3,88
07-12-2019,21,10.6,0,8.9,83
08-12-2019,20.2,9.3,0,9.3,90
09-12-2019,18.9,8.5,0,8.2,92
10-12-2019,18.7,9.2,0,6.1,94
11-12-2019,17.9,8,0,7.6,92
12-12-2019,16,11.6,5.7,11.3,90
13-12-2019,13.7,9.9,20.4,19,90
14-12-2019,14.8,6.8,0.4,5.8,96
15-12-2019,16.9,7.4,0,8.9,93
16-12-2019,17.9,6.4,0,7.4,97
17-12-2019,17.3,6,0,7.6,97
18-12-2019,15.8,5.4,0,8.8,100
19-12-2019,13.1,5.9,0,7.4,100
20-12-2019,16.9,7.4,1.7,6.3,98
21-12-2019,18.5,8.4,0.2,8.7,93
22-12-2019,18.3,6.7,0,9.1,92
23-12-2019,18,6.7,0,6.4,98
24-12-2019,16.2,5.2,0,8.2,99
25-12-2019,16.1,4.7,0,8.4,98
26-12-2019,13.2,3.4,0,8.4,98
27-12-2019,14.5,3.4,0,7.4,100
28-12-2019,13.6,4.4,0,6.9,100
29-12-2019,16.2,5.1,0,9,97
30-12-2019,15.8,6,0,8.9,95
31-12-2019,15.5,5,0,6.4,98
01-01-2020,16.4,4.9,0,9.7,89
02-01-2020,18,4.7,0,7.6,86
03-01-2020,16.4,7.4,0.1,9.9,91
04-01-2020,14.4,5.1,0.2,7.9,97
05-01-2020,14.5,2.5,0,7.8,95
06-01-2020,15.1,7.8,8.2,6.9,94
07-01-2020,11.7,9.1,25.6,4.9,97
08-01-2020,11.9,7.8,34.6,14.7,94
09-01-2020,13.7,3.9,0,10.5,95
10-01-2020,15.7,2.8,0,8.9,90
11-01-2020,16.1,4.1,0,8,98
12-01-2020,19.3,7.4,0,8.1,95
13-01-2020,16.1,10.2,15.9,10.5,98
14-01-2020,16.7,8.1,4.1,6.1,97
15-01-2020,17.1,8.4,0.4,10.7,96
16-01-2020,14.3,7.6,5.5,8.2,95
17-01-2020,12.7,7.3,4.7,6.9,94
18-01-2020,14.4,5.8,0.4,7.7,93
19-01-2020,16.3,4.4,0,10.1,91
20-01-2020,16.3,4.4,0,7.9,87
21-01-2020,16.5,6.4,0,11.3,97
22-01-2020,18.4,5.3,0,10.4,89
23-01-2020,16,6.7,0,8.3,88
24-01-2020,17.7,4,0,8.4,93
25-01-2020,14.8,6.1,0.3,6.9,100
26-01-2020,17.1,6.2,0,11.7,96
27-01-2020,15,6.7,1.2,8.8,98
28-01-2020,15.9,7.6,9.7,12.3,94
29-01-2020,15.8,7.4,5.8,10.9,98
30-01-2020,15.8,5.1,0,10.8,92
31-01-2020,15.8,5,0,8.4,95
01-02-2020,14.3,4.4,0,8.8,96
02-02-2020,16.2,3.2,0,9.2,91
03-02-2020,17,4.9,0,8.4,100
04-02-2020,15.3,4.8,0,7.6,98
05-02-2020,16.6,5.1,0,11.5,93
06-02-2020,15.2,4.8,0,8.3,90
07-02-2020,14.1,4.9,0,7.2,92
08-02-2020,16.9,3.9,0,8.4,83
09-02-2020,18.4,5.3,0,7.4,91
10-02-2020,17.9,6.5,0,8.6,92
11-02-2020,18.5,5.9,0,7.9,92
12-02-2020,20.6,8.8,0,11,87
13-02-2020,24.6,11.2,0,10.2,94
14-02-2020,21.4,10.6,0,10.5,97
15-02-2020,21.3,9.2,0,8.6,95
16-02-2020,21,10,0,7.4,95
17-02-2020,21.5,9.6,0,9.8,94
18-02-2020,22.1,8.8,0,8.8,86
19-02-2020,20,10.3,0,9.4,91
20-02-2020,23.5,9.5,0.1,13.1,91
21-02-2020,16.8,12,11.5,18.3,93
22-02-2020,21.1,8.4,0,10,94
23-02-2020,20.1,10.2,2.4,7.6,87
24-02-2020,22.6,9.4,0,7,88
25-02-2020,19.6,10.6,0,5.9,84
26-02-2020,19.9,9.4,0.1,9.3,93
27-02-2020,20.9,9.8,0.2,8,93
28-02-2020,21.2,10.6,0,9.7,95
29-02-2020,20.2,11.7,5.9,14.7,95
01-03-2020,22,9.7,0.2,11.2,97
02-03-2020,22.3,10.3,0.2,8.1,86
03-03-2020,22.6,11.1,0,9.1,88
04-03-2020,22.4,11.4,0,8,87
05-03-2020,18.9,11.9,4.4,10.3,89
06-03-2020,16.3,11.1,19.6,24.2,94
07-03-2020,15.1,9.8,12.5,6.7,95
08-03-2020,20.9,7.7,0,11.9,95
09-03-2020,22.5,8.8,0,10.1,91
10-03-2020,21.3,9.3,0,11.6,94
11-03-2020,21,11.1,3.9,19.9,92
12-03-2020,22.1,13.5,38.4,18.7,92
13-03-2020,19.1,11.5,9.3,21.8,95
14-03-2020,19.7,9.6,1.6,15.1,91
15-03-2020,19.2,9.2,0.4,9.6,91
16-03-2020,23.2,9.7,0,10.1,85
17-03-2020,23.5,10.1,0,9.5,88
18-03-2020,23.6,11.4,0,11.3,90
19-03-2020,23.3,12.2,0,9.9,84
20-03-2020,24.3,10.7,0,9.2,84
21-03-2020,24.8,12.6,0.2,8,83
22-03-2020,24.3,11.7,0,11.6,86
23-03-2020,25.6,11.2,0,9.8,85
24-03-2020,26.2,14.5,0.9,9.9,85
25-03-2020,26.1,13.5,0.2,12.8,93
26-03-2020,25.8,14.8,0,10,87
27-03-2020,21,14.6,12.5,14,97
28-03-2020,24.4,12.2,1.7,13.5,92
29-03-2020,24.9,12.1,0,12.7,81
30-03-2020,25.8,10.1,0,11.5,79
31-03-2020,27.3,13.1,0,12.6,84
01-04-2020,26.8,13.5,0,11.3,85
02-04-2020,25.3,12.2,0.6,13,79
03-04-2020,25.5,11.6,0,12,74
04-04-2020,26.5,13.4,0,11.4,75
05-04-2020,27.5,14,0,12.4,74
06-04-2020,28.2,12.4,0,15,73
07-04-2020,28.4,13.2,0,19.3,69
08-04-2020,26.6,14.4,0.3,9.9,75
09-04-2020,28.3,13.1,0,10.1,68
10-04-2020,28.6,15.1,0,13.9,68
11-04-2020,30.7,14.3,0,12.6,71
12-04-2020,31,16.8,0,11.3,71
13-04-2020,31.7,17.9,0,11.5,74
14-04-2020,30.3,19,0,13.1,75
15-04-2020,32.8,19.7,0.1,17,68
16-04-2020,32,18.2,0,12.2,63
17-04-2020,29.5,20.4,0,9.8,58
18-04-2020,29.7,18,0.3,14.5,70
19-04-2020,29.5,16.2,0,9.4,64
20-04-2020,29.1,16.8,0.6,16.3,68
21-04-2020,27.2,16.7,0.4,13.7,74
22-04-2020,27.7,15.6,0,8.3,82
23-04-2020,30,16.4,0,13.1,78
24-04-2020,29.7,19.1,0,9,74
25-04-2020,30.7,18.1,0.9,12.8,82
26-04-2020,26.3,18.5,18.3,9.3,91
27-04-2020,25.2,16.4,5.1,10.4,99
28-04-2020,27.2,16,0,8.9,97
29-04-2020,25.5,17.9,3.4,10.9,86
30-04-2020,26.3,16.9,5.1,10.6,90
01-05-2020,29.3,17.1,0.9,8.4,89
02-05-2020,29.1,18.9,1.4,9,92
03-05-2020,26.8,19.1,9.6,14.2,92
04-05-2020,28.8,19.3,0.3,7.8,91
05-05-2020,29,17.9,0.1,10.7,82
06-05-2020,27.4,17.2,7.7,19.9,91
07-05-2020,28.1,15.3,0.3,11.6,74
08-05-2020,29.2,15.6,0,10,84
09-05-2020,29.5,17.9,0.1,12.2,83
10-05-2020,29,19.3,6.5,15.6,87
11-05-2020,30,17.4,4.6,12.8,92
12-05-2020,28.8,17.3,0.1,16.1,90
13-05-2020,28,19.3,0,8.9,88
14-05-2020,31.4,18.7,0,15.5,82
15-05-2020,32.8,19.4,0,13.3,69
16-05-2020,32.9,20.8,0,13.1,71
17-05-2020,33.4,20.5,0,11.2,66
18-05-2020,34,18.6,0,16,56
19-05-2020,34.1,16.6,0,24.7,50
20-05-2020,34.3,18.5,0,13,52
21-05-2020,35.1,19.5,0,12.6,56
22-05-2020,34.8,21.5,0,9.4,59
23-05-2020,33.7,21.6,0.5,13.4,66
24-05-2020,36.5,21.9,0,12.5,49
25-05-2020,36.7,21.5,0,13.6,58
26-05-2020,37.7,21.3,0,16.9,58
27-05-2020,37.2,21.5,0,15.1,56
28-05-2020,33.6,23.9,0.1,14.5,68
29-05-2020,29.1,23,3.6,13.4,77
30-05-2020,28.3,20.7,2.1,8.6,82
31-05-2020,26.9,20.1,6.7,7.5,95
01-06-2020,28.3,18.6,2.2,9.7,95
02-06-2020,30.1,18.4,0,9.2,87
03-06-2020,30.3,20.1,0.5,10.2,82
04-06-2020,31,20.2,4.9,10.8,88
05-06-2020,28.6,19.6,2.4,8.1,95
06-06-2020,29.3,19.9,0.2,10.6,91
07-06-2020,30.7,20.9,0.3,8.7,83
08-06-2020,31.7,22.2,0,8.9,82
09-06-2020,33.2,23.2,0,8.7,81
10-06-2020,33.8,23.8,0,8,75
11-06-2020,32.4,24.3,0.5,10.4,84
12-06-2020,31.3,24.3,3.5,7.6,85
13-06-2020,32.1,23.2,2.4,7.2,90
14-06-2020,33,22.9,1,8.4,94
15-06-2020,32.4,23.8,1.9,8.4,82
16-06-2020,33.3,23.3,0,8.4,76
17-06-2020,32.2,23.4,1.9,9.9,94
18-06-2020,32.7,23.8,2.5,7.3,88
19-06-2020,33.2,24.6,1.6,7.9,89
20-06-2020,33.5,23.3,3.2,9.4,95
21-06-2020,30.9,22.7,3.7,7.4,95
22-06-2020,30.7,22.5,0.2,7.5,92
23-06-2020,31.4,23.3,5.1,10.1,93
24-06-2020,30.4,24,4.1,6.9,95
25-06-2020,30.8,22.8,2,10.5,95
26-06-2020,31.6,22.5,1.9,13,97
27-06-2020,34,23.2,0.1,14.9,93
28-06-2020,34.3,23.8,1.5,10.4,90
29-06-2020,30.3,24.9,6.2,9.4,96
30-06-2020,31.7,23.6,2.7,7.9,91
01-07-2020,30.8,23.7,4.4,8.1,94
02-07-2020,31.2,23.8,5,7.6,97
03-07-2020,30.5,24.4,4.7,7.1,95
04-07-2020,30,23.9,60,10.1,97
05-07-2020,29.5,22.9,1.2,9,95
06-07-2020,31.5,22.3,2.4,11.2,93
07-07-2020,27.8,22.3,2.3,8.2,99
08-07-2020,29.2,23.3,37.9,6.3,100
09-07-2020,30.1,23.4,2.1,8.4,93
10-07-2020,29.8,23.3,5.7,9.9,99
11-07-2020,29.1,23,8.8,13,100
12-07-2020,31.2,22.6,5.5,11.5,98
13-07-2020,32,21.7,0.6,10.8,95
14-07-2020,31.2,23.5,3.1,8.2,92
15-07-2020,29.5,23.7,10.8,8.9,98
16-07-2020,29.1,23.8,6.3,5.8,94
17-07-2020,30,24,4.4,7.3,96
18-07-2020,30,24.4,7.1,8.4,96
19-07-2020,30.9,24.2,14.3,12.1,97
20-07-2020,28.9,23.7,9.8,6.6,99
21-07-2020,28.3,21.7,5.6,8.2,99
22-07-2020,27.3,21.3,0.3,7.6,98
23-07-2020,29,21.2,1.9,6.9,98
24-07-2020,29.6,22.5,3.7,9.7,93
25-07-2020,29,23.3,1,7.3,95
26-07-2020,30.9,23.5,1.7,8.3,98
27-07-2020,28.4,23.7,13.2,7.4,93
28-07-2020,29.1,24,9.6,7.6,100
29-07-2020,28.4,23.1,73.2,8.2,100
30-07-2020,26.9,22.6,81.5,9.8,98
31-07-2020,29.8,22.8,8,8.2,98
01-08-2020,28.7,23.1,10.4,9.5,100
02-08-2020,28.9,23,6,10.9,99
03-08-2020,29.3,24.2,5.3,5.9,98
04-08-2020,33,23.8,0.3,5.6,99
05-08-2020,33,25.7,1.1,6.4,97
06-08-2020,32.2,25.6,0.4,10.4,91
07-08-2020,30,25,3.3,6.9,94
08-08-2020,31.3,24.2,9.4,10.6,93
09-08-2020,28.5,23.6,21.2,7.6,99
10-08-2020,27.4,23.6,33.8,12.8,100
11-08-2020,29.6,24,45.2,8.4,98
12-08-2020,27.9,23.8,18.4,7.6,100
13-08-2020,28.6,23.2,71.5,8.3,100
14-08-2020,29.3,23.6,1.7,7.1,99
15-08-2020,29.8,24,6.2,6.4,96
16-08-2020,29,23.9,8.7,10.4,94
17-08-2020,28.3,24.4,4.2,8.3,96
18-08-2020,29.7,23.1,11.5,9.3,100
19-08-2020,25.9,22.9,19.8,16.5,99
20-08-2020,27.6,22.2,6,8.8,96
21-08-2020,28.4,23.2,3.6,11.9,94
22-08-2020,28.1,23.6,1.3,7.8,94
23-08-2020,29.8,22.9,7,7.8,99
24-08-2020,29.4,23.5,3.7,8.3,96
25-08-2020,29.8,23.5,4.4,7.7,96
26-08-2020,30,23.3,9.6,9.2,96
27-08-2020,27.7,23.3,20.1,7.4,98
28-08-2020,28.7,22.5,2.3,8,98
29-08-2020,29.9,22.2,0.1,8.6,97
30-08-2020,28.5,23.2,4.1,6.6,95
31-08-2020,29,22.4,2.6,13.5,95
01-09-2020,30.3,22.1,0.4,8.7,96
02-09-2020,30.4,22.8,1.2,8.1,98
03-09-2020,28,23.8,3.9,6.2,94
04-09-2020,30.7,23,1.4,7,95
05-09-2020,28.5,22.6,3.2,8.3,97
06-09-2020,29.5,22.2,3.7,6.6,96
07-09-2020,29.5,22.6,1.4,10.2,95
08-09-2020,30,22.6,0.6,7.9,96
09-09-2020,30.5,22.8,0.2,11.9,93
10-09-2020,30.1,22.8,0,9.3,91
11-09-2020,30.4,22.6,0.2,9,94
12-09-2020,29.5,23.1,0.2,7.1,92
13-09-2020,29.3,23,5.1,8.7,95
14-09-2020,29.4,22.3,1.2,7.3,93
15-09-2020,29,22.6,2.9,8.7,95
16-09-2020,29.6,23.4,3.4,8,94
17-09-2020,31,22.6,0.4,12.6,94
18-09-2020,30.8,23,0.5,9.6,91
19-09-2020,30.7,22.4,0.3,7.6,92
20-09-2020,31.5,22.7,0,7.3,94
21-09-2020,31.9,22.4,0,7,88
22-09-2020,30,23.1,3.9,7.6,92
23-09-2020,28.9,22.1,4.9,6.9,98
24-09-2020,29.6,21.8,1.1,11,100
25-09-2020,30,21.3,0,10.9,98
26-09-2020,30,20.3,0,11.9,90
27-09-2020,29.8,18.7,0,9.4,87
28-09-2020,30.4,19.3,0,8.9,85
29-09-2020,29.9,18.8,0,10.7,81
30-09-2020,29.7,19.8,0,9.4,81
01-10-2020,30,19.5,0,8.8,85
02-10-2020,29.8,18.7,0,8.3,90
03-10-2020,30.1,19.1,0,8.7,87
04-10-2020,29.8,19.1,0,10.8,82
05-10-2020,30,19,0,10.6,83
06-10-2020,30,18.7,0,9.2,80
07-10-2020,29.8,18.7,0,10.1,78
08-10-2020,30.2,18.2,0,10.8,81
09-10-2020,29.5,18.5,0,10.2,80
10-10-2020,29.6,17.7,0,10.1,82
11-10-2020,29.4,19.8,0,10,86
12-10-2020,28.8,18.3,0,7.8,88
13-10-2020,28.6,18.7,0,6.6,88
14-10-2020,29.2,17.7,0,7.4,86
15-10-2020,29.4,17.2,0,7.6,88
16-10-2020,27.8,18.2,0,9.3,80
17-10-2020,27.8,17.1,0,8,82
18-10-2020,28.3,16.3,0,8.2,87
19-10-2020,28.2,16.6,0,7.8,83
20-10-2020,27.9,15.5,0,10.2,84
21-10-2020,27.4,15.1,0,10,73
22-10-2020,27.3,14.3,0,8.6,75
23-10-2020,27.2,14.8,0,8.3,72
24-10-2020,25.9,13.7,0,8.9,82
25-10-2020,26.8,12.9,0,8.8,81
26-10-2020,26.4,12.8,0,11.2,69
27-10-2020,25.9,12.7,0,9.5,78
28-10-2020,25.9,12.4,0,7.4,85
29-10-2020,25.7,12.2,0,9.2,75
30-10-2020,25.9,12.4,0,9.7,75
31-10-2020,26.5,14.1,0,9.2,82
01-11-2020,25.5,14.7,0,8.9,87
02-11-2020,24.4,14.5,0,8.3,91
03-11-2020,23.6,13.8,0,9,90
04-11-2020,23.9,13,0,7.1,85
05-11-2020,24.6,11.7,0,8,88
06-11-2020,24.3,11,0,6.8,83
07-11-2020,23.4,10.8,0,7.8,84
08-11-2020,22.8,11.1,0,7,86
09-11-2020,24.1,13.1,0,7.4,88
10-11-2020,24,12.3,0,6,88
11-11-2020,23.9,12.2,0,9,87
12-11-2020,23.2,12.8,0,9.6,82
13-11-2020,22.5,12.6,0,7.2,92
14-11-2020,22.6,10.9,0,7.9,91
15-11-2020,22.1,13.4,0.9,12.2,85
16-11-2020,20.7,10.9,3.8,7.1,93
17-11-2020,21.9,9.8,0,8.2,91
18-11-2020,20.6,9.8,0,8.3,95
19-11-2020,19.3,9.1,0,8.1,92
20-11-2020,20.7,7.9,0,9.7,87
21-11-2020,18.9,7.6,0,10.1,89
22-11-2020,19.6,7.1,0,9.8,87
23-11-2020,19.3,9.7,0,8,86
24-11-2020,19.4,7.8,0,6.1,87
25-11-2020,17.5,12.3,0.9,15.8,85
26-11-2020,18.3,10.4,0.4,12.6,79
27-11-2020,22.6,6.9,0,10.9,83
28-11-2020,21.9,9.6,0,7.8,84
29-11-2020,18.8,10.6,0,8.2,89
30-11-2020,21,10.4,0,7.3,93
01-12-2020,19.9,11.2,0,9.5,91
02-12-2020,20.6,10.4,0,8.5,95
03-12-2020,19.3,10.6,0,7.4,94
04-12-2020,19.5,8.5,0,7.7,91
05-12-2020,21,10.2,0,7,87
06-12-2020,22.5,12.2,0,8.8,84
07-12-2020,21.7,9.5,0,8,84
08-12-2020,21.1,11.8,0,8.2,88
09-12-2020,22.4,10.9,0,8.9,89
10-12-2020,23,12.2,0,9,78
11-12-2020,22.8,9.7,0,8.4,78
12-12-2020,18.6,9.6,3.3,9.3,92
13-12-2020,18.5,8.2,0,9.8,98
14-12-2020,17.2,7.2,0,8.2,99
15-12-2020,17.8,6.3,0,7.1,97
16-12-2020,16.7,5.5,0,9,94
17-12-2020,16.5,4.2,0,10.3,94
18-12-2020,16,6.7,0,7.2,89
19-12-2020,17,4.3,0,10.6,87
20-12-2020,18.1,6.6,0,9,95
21-12-2020,17,5.7,0,6.9,99
22-12-2020,19.6,7.1,0,7.4,94
23-12-2020,19.5,7.2,0,9.4,87
24-12-2020,18,6.4,0,11,80
25-12-2020,17.9,4.7,0,10.7,88
26-12-2020,19.2,7.2,0,8.6,92
27-12-2020,16.5,8.8,1,10.4,81
28-12-2020,14.6,6.6,3.9,6.9,95
29-12-2020,16.4,5.4,0,8.6,94
30-12-2020,16.4,5.9,0,9.4,99
31-12-2020,17.7,4.7,0,10.2,86
01-01-2021,16.3,6,0,6.4,80
02-01-2021,17.9,6.8,0.4,9.3,77
03-01-2021,19.5,8,1.5,10.2,86
04-01-2021,19.5,9.9,2.4,11.1,86
05-01-2021,17.2,11.1,4,15.5,90
06-01-2021,17.7,10.3,1.8,12.6,94
07-01-2021,20.1,7.9,0,10.9,100
08-01-2021,19.5,8.4,0,8.8,89
09-01-2021,22.4,9,0,10.1,93
10-01-2021,19.6,8.7,0,11.2,98
11-01-2021,17.3,7,0,8.7,100
12-01-2021,16.6,5.9,0,7.7,100
13-01-2021,15,4,0,7,100
14-01-2021,14.8,5.2,0,7.4,100
15-01-2021,16,7.2,0,6.5,96
16-01-2021,17.3,6.3,0,8,100
17-01-2021,15.5,8,0,8,100
18-01-2021,19.2,6.3,0,9.8,93
19-01-2021,19.6,7.3,0,9.5,82
20-01-2021,17.8,7.5,0,8.9,91
21-01-2021,17.4,5,0,8.2,82
22-01-2021,15.6,8.1,0,8,92
23-01-2021,18,9.1,0,8.9,89
24-01-2021,17.1,6.5,0,7.2,98
25-01-2021,17.2,6.8,0,8.8,92
26-01-2021,17,5.5,0,9.5,98
27-01-2021,17.8,4.6,0,8.3,99
28-01-2021,16.3,4.3,0,7.4,97
29-01-2021,16.4,4.5,0,10.1,95
30-01-2021,16.4,4.4,0,8.8,94
31-01-2021,16.9,5,0,8.4,92
01-02-2021,17.5,5.9,0,9.8,94
02-02-2021,20.2,6.1,0,8.5,88
03-02-2021,19.5,8.3,0.2,18.5,80
04-02-2021,18,9.8,2.9,15.8,85
05-02-2021,17.5,6.1,0.6,11.4,84
06-02-2021,17.9,4.9,0,9.7,87
07-02-2021,19.7,5.4,0,8.7,76
08-02-2021,19.9,8.4,0,8,91
09-02-2021,20.7,9.5,0,7.3,97
10-02-2021,20.7,8.4,0,10.1,96
11-02-2021,21.7,8.6,0,8.6,90
12-02-2021,21,9.5,0,8,95
13-02-2021,21.3,9.5,0.2,8.9,99
14-02-2021,21.2,11.1,0.4,7.3,99
15-02-2021,22.2,9.7,0,7.4,95
16-02-2021,22.8,8.2,0,8.7,92
17-02-2021,22.9,9.2,0,8.8,75
18-02-2021,22.7,9.1,0,7.2,77
19-02-2021,23,10.3,0,11.6,78
20-02-2021,23.1,10.4,0,9.2,91
21-02-2021,22.9,10.9,0,10.8,92
22-02-2021,24.1,11.6,0,9.7,92
23-02-2021,25.1,12.3,0,10.7,92
24-02-2021,26.3,12,0,11.2,84
25-02-2021,26.8,12.7,0,15.5,70
26-02-2021,27.1,11.6,0,14.8,68
27-02-2021,25,14.5,1.2,13.7,81
28-02-2021,24.7,12.3,0,10.1,79
01-03-2021,22.9,9.2,0,12.5,69
02-03-2021,23.6,8.8,0,8.9,74
03-03-2021,24.8,11.3,0,12,74
04-03-2021,25.1,10.6,0,11.4,67
05-03-2021,26.5,11.8,0,19.8,61
06-03-2021,25.9,12,0,11.2,69
07-03-2021,27.2,12.4,0.3,13.6,71
08-03-2021,25.6,14.2,2.3,13.4,80
09-03-2021,27.4,12,0,9,80
10-03-2021,26.9,13.3,0,11.5,74
11-03-2021,27.6,13.2,0,7.6,72
12-03-2021,25.1,13.1,0.2,13,81
13-03-2021,26.7,12.5,0,13,71
14-03-2021,25.5,12.8,0,11.3,74
15-03-2021,27.1,12.5,0,12.2,78
16-03-2021,27,12.9,0,12.7,71
17-03-2021,27.5,13.7,0,11.2,69
18-03-2021,28.4,13.2,0,7.6,67
19-03-2021,28.8,14.3,0,10.5,67
20-03-2021,27.7,13.5,0,11.2,72
21-03-2021,27.3,13.6,0,10,78
22-03-2021,25.1,15.7,0,16.9,68
23-03-2021,27.2,15.5,0,12.9,66
24-03-2021,26.5,11.7,0,10.9,72
25-03-2021,25.4,11.9,0,12.3,72
26-03-2021,26.8,11.7,0,9.4,77
27-03-2021,27.8,14,0,10.4,77
28-03-2021,28.9,15.3,0,9.8,79
29-03-2021,29.7,16.6,0,12.1,77
30-03-2021,30.6,14.8,0,9.5,69
31-03-2021,27.8,15,0,18.7,61
01-04-2021,26.9,12.5,0,20.3,54
02-04-2021,26.9,10,0,17.3,66
03-04-2021,27.8,8.8,0,13.4,55
04-04-2021,30,11.6,0,9.9,58
05-04-2021,30.3,20.4,0.1,21.3,51
06-04-2021,29.1,18.3,0,18.4,51
07-04-2021,28.3,16.3,0.1,19.5,59
08-04-2021,30.1,14.8,0,11.8,65
09-04-2021,30.2,14.4,0,9.4,61
10-04-2021,31,13.7,0,11,53
11-04-2021,32.1,15.7,0,10.4,52
12-04-2021,30.9,14.7,0,16.3,54
13-04-2021,32.3,14.8,0,13.6,56
14-04-2021,33.9,16.7,0,21.4,57
15-04-2021,33.4,17.1,0,15.3,53
16-04-2021,33.4,18.1,0,17.5,55
17-04-2021,27.1,19,2.8,20.8,80
18-04-2021,29.1,14.8,0,15.1,72
19-04-2021,31.3,13.1,0,18.8,70
20-04-2021,26.7,14.5,0.5,26.8,54
21-04-2021,25.7,18.2,2.7,27.3,56
22-04-2021,24.6,14.9,7.8,18.6,90
23-04-2021,26.9,13.5,4.1,19.6,76
24-04-2021,27.6,12.5,0,11.6,87
25-04-2021,31.3,12.3,0,9,76
26-04-2021,32.7,15.9,0,9.4,66
27-04-2021,34,18,0,11.1,60
28-04-2021,35.1,17.4,0,10.2,56
29-04-2021,33.7,18.9,0,13.6,54
30-04-2021,34,19,0,18.1,59
01-05-2021,30.6,20.4,0,10.7,66
02-05-2021,31.5,18.4,0,11.9,69
03-05-2021,31.1,20.1,0.4,9.4,73
04-05-2021,31.2,19.7,0.6,14,73
05-05-2021,28.9,21.1,1.6,8.3,75
06-05-2021,30,19.4,10.1,14.9,92
07-05-2021,28.3,18.2,0.8,10.3,95
08-05-2021,30.5,17.9,0.7,11.5,74
09-05-2021,29.6,19.2,0.9,10.7,76
10-05-2021,28.3,18.8,0.2,7.1,78
11-05-2021,30.5,19.3,0.6,14.3,77
12-05-2021,28,19.7,3.3,12.9,78
13-05-2021,25.5,17.2,5.8,8.8,95
14-05-2021,29.3,15.6,0,12.9,89
15-05-2021,31,18.1,0,8.8,76
16-05-2021,33.5,17.9,0,9,76
17-05-2021,34.6,20.2,0,9.7,65
18-05-2021,28.9,22,0.3,8.7,85
19-05-2021,21.9,19.5,27.2,8.9,98
20-05-2021,22.7,19,32.2,11.6,96
21-05-2021,29.1,16.7,0,11,95
22-05-2021,30.8,16.7,0,8.4,96
23-05-2021,31.3,19.2,0,12.1,85
24-05-2021,31.5,18.4,0,10.8,82
25-05-2021,33.8,18.5,0,8.1,79
26-05-2021,32.8,19.5,0,12.2,69
27-05-2021,32.5,20.3,0,10.2,75
28-05-2021,31.9,21.1,0,10.5,87
29-05-2021,31.7,21.7,3.7,8.6,93
30-05-2021,30.9,20.8,2.8,8.7,94
31-05-2021,32.2,21.8,1.7,10.8,86
01-06-2021,30.1,20.6,3.7,10,93
02-06-2021,29.6,20.2,0,11.5,88
03-06-2021,31.5,19.9,0,9.2,87
04-06-2021,33.2,21.2,0,12.6,78
05-06-2021,33.1,21.5,0,11.5,74
06-06-2021,32.8,22.4,0,10.2,79
07-06-2021,32.8,22.6,0,10.1,75
08-06-2021,35.2,23.6,0,13,76
09-06-2021,33.7,25.8,1.7,11.4,75
10-06-2021,29.1,21.9,25.4,14.5,95
11-06-2021,30.2,22,8.1,8.7,96
12-06-2021,29.6,22.8,4.9,10.7,91
13-06-2021,31,22,2.2,9.1,92
14-06-2021,31.1,21.8,1.4,7.6,95
15-06-2021,31.4,22.3,1.3,10.1,88
16-06-2021,28.6,21.9,4.1,13.2,94
17-06-2021,29.1,21.5,9.1,8.8,99
18-06-2021,25.1,22.1,17.2,10.9,93
19-06-2021,26.9,21.6,44.2,11.8,95
20-06-2021,28.4,21.6,55.4,9.4,95
21-06-2021,30.3,21.6,0.7,9.7,94
22-06-2021,31.6,22.7,0,9.5,88
23-06-2021,31.7,23.1,0.2,7.1,85
24-06-2021,29.8,21.8,2.6,10.2,91
25-06-2021,30.8,21.6,3.6,10.9,92
26-06-2021,30.3,21.5,0.2,8.1,96
27-06-2021,31.7,22.1,0.1,9.3,90
28-06-2021,31.2,23.3,1,8.7,90
29-06-2021,34.1,23.2,0.3,11.5,88
30-06-2021,35.6,23.7,0,13.4,82
01-07-2021,34.1,24.3,0,9.6,85
02-07-2021,32.3,24.7,2,8.2,85
03-07-2021,30.8,23.6,1.3,10.6,87
04-07-2021,31.8,23.1,1,8.2,89
05-07-2021,31.9,22.8,1,8.9,90
06-07-2021,33.1,24.5,0.8,10.9,87
07-07-2021,34.7,24.5,0,12.1,85
08-07-2021,32.7,24,2.8,7.7,89
09-07-2021,31.3,23.4,2,4.9,99
10-07-2021,30.5,24.2,9.2,5.1,95
11-07-2021,30.4,24.6,7.7,13,95
12-07-2021,30,23.5,10.1,9.4,98
13-07-2021,29.4,23.9,2.1,4.9,92
14-07-2021,29.6,22.9,1.8,7.6,91
15-07-2021,29,23.4,0.1,7.6,92
16-07-2021,30.9,23.6,2.4,7.1,90
17-07-2021,30.9,24.2,9.5,11.2,95
18-07-2021,27.1,23.3,30.1,11.5,99
19-07-2021,25.7,22.9,43.8,8.3,100
20-07-2021,27.3,22.8,11.6,5.7,99
21-07-2021,29.7,22.9,2.5,7.6,98
22-07-2021,28.7,23.4,8.1,7.6,99
23-07-2021,30.7,23.7,0.2,5.8,94
24-07-2021,30.4,24.7,0.1,6.9,91
25-07-2021,31,24.7,2,6.2,91
26-07-2021,29,24.2,9.8,8.6,94
27-07-2021,28.7,24.1,16.8,9.2,96
28-07-2021,25.5,23.2,32.3,12.5,100
29-07-2021,27.6,23.3,2.1,5.5,98
30-07-2021,30.1,23.5,4.5,6.1,97
31-07-2021,29.3,23.7,5.9,5.4,96
01-08-2021,29.9,23.5,3.1,10.8,98
02-08-2021,29.5,23.6,4.5,6.6,96
03-08-2021,30.1,23.9,7.7,13.1,99
04-08-2021,28.8,23.5,25.5,9.5,99
05-08-2021,27.8,23.3,16.5,5.2,97
06-08-2021,31.6,22.7,4,9.8,92
07-08-2021,30.4,24,16.9,9.2,97
08-08-2021,29.6,23.6,4.6,7.8,95
09-08-2021,29,23.1,7.1,6.9,97
10-08-2021,30.5,23.2,2.4,11.9,99
11-08-2021,30.7,22.3,1.6,12.7,96
12-08-2021,29.3,23.4,5.4,7.2,98
13-08-2021,29.2,22.8,9.5,10.9,99
14-08-2021,29.4,22.9,6.3,11.6,99
15-08-2021,29.9,22.6,1.7,12.3,96
16-08-2021,31.1,22,0.3,11.2,95
17-08-2021,31.3,21.8,0,9.4,93
18-08-2021,29.9,23.5,2.5,7.7,93
19-08-2021,28.9,23.3,7.7,7.2,98
20-08-2021,25.9,23.4,9.5,11,97
21-08-2021,28.5,23.2,2.5,10,96
22-08-2021,29.1,22.7,4.5,7.6,98
23-08-2021,29.9,22.9,4,9.8,96
24-08-2021,28.7,23.3,13.1,9.4,98
25-08-2021,28,24,23.8,11.4,100
26-08-2021,28.6,23.8,10.5,11.5,99
27-08-2021,29.2,23.1,9,9.4,98
28-08-2021,26.5,22.6,26.7,7.8,100
29-08-2021,29.2,22.1,7.1,7.7,98
30-08-2021,28.4,22,2.3,6.5,96
31-08-2021,28.2,21.9,1.9,7.4,97
01-09-2021,27.2,22.1,5.5,5.6,96
02-09-2021,29.7,22.4,2,4.9,97
03-09-2021,28.3,21.9,1.3,7.6,96
04-09-2021,27.6,22.6,2.3,7.6,98
05-09-2021,29.9,22,0.3,7.2,95
06-09-2021,30.3,22.5,0.4,6.7,92
07-09-2021,28.1,22.9,16.9,9.4,96
08-09-2021,28.1,23.1,0.8,4.4,92
09-09-2021,29,22.6,3.5,4.6,96
10-09-2021,27.9,22.6,5.2,7.9,94
11-09-2021,27.3,23.1,3.6,8.2,96
12-09-2021,28.2,22.7,0.8,8.3,95
13-09-2021,29.7,23.1,1.7,5.2,94
14-09-2021,30.4,22.1,3.1,9.8,95
15-09-2021,30.6,22,4.9,9.9,93
16-09-2021,31.1,22.5,9.3,9.4,96
17-09-2021,30.4,22.4,0.5,9.2,95
18-09-2021,29.4,21.8,0.1,9.4,94
19-09-2021,29.5,23,4,7.6,93
20-09-2021,29.1,23.2,5.9,5.7,96
21-09-2021,28.4,22.3,4,6.9,96
22-09-2021,26.2,21.8,3.8,7.1,98
23-09-2021,27.1,21.9,9.3,6,97
24-09-2021,29,22.3,0.7,11.1,93
25-09-2021,28.7,20.8,0.6,7.1,96
26-09-2021,28.5,20.7,2.5,6.1,95
27-09-2021,30.2,20.4,0.3,6.8,91
28-09-2021,29.4,21.5,1,6.1,89
29-09-2021,28.4,21.1,2.9,7.4,95
30-09-2021,28.7,21.4,3.9,7.5,97
01-10-2021,28.2,21.5,8.6,8.9,95
02-10-2021,29.3,20.9,0.2,10.6,96
03-10-2021,28.4,21.3,0.5,11.5,95
04-10-2021,28.7,20.9,0.1,7.8,94
05-10-2021,28.2,20.5,0.2,7.9,94
06-10-2021,28.8,19.7,0.3,9.4,92
07-10-2021,28.2,19.6,0,8.8,94
08-10-2021,28.8,19.5,0.1,6.6,93
09-10-2021,28.9,18.5,0,9.1,92
10-10-2021,29.2,18.4,0,7.6,88
11-10-2021,29.5,17.4,0,8,88
12-10-2021,30.1,17.7,0,8.8,87
13-10-2021,29.3,16.8,0,8.9,81
14-10-2021,30.5,17.3,0,8.7,82
15-10-2021,31.6,17.8,0,6.9,81
16-10-2021,31.4,18.5,0,8.7,77
17-10-2021,25.9,19.6,9.5,20.7,95
18-10-2021,20.5,18.2,67.8,12.6,97
19-10-2021,26,17.2,0,7.1,92
20-10-2021,25.8,16.3,0,7.6,94
21-10-2021,26.5,16.6,0,10.8,97
22-10-2021,25.7,15.6,0,8.3,98
23-10-2021,26,14.6,0,7.2,93
24-10-2021,22.8,15.9,0,8.6,84
25-10-2021,24.5,12.9,0,9.8,90
26-10-2021,24.1,12.9,0,7.7,93
27-10-2021,24.2,13.2,0,8.3,89
28-10-2021,25.4,12.3,0,7.9,82
29-10-2021,25,13.3,0,9.2,83
30-10-2021,24.5,13.3,0,8.7,91
31-10-2021,23.7,12.7,0,7.7,92
01-11-2021,23.2,11.6,0,6.9,92
02-11-2021,24.3,13.4,0,7,79
03-11-2021,24.2,10.6,0,8.1,78
04-11-2021,23.9,11.5,0,7,76
05-11-2021,23.5,11.1,0,9,84
06-11-2021,23.2,11,0,6.5,88
07-11-2021,22.9,11.2,0,8.3,93
08-11-2021,23.3,11.3,0,8.8,91
09-11-2021,22.9,11.5,0,8.5,91
10-11-2021,23.5,10.9,0,7.6,94
11-11-2021,23.7,11.1,0,9,87
12-11-2021,23.1,11.1,0,8,93
13-11-2021,22.8,11.1,0,6.6,96
14-11-2021,21.8,10.1,0,7.7,92
15-11-2021,21.5,10.8,0,7.6,87
16-11-2021,22.2,9.2,0,7.1,91
17-11-2021,21.5,9.3,0,7.7,89
18-11-2021,21.4,9.6,0,7.2,96
19-11-2021,22.4,9.7,0,7.2,98
20-11-2021,23.4,10,0,8.3,86
21-11-2021,23.8,9.9,0,9.4,79
22-11-2021,22,10.9,0,9.9,78
23-11-2021,20.8,9.7,0,7.2,78
24-11-2021,19.9,9,0,8.8,89
25-11-2021,20.5,9,0,6.9,91
26-11-2021,20.2,8.5,0,8,91
27-11-2021,20.4,9.2,0,8,94
28-11-2021,21.5,7.8,0,6.9,95
29-11-2021,21.4,8.4,0,7.6,82
30-11-2021,21.5,8.3,0,10.1,90
01-12-2021,19.2,11.2,0,7.2,84
02-12-2021,20.3,12.6,0.3,7.8,90
03-12-2021,20.4,12.6,0.8,10.5,88
04-12-2021,22,10.6,0,8.4,88
05-12-2021,20.4,10.7,0,9,94
06-12-2021,18.3,9.1,2.7,10.5,91
07-12-2021,20.3,7,0,9.9,88
08-12-2021,21.1,8.5,0,8,87
09-12-2021,19.7,8.4,0,7.6,92
10-12-2021,19.5,8.1,0,8,94
11-12-2021,19.4,6.6,0,8.2,90
12-12-2021,18.1,8,0,6.5,80
13-12-2021,17.2,6.9,0,6.2,89
14-12-2021,17.3,5.7,0,8.3,94
15-12-2021,17.7,4.4,0,6.6,90
16-12-2021,16.6,3.7,0,5.8,81
17-12-2021,15.3,4,0,10.3,89
18-12-2021,14.9,2.4,0,10.2,96
19-12-2021,16.2,2.4,0,9.4,85
20-12-2021,15.4,5,0,8.2,89
21-12-2021,17.4,4.8,0,9.1,87
22-12-2021,18.8,5.4,0,9,84
23-12-2021,16.1,8.3,0,8.1,87
24-12-2021,18.2,5.5,0,7.1,87
25-12-2021,17.7,5,0,8.2,91
26-12-2021,15.7,5.7,0.1,7.9,83
27-12-2021,17,5.8,0,9.8,82
28-12-2021,16.4,4.8,0.4,10.5,92
29-12-2021,15.9,5.3,0,8.9,95
30-12-2021,16,3.8,0,8,93
31-12-2021,17.1,5,0,10,88
01-01-2022,17.2,4.9,0,7.6,92
02-01-2022,17.8,5.8,0,9.3,91
03-01-2022,18.9,6.7,0,7.9,86
04-01-2022,17.2,10.1,0.7,9.2,87
05-01-2022,14.8,9.5,7.3,9.8,93
06-01-2022,16.3,8.4,3,6.8,96
07-01-2022,14.7,7.3,2,9.2,92
08-01-2022,15.6,8.5,17.5,17.6,94
09-01-2022,15.6,8.4,22.1,11.5,95
10-01-2022,16.6,7.1,8.5,8.2,96
11-01-2022,17.4,5.7,0,11.2,96
12-01-2022,16.8,7,0,12.5,100
13-01-2022,16,5.9,0,6,100
14-01-2022,16.1,5.2,0,7.8,99
15-01-2022,16.4,4.1,0,8.7,100
16-01-2022,16.1,5.3,0,10.4,99
17-01-2022,13.8,6.9,0.3,8.4,100
18-01-2022,16.1,7.1,0,7.3,100
19-01-2022,16.9,6.2,2.1,6.6,100
20-01-2022,15.3,8.3,2.2,7.9,98
21-01-2022,16.2,7.4,0,10.2,88
22-01-2022,11.4,7.1,8.2,9.5,91
23-01-2022,11.4,8.2,14.8,10.1,94
24-01-2022,11.8,7.2,2.8,7.9,100
25-01-2022,14.9,4.7,0.2,7.7,99
26-01-2022,13.4,4.7,0.3,9.4,98
27-01-2022,14.1,3.2,0,9.9,97
28-01-2022,14.8,2,0,7.9,99
29-01-2022,15.7,4.2,0,8.4,97
30-01-2022,18.1,4.8,0,10.2,95
31-01-2022,16.5,7.4,0,8.3,96
01-02-2022,16.9,5.9,0,12.2,96
02-02-2022,15.8,4.5,0.4,8.7,94
03-02-2022,11.7,6.8,14.8,11.8,98
04-02-2022,9.9,7,18.3,9.2,97
05-02-2022,14.6,2.8,0,9.9,97
06-02-2022,16.6,4.6,0,8.3,95
07-02-2022,17.9,6.2,0,8.6,96
08-02-2022,18.7,6.2,0.3,8.9,94
09-02-2022,15.4,6.2,0.8,9.5,92
10-02-2022,15.9,4.7,0,11,97
11-02-2022,17,3.6,0,8.8,94
12-02-2022,18.7,4.7,0,9.2,94
13-02-2022,18.3,6.2,0,6.9,95
14-02-2022,19,6.4,0,9,98
15-02-2022,19,7.3,0,9.8,93
16-02-2022,19.4,6.6,0,10.8,92
17-02-2022,20.2,6,0,12,89
18-02-2022,20.4,5.7,0,9.8,80
19-02-2022,19.7,6.3,0,13,85
20-02-2022,19.5,6.8,0,17.4,85
21-02-2022,19.7,5.7,0,7.1,87
22-02-2022,22,8.4,0.2,12.6,80
23-02-2022,21.5,11.1,10.9,14.6,86
24-02-2022,20.8,9.1,0.4,6.6,89
25-02-2022,20.2,7.4,0,7.6,91
26-02-2022,15.2,9.5,16.1,12.1,88
27-02-2022,19.8,7.1,0.8,8.6,93
28-02-2022,21.4,5.7,0,10.2,82
01-03-2022,22.1,9.2,1.1,8.6,86
02-03-2022,23.1,9.6,0,9.8,83
03-03-2022,21.7,9.9,0,16.5,83
04-03-2022,22.7,9.5,0,8.2,83
05-03-2022,23.3,8.3,0,11.5,83
06-03-2022,21.8,12.9,0,10.6,85
07-03-2022,24.1,12.9,0,7.8,82
08-03-2022,26.2,10.8,0,9.3,80
09-03-2022,27.1,11.2,0,12.4,69
10-03-2022,26.4,11,0,9.5,84
11-03-2022,26.5,12.4,0,10.4,84
12-03-2022,27.3,12,0,11.3,82
13-03-2022,27.6,13.5,0,9.1,88
14-03-2022,28.2,14.5,0,9.3,89
15-03-2022,28.8,16.2,0,11.4,93
16-03-2022,29.7,16.6,0,7.4,88
17-03-2022,29.6,17.1,0,8.5,87
18-03-2022,30.5,17.7,0,6.2,94
19-03-2022,30.3,17.5,0,11.2,94
20-03-2022,32.1,17.2,0.1,11.3,80
21-03-2022,31.1,14.1,0,13,78
22-03-2022,29.8,13.8,0,10.9,73
23-03-2022,30.1,16,0,13.4,75
24-03-2022,29.1,14.5,0,7.5,72
25-03-2022,29.3,14.3,0,18.4,69
26-03-2022,28.3,13.7,0,10.9,73
27-03-2022,30.1,14.2,0,12,76
28-03-2022,30.6,15,0,12.9,69
29-03-2022,31.7,17.9,0,13.3,63
30-03-2022,31,14.4,0,9.7,72
31-03-2022,32.2,15.1,0,12.6,72
01-04-2022,30.9,15.6,0,10.7,67
02-04-2022,31.3,16.8,0,10.8,66
03-04-2022,32.8,14.8,0,10.2,63
04-04-2022,31.9,15,0,10.9,56
05-04-2022,31.8,15.5,0,11.3,61
06-04-2022,32.4,16.2,0,10.8,61
07-04-2022,33.3,17.1,0,12.4,61
08-04-2022,33,16.2,0,13.2,63
09-04-2022,32.7,17,0,9.9,62
10-04-2022,33.9,17.8,0,13.7,55
11-04-2022,33.9,17.4,0,11.5,58
12-04-2022,34.5,19.8,0,9,71
13-04-2022,31.8,19.7,0,13.9,69
14-04-2022,32.3,18.1,0,14.2,57
15-04-2022,31.7,16.4,0,19.6,57
16-04-2022,32.2,15.9,0,13.1,58
17-04-2022,32.8,15.8,0,13.6,57
18-04-2022,34.9,16.8,0,13.7,58
19-04-2022,35.4,19.1,0,18.4,54
20-04-2022,35.6,18.7,0,17.1,55
21-04-2022,29.8,19.2,0.1,17.6,75
22-04-2022,31.6,18.1,0,13.2,65
23-04-2022,33.2,15.9,0,16.8,64
24-04-2022,33.4,17.1,0,17.9,54
25-04-2022,35.1,18.3,0,17.1,61
26-04-2022,34.5,17.8,0,17.6,49
27-04-2022,34.6,17.8,0,14.8,54
28-04-2022,36.1,19,0,16.9,57
29-04-2022,37.6,19.7,0,15.3,55
30-04-2022,36.2,20.5,0,13.7,54
01-05-2022,32.1,20.8,0,10.6,69
02-05-2022,31.2,20.6,0.5,12.3,70
03-05-2022,30.8,21.5,1.5,13.5,79
04-05-2022,30.5,21.1,5.4,20.4,84
05-05-2022,31.5,18.1,0,12.1,77
06-05-2022,32.4,18.4,0,13.3,72
07-05-2022,30.9,20.3,0.4,7.6,70
08-05-2022,32.7,19.3,0.9,10.1,75
09-05-2022,30.8,20.2,2.1,13,78
10-05-2022,30.9,20.7,9.2,13.7,83
11-05-2022,33.2,20.8,0.1,9.4,81
12-05-2022,33,21.6,0.7,10.5,83
13-05-2022,36.6,21.9,0,15.5,78
14-05-2022,35.9,22.5,0,10.9,72
15-05-2022,37.4,22,0,12.8,69
16-05-2022,33.7,22.5,4.3,12.2,81
17-05-2022,32.6,20.2,0,12.4,88
18-05-2022,33.4,21.1,0.2,8.5,60
19-05-2022,34.8,20.4,0,13,70
20-05-2022,34.7,21.6,0,12.1,59
21-05-2022,35.5,21.8,0,32.1,58
22-05-2022,30.3,18.6,0.5,14,70
23-05-2022,28.3,18.2,10.2,17.3,90
24-05-2022,26.3,17.9,5.5,9.5,93
25-05-2022,30.4,17.8,0,7.7,83
26-05-2022,30.1,18.6,1.7,10.1,81
27-05-2022,30.8,19.9,1.3,9.7,81
28-05-2022,33.5,21.4,0,9.5,82
29-05-2022,33,22,0,10,82
30-05-2022,33.3,21.9,0.5,8.9,87
31-05-2022,34.6,20.8,0,11.7,84
01-06-2022,36.4,20.1,0,20.9,70
02-06-2022,37.4,20.9,0,21.7,48
03-06-2022,37.4,21.6,0,19.6,49
04-06-2022,38.3,20.9,0,19.9,49
05-06-2022,38.7,21,0,16.2,46
06-06-2022,38.9,22.1,0,15,45
07-06-2022,38.4,23.1,0,15.6,55
08-06-2022,38.6,24.8,0,19.8,50
09-06-2022,38.5,23.9,0,12.1,49
10-06-2022,38.3,24.6,0,24.9,48
11-06-2022,38.9,23.8,0,28.2,52
12-06-2022,38,25,0,16.2,54
13-06-2022,39.6,23.5,0,21.2,56
14-06-2022,39.1,24.6,0,21.6,55
15-06-2022,38.9,25,0,21.3,69
16-06-2022,35.4,25.5,0.4,11.2,62
17-06-2022,33.3,21.9,3,13.2,97
18-06-2022,27.8,21.5,21.1,9.9,94
19-06-2022,30.9,20,0,8.3,88
20-06-2022,30.5,20.6,0.8,8,94
21-06-2022,29.9,20.9,0.1,12.1,85
22-06-2022,32.4,20.7,0,17.9,84
23-06-2022,34.4,21.5,0,13.8,78
24-06-2022,34.2,22.5,0,11.4,77
25-06-2022,35.4,23.2,0,11.9,68
26-06-2022,34.1,24.5,0.5,11,76
27-06-2022,33,24.1,4.2,8,96
28-06-2022,33.1,23.6,10.6,9.7,97
29-06-2022,29,23.3,19.9,9,97
30-06-2022,25,22.6,67.8,15.8,99
01-07-2022,29.7,22.5,2.3,6.6,94
02-07-2022,30.1,23.6,2.9,8.2,96
03-07-2022,29.9,22.5,14.1,6.6,97
04-07-2022,30.6,23.6,19.2,7.4,96
05-07-2022,31.5,24.3,1.6,8.4,91
06-07-2022,31.6,23.8,7,10,92
07-07-2022,31.3,24,21,4.7,94
08-07-2022,31,24.2,25.2,7.1,94
09-07-2022,26.6,23.7,23.2,13.7,94
10-07-2022,28.8,23.4,2.7,6,95
11-07-2022,31.2,23.2,2.5,7.3,90
12-07-2022,29.4,23.9,10.4,7.4,95
13-07-2022,30.5,24,1,11.8,91
14-07-2022,31.1,23,2.8,7.7,94
15-07-2022,31.6,23.2,0.9,9.5,87
16-07-2022,32.5,23.6,1.4,11.2,92
17-07-2022,31.7,23.9,8.5,10.5,95
18-07-2022,31.6,23.6,1.2,8.7,92
19-07-2022,29.1,24,8.9,8.8,97
20-07-2022,28.8,22.6,43.4,10,99
21-07-2022,28.7,21.9,7.9,8.6,98
22-07-2022,29.4,22.6,9.6,8.8,97
23-07-2022,29.6,23.6,5.5,6.4,97
24-07-2022,30.7,23.1,2,8,91
25-07-2022,30,23.2,2.8,10.1,92
26-07-2022,28.9,23.4,2.4,6.2,93
27-07-2022,28.5,22.4,16.8,8.5,98
28-07-2022,28.7,23.1,10.3,8.7,97
29-07-2022,26.6,22.3,15,8.3,99
30-07-2022,27.4,22.3,21,8.9,100
31-07-2022,25.2,22.3,51.7,7.6,99
01-08-2022,28,22.3,16.2,10.2,98
02-08-2022,30.4,22.4,5.2,9.2,100
03-08-2022,28.8,22.2,7.1,10.5,98
04-08-2022,27.9,23.1,2.5,7.4,95
05-08-2022,29.7,23,16.9,11.2,98
06-08-2022,30.2,23,1.2,7.9,97
07-08-2022,26.5,22.3,34.4,10.4,100
08-08-2022,32.2,23.9,0,8.9,94
09-08-2022,32.4,24.9,2.4,8.3,93
10-08-2022,30.4,24.5,4.6,9.7,92
11-08-2022,27.9,23.9,15.2,13.2,96
12-08-2022,31,23.5,0.2,10.3,91
13-08-2022,29.7,23.6,1.4,8.1,92
14-08-2022,31.2,23.4,19.5,11.5,97
15-08-2022,27,23.5,2,13.7,92
16-08-2022,29.7,23.4,1,6.6,90
17-08-2022,29.5,22.5,1.2,9.3,96
18-08-2022,30.5,22.3,2.5,9.4,93
19-08-2022,28.9,23.1,34.1,11.5,100
20-08-2022,24.5,22.3,66.5,8.1,100
21-08-2022,31,21.4,0.6,12.8,98
22-08-2022,29.2,22.5,1.7,10.7,94
23-08-2022,32.3,23.2,1.2,8.8,93
24-08-2022,28.6,23.1,3.9,8,94
25-08-2022,30.5,22.5,1.1,8.4,93
26-08-2022,31,22.7,0.2,11.9,97
27-08-2022,30.3,22.4,2.5,13.7,99
28-08-2022,29.1,21.9,7.9,9.6,100
29-08-2022,28.2,21.3,16.2,9.9,100
30-08-2022,29.9,22.4,1.3,12.7,100
31-08-2022,30.6,22.8,4.1,14.6,94
01-09-2022,30.5,23,1.7,10.9,94
02-09-2022,28.6,23.2,4.7,11.8,96
03-09-2022,29.1,21.7,2.6,11.2,94
04-09-2022,29.7,22.4,2.7,12.8,94
05-09-2022,30.2,21.7,0.3,8,88
06-09-2022,30.9,21.1,0.2,10.3,93
07-09-2022,30.9,20.6,0,9,90
08-09-2022,30.9,21,0.1,7.1,91
09-09-2022,30.4,22.5,1.2,7.3,93
10-09-2022,29,22,6,6.8,95
11-09-2022,29.9,21.5,8,7.9,97
12-09-2022,30.6,22,0,10.9,89
13-09-2022,30.1,21.6,0.1,12.2,97
14-09-2022,27.4,22.1,0.9,7.4,98
15-09-2022,27.7,22,10,11.3,99
16-09-2022,24.3,21.4,1.3,10.5,98
17-09-2022,27.9,21.2,1.1,6.7,97
18-09-2022,28.6,19.8,1.8,6.5,100
19-09-2022,28.6,21.1,0.6,6.5,94
20-09-2022,30.1,22.1,1.3,12.6,91
21-09-2022,30.2,22.3,0.7,17,96
22-09-2022,27.9,22.6,0.4,12.1,96
23-09-2022,28.3,22.1,9.2,11.1,98
24-09-2022,23.9,21.3,28.9,10.1,97
25-09-2022,24.4,19.5,73.1,15.3,100
26-09-2022,27.7,18.4,0,9.1,95
27-09-2022,28.1,18.9,0.2,7.3,94
28-09-2022,28.1,19.2,0.1,8.9,95
29-09-2022,28.4,19.2,0.6,5.9,95
30-09-2022,28.8,19.1,0.2,8.3,94
01-10-2022,28.3,19.4,0.5,6.4,95
02-10-2022,28.7,19.6,0.1,7.9,94
03-10-2022,30.6,19.1,0,8.4,88
04-10-2022,29.2,21.2,1.5,7.2,91
05-10-2022,28,20,1.5,9.2,95
06-10-2022,27.7,19,0,10.8,97
07-10-2022,25.1,18.8,0.7,8.3,99
08-10-2022,21.4,19.4,8.9,7.1,98
09-10-2022,21.9,19.3,10.9,7.7,100
10-10-2022,25.4,18.2,0.5,10,100
11-10-2022,24,17.1,25.3,8.7,100
12-10-2022,25.5,15.3,0,8,94
13-10-2022,26.5,15.8,0,6.8,86
14-10-2022,27,15.3,0,7.7,92
15-10-2022,26.4,15.3,0,6.8,94
16-10-2022,26.3,15.6,0,7,98
17-10-2022,26.2,16,0,7.3,94
18-10-2022,25.1,16,0.8,7.6,94
19-10-2022,25.8,13.9,0,6.9,91
20-10-2022,26.4,14.6,0.5,7.4,83
21-10-2022,26.5,13.5,0,10.5,86
22-10-2022,26.6,13.9,0,7.9,82
23-10-2022,26.9,12.9,0,8.4,85
24-10-2022,27.7,13.7,0,10,80
25-10-2022,25,12.7,0,8.7,87
26-10-2022,25.5,13.3,0,7.8,94
27-10-2022,24.7,13.4,0,5.2,92
28-10-2022,24.9,14,0,7.6,93
29-10-2022,23.8,13.4,0,8.7,94
30-10-2022,25.2,13,0,7.2,97
31-10-2022,25.6,14.5,0,7,95
01-11-2022,25.5,13.9,0.4,7.7,91
02-11-2022,25.2,13.6,0,9.1,94
03-11-2022,25.3,14.2,0,9.1,89
04-11-2022,24.1,13.7,0,8.8,93
05-11-2022,24.5,13.8,0,7.6,96
06-11-2022,25.6,14,0,6.6,91
07-11-2022,24.7,13.9,0,9.2,87
08-11-2022,24.4,12.5,0,8.6,86
09-11-2022,23.5,12.6,0.1,8.6,89
10-11-2022,23,11.2,0.1,11,89
11-11-2022,22.5,10.3,0,7.2,87
12-11-2022,22.2,9.8,0,8.3,79
13-11-2022,22.1,8.7,0,8.5,79
14-11-2022,22.3,12.6,1.3,8.4,97
15-11-2022,22.9,10.8,0,7.5,97
16-11-2022,21.1,11.8,0,9.7,81
17-11-2022,20.4,9.2,0,9,92
18-11-2022,21.3,9,0,8,89
19-11-2022,21.7,9.4,0,9.2,90
20-11-2022,23,10.3,0,9.7,87
21-11-2022,22.9,10.3,0,10,85
22-11-2022,21.7,9.7,0,10.7,91
23-11-2022,21.2,9.3,0,7.6,93
24-11-2022,21.7,9,0,9.1,81
25-11-2022,21,11.8,0,9.1,86
26-11-2022,23.2,9.8,0,7.2,84
27-11-2022,22.1,12.4,0,7.3,79
28-11-2022,21.3,10.8,0,6.6,82
29-11-2022,20.9,10.3,0,7.2,94
30-11-2022,20.8,9.4,0,8.7,99
01-12-2022,20.9,8.9,0,7.3,96
02-12-2022,20.3,10.7,0,7.1,95
03-12-2022,20.7,10.3,0,7.8,98
04-12-2022,21,9.5,0,7.3,99
05-12-2022,19.8,8.5,0,8.1,98
06-12-2022,20.1,8.3,0,7.4,97
07-12-2022,19.3,7.5,0,10.5,92
08-12-2022,19.4,8.7,0,8.8,90
09-12-2022,20.8,10.2,0,8.4,81
10-12-2022,22.5,9.1,0,9.8,79
11-12-2022,23.2,7.6,0,8,73
12-12-2022,22.9,7.8,0,9,80
13-12-2022,22.5,8.5,0,10.1,79
14-12-2022,18.9,8.9,0,10,89
15-12-2022,17.5,9.2,0,8.1,91
16-12-2022,17.4,9.2,0,7.2,95
17-12-2022,18,7.4,0,8.2,91
18-12-2022,18.5,8.7,0,6.9,93
19-12-2022,19.4,6.9,0,5.8,96
20-12-2022,19.1,7,0,8.9,93
21-12-2022,18.4,4.9,0,9.4,89
22-12-2022,17.6,6.2,0,8.6,79
23-12-2022,16.8,4.6,0,9.2,71
24-12-2022,17.4,4.8,0,10.2,88
25-12-2022,18,5.5,0,8.5,87
26-12-2022,18.2,7.7,0,8.4,92
27-12-2022,17.2,8,0,7.9,89
28-12-2022,17,5.7,0,9.9,91
29-12-2022,13.7,6.7,1.3,8.2,90
30-12-2022,17.4,7.5,0.1,7.7,91
31-12-2022,17.1,5.2,0,8.3,95
01-01-2023,15.3,4.6,0,7,99
02-01-2023,15.4,4.1,0,6.8,98
03-01-2023,15.6,3.6,0,8.7,100
04-01-2023,16.8,3.4,0,8,98
05-01-2023,16.3,2.9,0,7.6,100
06-01-2023,14.6,4.5,0,9.2,92
07-01-2023,18.6,5,0,10.9,89
08-01-2023,19.5,6.9,0,8,96
09-01-2023,19.4,8.2,0,7.2,96
10-01-2023,20,7.2,0,10.2,95
11-01-2023,16.9,7.4,1.2,6.9,92
12-01-2023,17.3,7.6,1.1,7.1,82
13-01-2023,17.7,8.2,5.1,9.5,87
14-01-2023,17.2,7.1,3.3,11.2,100
15-01-2023,15.3,5.6,0,8.7,100
16-01-2023,14.2,4.2,0,6.8,100
17-01-2023,14.4,3.1,0,8.1,100
18-01-2023,15.8,3.3,0,8,100
19-01-2023,16.1,8.3,1.3,10.2,92
20-01-2023,14.7,7.2,6.1,10.5,94
21-01-2023,17.9,4.8,0,8.4,88
22-01-2023,18,5.9,0,7.2,90
23-01-2023,19.4,5.9,0,8.4,87
24-01-2023,18.3,7.1,8.2,8.4,96
25-01-2023,18,9,5,11.5,96
26-01-2023,19.1,7.6,0,9,99
27-01-2023,20.6,6.4,0,10,91
28-01-2023,21.4,5.2,0,9.8,84
29-01-2023,15.6,8.5,3.5,13.3,98
30-01-2023,16.6,7.3,9.1,18.5,92
31-01-2023,19.8,6.1,0,11.9,99
01-02-2023,20.4,6.5,0,8.8,93
02-02-2023,21.2,7,0,8.5,86
03-02-2023,19.4,8.2,0,8.9,89
04-02-2023,19.9,7.5,0,9.1,91
05-02-2023,20,8.4,0,8.9,92
06-02-2023,21.4,7.9,0,8.7,94
07-02-2023,20.9,7.1,0,11.3,90
08-02-2023,20.1,7.1,0,9.9,88
09-02-2023,22.5,7.4,0,10.4,79
10-02-2023,21.9,10.7,1,10,70
11-02-2023,21.2,8.8,17.5,19.4,92
12-02-2023,17.9,5.9,0.1,22.8,84
13-02-2023,18,2.7,0,8.6,82
14-02-2023,19.1,9.1,0,8.1,92
15-02-2023,20.9,8.2,0,10.8,87
16-02-2023,22.3,9.4,0,7.4,90
17-02-2023,24.1,9.9,0,7.6,94
18-02-2023,22.9,11.6,0,8.5,88
19-02-2023,23.7,11.1,0,6.4,93
20-02-2023,26.5,12,0,6.9,92
21-02-2023,25.4,12.5,0.1,13.5,79
22-02-2023,24.2,10.7,0,12.5,80
23-02-2023,24.5,9.7,0,10.8,79
24-02-2023,24.5,9.6,0,10.1,76
25-02-2023,24.4,10.7,0,9,83
26-02-2023,24.2,11.3,0.1,9.7,84
27-02-2023,24.4,10.7,0,11.9,85
28-02-2023,24.5,10,2.3,15.6,79
01-03-2023,24.5,11.6,1.5,18,75
02-03-2023,26.4,10,0,16.3,74
03-03-2023,26.3,12.7,0,14.5,75
04-03-2023,26.3,12.4,0,12.1,80
05-03-2023,25.8,12.6,0,11.5,75
06-03-2023,25.2,11.6,0,10,75
07-03-2023,25.3,11.5,0,11.3,77
08-03-2023,23.9,11.7,0.3,7.2,87
09-03-2023,25.4,11.3,0,7.4,86
10-03-2023,26,12.3,0,10.8,80
11-03-2023,25.7,14.5,0,9.2,79
12-03-2023,25.9,14.7,1.2,8.6,79
13-03-2023,25.8,14.2,0,11.6,82
14-03-2023,25.1,12.9,0.3,9.7,82
15-03-2023,26.7,12.7,0,8.7,83
16-03-2023,26.6,13.2,0,10.3,77
17-03-2023,26.4,12.6,0,16.5,76
18-03-2023,22.8,12.6,1,11.1,93
19-03-2023,23.4,11.5,0.3,10.4,89
20-03-2023,20.5,12.9,13.9,14,94
21-03-2023,17.6,10.5,27.6,6.5,97
22-03-2023,22.2,9.4,0,10.7,89
23-03-2023,24,10,0,12.2,92
24-03-2023,24.9,12.7,0,13.4,85
25-03-2023,21.5,13.1,6.9,17.7,90
26-03-2023,23.7,11.2,0,12.3,86
27-03-2023,23.9,11.1,0,10.5,85
28-03-2023,24.8,11.6,0,9.7,85
29-03-2023,26,12,0,8.1,83
30-03-2023,28.2,12.2,0.1,13,82
31-03-2023,17.4,12.6,18.6,10.6,95
01-04-2023,20.1,12.6,7,12.2,93
02-04-2023,22.8,10.9,1.2,13.1,92
03-04-2023,26.1,11.7,0.3,14,86
04-04-2023,23.6,12.9,1.3,20.4,79
05-04-2023,25.3,10.3,0,9.4,81
06-04-2023,26.7,11.9,0,11.5,69
07-04-2023,27.9,11.7,0,11.5,73
08-04-2023,28.5,14.2,0,9.5,71
09-04-2023,28.8,14,0,13,66
10-04-2023,28.7,14,0,12.7,65
11-04-2023,30.9,13.1,0,15.7,73
12-04-2023,30.9,16.3,0,14.5,62
13-04-2023,31.9,16.3,0,14.2,63
14-04-2023,32.9,16.6,0,10,63
15-04-2023,32.5,18.6,0,10.6,70
16-04-2023,33.5,16.2,0,13.1,63
17-04-2023,33.7,17.6,0,12.6,59
18-04-2023,33.8,18.9,0,13,56
19-04-2023,31.9,19.6,0.1,18,52
20-04-2023,28.2,19,3.2,19.3,63
21-04-2023,28.6,15.5,0,17.7,70
22-04-2023,28.8,13.9,0,12.2,71
23-04-2023,27.5,13.4,0,15.7,60
24-04-2023,27.3,16.1,0.9,12.2,68
25-04-2023,27,14.8,1.2,8.8,78
26-04-2023,29.5,15,0,11.8,77
27-04-2023,27.9,17,1.6,9,68
28-04-2023,29.7,15.8,0,13.6,74
29-04-2023,29.7,18.5,0.1,8.6,69
30-04-2023,25.6,17.9,1.4,10.8,89
01-05-2023,21.1,16,12.4,5.9,97
02-05-2023,21.2,15.3,15.3,6.2,94
03-05-2023,26,15.4,3.3,13,91
04-05-2023,25.9,14.3,0,7.9,89
05-05-2023,25.2,16.1,3.3,9.9,86
06-05-2023,27.6,15.8,0.4,13.1,83
07-05-2023,30.4,15.3,0,14.3,78
08-05-2023,30,15.2,3.6,19.2,77
09-05-2023,29.9,17.4,0,14.8,55
10-05-2023,30.1,14.8,0,11.5,60
11-05-2023,32.3,15.6,0,10.3,64
12-05-2023,33.6,17.1,0,8.7,60
13-05-2023,34.9,19.1,0,10.2,62
14-05-2023,34.9,18.8,0.1,14.5,51
15-05-2023,33.8,17.2,0,13.8,65
16-05-2023,34.8,18.2,0,14.8,59
17-05-2023,35.2,18.9,0,15.5,60
18-05-2023,31.6,19.2,0.2,16.6,69
19-05-2023,32.3,18.3,0,11.7,72
20-05-2023,33.2,18.3,0,14.6,71
21-05-2023,35.1,18.3,0,15.6,68
22-05-2023,35.8,19.9,0,10.6,61
23-05-2023,34.4,23.2,0.5,15.8,65
24-05-2023,30.1,20.2,2.5,14,86
25-05-2023,28,19.2,11.7,12,89
26-05-2023,27.8,16.9,0,8.1,87
27-05-2023,29.8,18.6,0,9.3,87
28-05-2023,30.6,18,0,8.6,83
29-05-2023,31.2,18.9,0.6,9.4,81
30-05-2023,30,20.5,1.7,14,76
31-05-2023,22.9,18.5,44.4,20.5,91
01-06-2023,29.4,17.2,0.3,15.5,94
02-06-2023,27.7,17.2,1,15,83
03-06-2023,29.8,17.2,0,6.9,84
04-06-2023,31.5,17.3,0,11.6,80
05-06-2023,30.9,19.8,0.3,14.8,85
06-06-2023,30.1,19.3,0,8,80
07-06-2023,31,18.9,0,14.6,77
08-06-2023,32.3,19.8,0,13.8,75
09-06-2023,34.5,19.8,0,9.6,74
10-06-2023,35.6,21.5,0,12,75
11-06-2023,33.7,21.6,0.4,12.5,84
12-06-2023,34.7,22.4,0,15.5,80
13-06-2023,36.5,22.8,0,25.2,79
14-06-2023,33.9,23.7,0,23.8,77
15-06-2023,33.3,22.1,0.6,14.6,85
16-06-2023,33.2,20.8,0.4,11.5,86
17-06-2023,34.2,23.2,0.6,9.5,82
18-06-2023,32.2,23.7,8.5,14.3,95
19-06-2023,33.9,23.3,2,13.3,91
20-06-2023,31.7,23.8,16.7,23.5,93
21-06-2023,31.6,22.9,4.6,10.5,95
22-06-2023,30.3,23.1,10.1,10.6,97
23-06-2023,30.5,24.6,5.8,12.6,97
24-06-2023,30.9,23.5,26.1,9.6,97
25-06-2023,27.5,23,34.5,12.6,99
26-06-2023,28.4,22.8,8.5,10.4,92
27-06-2023,30.3,22.6,1.9,12.2,90
28-06-2023,30.6,22.9,5.5,7.4,93
29-06-2023,30,23.1,13.2,9.2,97
30-06-2023,30.9,21.7,7.7,10.7,97
01-07-2023,30.3,20.7,20.2,10.9,100
02-07-2023,30.9,21.7,1.4,7.6,98
03-07-2023,31.1,22.1,4.7,7.2,97
04-07-2023,30.6,22.8,4.3,7.7,99
05-07-2023,30.8,22.2,3.6,8.6,99
06-07-2023,30,22.8,1.3,11,94
07-07-2023,29.1,23.2,0.2,9.7,95
08-07-2023,26,23.2,11,8.6,97
09-07-2023,26.7,23.3,13.7,11.1,98
10-07-2023,29.8,22.8,9.3,7.7,96
11-07-2023,30.5,23,12.1,7.6,97
12-07-2023,29.2,22.8,1.6,9.1,94
13-07-2023,29.5,22.6,10.1,11.5,99
14-07-2023,30.3,22.4,5,6.6,99
15-07-2023,29.4,23.7,5.7,9.7,96
16-07-2023,31,23.4,4.2,7.2,98
17-07-2023,30.5,23.3,8.3,10.2,96
18-07-2023,27.3,23.3,11.2,9.9,95
19-07-2023,31.3,23.5,2.4,9.4,93
20-07-2023,33.3,24.4,0.5,8.3,89
21-07-2023,32.2,25.1,4.1,9.2,91
22-07-2023,30.6,23.5,21,9.2,99
23-07-2023,31.9,22.9,3.2,6.5,93
24-07-2023,30.5,23.6,2.8,8,94
25-07-2023,30.7,23.4,24.5,7.2,99
26-07-2023,26.6,22.8,22.5,6.3,100
27-07-2023,30.3,23.5,6.3,12.3,94
28-07-2023,28.7,23.4,4.5,5.2,98
29-07-2023,29.6,23,1.5,9.3,98
30-07-2023,30.4,22.4,0.3,9.7,96
31-07-2023,30.7,22.9,2.5,9.8,96
01-08-2023,31.3,23.3,4,11.9,93
02-08-2023,30.8,24.3,8.7,8.4,97
03-08-2023,31.1,23.7,7.5,8.6,98
04-08-2023,27.9,23.6,20,4.6,98
05-08-2023,31,23.1,4.2,10.2,99
06-08-2023,29.4,23.3,5.6,13.3,100
07-08-2023,28.7,23.1,4.9,13,100
08-08-2023,30.6,22.6,8.2,13.7,99
09-08-2023,30.5,22.9,5.9,9.5,100
10-08-2023,28.6,23,4.8,9.6,99
11-08-2023,29.9,23.1,17.1,11.5,99
12-08-2023,28.2,23.9,11.7,13,98
13-08-2023,28.5,23.4,19.9,12.9,99
14-08-2023,26.1,22.5,65.4,15.6,100
15-08-2023,29.3,22.1,0.9,8.7,96
16-08-2023,31.1,22.5,0.1,11.2,94
17-08-2023,31,22.6,9,10.1,96
18-08-2023,31.1,22,12.4,9,94
19-08-2023,32,23.8,1.7,11.3,93
20-08-2023,30.6,23.4,11.8,9,97
21-08-2023,30.2,23.8,9.5,8.2,98
22-08-2023,26.9,23.7,16.8,6.8,100
23-08-2023,24.3,22.1,107.5,7.7,99
24-08-2023,29.4,22.1,2.2,10.1,100
25-08-2023,30,22.1,7.4,11.7,100
26-08-2023,29.6,20.2,8.7,13.6,99
27-08-2023,29.1,21.2,1,12.9,95
28-08-2023,29.2,21.9,3.5,11.2,94
29-08-2023,30.5,20.1,0,9.8,95
30-08-2023,30.7,21.2,0,7.6,95
31-08-2023,31.3,21.4,0.8,7.2,94
01-09-2023,31.4,22.6,0.8,11.3,93
02-09-2023,30.9,22.5,0.9,14.1,94
03-09-2023,31.6,23.4,0.3,11.6,96
04-09-2023,31.9,22.2,0,9.3,94
05-09-2023,31.7,21.6,0.2,9.4,91
06-09-2023,33.1,21.4,0,6.9,86
07-09-2023,32.8,21.5,0.3,8.6,85
08-09-2023,30.4,22.8,5.2,6.6,93
09-09-2023,28.4,21.9,3.2,8.2,97
10-09-2023,24.2,21.6,39.8,5.9,98
11-09-2023,30.8,21.4,0.2,6.9,95
12-09-2023,30,22.5,1.7,6.8,93
13-09-2023,29.9,23,1.9,6.4,97
14-09-2023,29.4,23.4,3.2,6.1,96
15-09-2023,28.8,22.8,11.6,8.1,93
16-09-2023,30.6,22.8,1.4,9.2,93
17-09-2023,28.5,23.6,4.8,7.2,94
18-09-2023,29.2,22,2.1,7.2,92
19-09-2023,30,20.9,0,6.2,91
20-09-2023,29.3,23.1,1.2,10,96
21-09-2023,29,21.7,1.2,8.8,98
22-09-2023,28.3,22,1.9,7.7,96
23-09-2023,27.8,21.1,1.9,6.6,96
24-09-2023,28.2,20.4,0.7,8.4,94
25-09-2023,28.7,19.8,0.4,8.8,93
26-09-2023,28.8,20.6,1,7.3,93
27-09-2023,29.8,20.1,0,8.3,93
28-09-2023,29.8,18.8,0,8.5,91
29-09-2023,30.4,20,0,6.2,90
30-09-2023,31.5,19.9,0,9.2,85
01-10-2023,28.8,19.6,0,14.5,92
02-10-2023,30.7,19.5,0,10.6,91
03-10-2023,29.9,18,0,8.4,88
04-10-2023,29.4,18.6,0,9.7,83
05-10-2023,28.9,18.9,0,9.7,90
06-10-2023,29.2,18.1,0,9,89
07-10-2023,28.8,18.3,0,8.7,93
08-10-2023,29.4,18,0,10.2,91
09-10-2023,29.8,17.9,0,11.5,85
10-10-2023,29.9,17.9,0.3,11.1,77
11-10-2023,28.8,16.6,0,8.8,77
12-10-2023,28.5,16.7,0,9.2,87
13-10-2023,27.8,18.3,0,7.6,87
14-10-2023,28.1,16.7,0,11,89
15-10-2023,28,16.3,0,8.2,80
16-10-2023,23.6,14.2,8.2,14.5,87
17-10-2023,25.2,13.1,0.6,7.1,88
18-10-2023,25.7,12.6,0,8.6,88
19-10-2023,25.4,12.6,0,6.2,87
20-10-2023,25.9,13.2,0,7.6,83
21-10-2023,26.1,14.7,0,7.2,86
22-10-2023,25.6,14.1,0,8.8,86
23-10-2023,26.1,14.5,0.2,7.6,93
24-10-2023,27,12.9,0,7.3,72
25-10-2023,27.4,13.4,0,8.3,79
26-10-2023,26.8,13.3,0,7.6,86
27-10-2023,26,15.5,0,6.7,87
28-10-2023,25.4,14.3,0,6.1,86
29-10-2023,25.1,14.1,0,8.1,84
30-10-2023,26,15.3,0,8.2,92
31-10-2023,26,14.7,0,6.3,88
01-11-2023,26.5,14.5,0,6.5,83
02-11-2023,25.6,13.4,0,6.3,75
03-11-2023,24.8,13.2,0,5.8,83
04-11-2023,25.1,12.6,0,8,84
05-11-2023,24.4,12.6,0,7.4,91
06-11-2023,23.9,12.5,0,7.1,94
07-11-2023,24.1,11.5,0,7.5,98
08-11-2023,24.4,12.3,0,5.8,83
09-11-2023,24.5,13.2,0,7.4,85
10-11-2023,22.4,13.1,4.5,11.8,95
11-11-2023,21.5,12.1,0.7,10.6,93
12-11-2023,22.7,10.9,0,8.1,85
13-11-2023,22.9,12.4,0,6.1,90
14-11-2023,23.6,12.4,0,8.2,91
15-11-2023,24.2,12.1,0,7.4,85
16-11-2023,23.6,12.8,0,5,88
17-11-2023,24.1,11.9,0,7.4,86
18-11-2023,23.2,11.8,0,7.6,86
19-11-2023,21.9,12,0,8.6,95
20-11-2023,21.9,10.9,0,8,97
21-11-2023,22.3,10.5,0,8.6,96
22-11-2023,22.3,10.6,0,8.1,94
23-11-2023,20.3,10.8,0,5.6,90
24-11-2023,22.3,9.7,0,6.2,88
25-11-2023,23,11,0,5.1,89
26-11-2023,22,10.5,0,5.5,83
27-11-2023,19.8,12.4,0,8.5,86
28-11-2023,21,11,0.1,6.9,91
29-11-2023,21,10.7,0,6,82
30-11-2023,18.7,10.8,16.8,11.5,93
01-12-2023,21.5,10.2,0,12,93
02-12-2023,20.9,10.2,0,6.3,92
03-12-2023,21,10.1,0,7.9,89
04-12-2023,20.3,9,0,11.8,89
05-12-2023,20,8.6,0,5.7,88
06-12-2023,21.7,8.9,0,7.1,80
07-12-2023,21.5,9.7,0,8.9,83
08-12-2023,20.3,11,0,8.8,87
09-12-2023,18.9,9.8,0,7.6,89
10-12-2023,18.4,6.8,0,5.6,88
11-12-2023,17.4,7.7,0,5.2,96
12-12-2023,17.3,6.6,0,8.5,95
13-12-2023,18.2,6.2,0,8.9,86
14-12-2023,18.5,7.2,0,5.9,82
15-12-2023,18.2,9.1,0,7.1,94
16-12-2023,17.6,7.8,0,7.2,92
17-12-2023,17.5,6.3,0,7.9,86
18-12-2023,18.5,7,0,6.9,85
19-12-2023,18.5,7.1,0,7.1,84
20-12-2023,16.9,9.7,0,4.8,91
21-12-2023,19.6,6.8,0,7.3,88
22-12-2023,19.8,10.4,0,5.8,74
23-12-2023,19.2,10,0.3,8,81
24-12-2023,20.3,8.1,0,6.9,86
25-12-2023,18.5,10.6,0,6.8,83
26-12-2023,17.4,10.5,0,8.2,82
27-12-2023,19.4,8.4,0,7.2,90
28-12-2023,18.8,8.5,0,6.9,92
29-12-2023,18.8,6.5,0,5.8,96
30-12-2023,19,7.9,0,7.2,93
31-12-2023,18.7,9.2,0,7.6,100
01-01-2024,17.8,7.1,0,8.6,99
02-01-2024,17.4,7.9,0,5.9,100
03-01-2024,17.1,7.1,0,8.2,100
04-01-2024,17.2,6,0,7.7,92
05-01-2024,17.1,6.1,0,8,100
06-01-2024,17.3,4.3,0,7.7,97
07-01-2024,18,6.8,0,7,100
08-01-2024,18.2,5.7,0,6.5,96
09-01-2024,18.1,5.9,0,10.5,95
10-01-2024,18.6,5.2,0,8.6,98
11-01-2024,16.3,5.8,0,7.4,96
12-01-2024,15.7,5.6,0,5.8,100
13-01-2024,16.3,6.7,0,5.1,98
14-01-2024,18.3,6.9,0,6.9,95
15-01-2024,17.6,5.8,0,8,95
16-01-2024,17.6,7.4,0,8.3,87
17-01-2024,17.4,4.9,0,7,92
18-01-2024,17.3,4.4,0,9.4,98
19-01-2024,15.5,6.3,0,6.4,97
20-01-2024,14.7,5,0,6.4,100
21-01-2024,15.1,3.6,0,7.4,96
22-01-2024,14.3,4.5,0,7.6,99
23-01-2024,16,3.5,0,8,96
24-01-2024,16.8,5.2,0,7.1,96
25-01-2024,16.9,4.1,0,7.8,95
26-01-2024,17,6.2,0,8.4,92
27-01-2024,17.5,7.8,0,7.5,91
28-01-2024,17,7,0,7.9,91
29-01-2024,18.3,8,0,8.3,89
30-01-2024,17.8,7.4,0,7.7,97
31-01-2024,14.7,6.3,3.2,6.9,95
01-02-2024,13.6,7,27.3,7.4,100
02-02-2024,15.3,4.5,0,10.7,99
03-02-2024,19.3,3.4,0,10.2,85
04-02-2024,15.3,8,27.7,8.4,97
05-02-2024,15.9,6.5,0.9,8.6,99
06-02-2024,16.6,5.7,0,9.8,91
07-02-2024,16.3,2.9,0,10.8,89
08-02-2024,17.6,3.1,0,9.5,91
09-02-2024,16.9,5.6,0,8.9,95
10-02-2024,18.4,5.1,0,7.9,99
11-02-2024,21,6.1,0,7,95
12-02-2024,20.7,7.2,0,6.4,86
13-02-2024,20.3,10.4,0,5.8,79
14-02-2024,21.1,8.2,0,10,84
15-02-2024,21.5,9.1,0,9.5,88
16-02-2024,21.6,9.1,0,9.6,95
17-02-2024,20.7,8.4,0,10,94
18-02-2024,21.4,9.6,0,8.2,92
19-02-2024,21.1,12.5,7.5,17.4,81
20-02-2024,20.8,10.1,25.9,13.9,92
21-02-2024,20.8,7.1,0,10,85
22-02-2024,18.9,4.1,0,10.5,74
23-02-2024,19,4.6,0,9.8,70
24-02-2024,18.1,5.1,0,10.1,79
25-02-2024,18.8,2.8,0,12.1,81
26-02-2024,21,6.1,0,7.1,71
27-02-2024,17.2,7.7,1.8,7.1,92
28-02-2024,20.2,6.5,0,11.3,91
29-02-2024,23.1,8.5,0,9.9,88
01-03-2024,22.5,10.2,2,9.4,81
02-03-2024,20.9,13.2,14.9,14.4,91
03-03-2024,17.9,10.7,17.4,22.2,99
04-03-2024,18.3,6.4,0,9.4,97
05-03-2024,19.8,6.3,0,10.9,89
06-03-2024,20.1,8,0,8.7,93
07-03-2024,21.4,7.7,0.1,8.6,93
08-03-2024,20.9,8.1,0,11.9,81
09-03-2024,22.6,8.3,0,9.1,84
10-03-2024,24.6,9.8,0,8.4,91
11-03-2024,23.5,12.4,0.5,10,84
12-03-2024,24.8,11.4,0.2,11.6,80
13-03-2024,24,10.9,0.5,15.5,81
14-03-2024,24.2,10.7,0.1,10.5,77
15-03-2024,25.3,9.4,0,12.3,78
16-03-2024,25.7,12.1,0.1,12.7,74
17-03-2024,26.5,10.8,0,10.2,75
18-03-2024,25.6,11.7,0,10.4,74
19-03-2024,26.1,11.5,0,8.3,71
20-03-2024,28,11.3,0,10.3,69
21-03-2024,23.7,13.5,0,12.2,78
22-03-2024,25.1,14,0.9,15.9,88
23-03-2024,27.7,12.9,0,14.8,83
24-03-2024,25.5,11.9,1.2,12.6,85
25-03-2024,27.5,11.7,0,12.6,79
26-03-2024,27.4,12.6,0,9,78
27-03-2024,28.4,16,0,12.3,78
28-03-2024,31.1,15.9,0,12.4,74
29-03-2024,29.7,17.5,0,9.3,71
30-03-2024,30,17,8.1,28.2,87
31-03-2024,28.7,14.9,0,9.4,65
01-04-2024,25.8,14.2,0,12.6,78
02-04-2024,27,14.6,0,11.9,73
03-04-2024,29.5,14.8,0,10.1,69
04-04-2024,30.2,14.8,0,13.6,59
05-04-2024,28.9,13.6,0,13.4,64
06-04-2024,29.2,12.5,0,11.4,64
07-04-2024,28.8,13.2,0,10.8,62
08-04-2024,29.7,12.2,0,13.7,62
09-04-2024,30.3,12.8,0,12.5,62
10-04-2024,30.5,13.6,0,9.8,64
11-04-2024,30.3,13.5,0.1,13.8,63
12-04-2024,31.3,13.9,0,17,63
13-04-2024,32,15.1,0,8.6,60
14-04-2024,28.6,17.8,0.3,15.5,63
15-04-2024,28.7,17.7,0,7,66
16-04-2024,29.7,16.8,0,12.1,70
17-04-2024,29.6,15.9,0,16.9,74
18-04-2024,31.1,17.9,0,19.6,61
19-04-2024,32.7,17,0,17.6,57
20-04-2024,31.3,17.8,0,16.9,59
21-04-2024,31,15.6,0,12,64
22-04-2024,30.6,16,0.1,11.3,62
23-04-2024,30.8,14.9,0,14.8,64
24-04-2024,30.1,15.1,0,12.5,59
25-04-2024,32,15,0,11.6,63
26-04-2024,34.6,16.7,0,13.4,57
27-04-2024,31.6,19.3,0,13.7,56
28-04-2024,31.3,16.2,0,10.9,62
29-04-2024,31.8,17.2,0.3,9,54
30-04-2024,30.9,15.6,0,13.4,63
01-05-2024,27.1,13.8,0,14.7,53
02-05-2024,30.4,12.2,0,11.3,59
03-05-2024,32.7,15.7,0,11.4,59
04-05-2024,35.2,21.1,0,26.7,49
05-05-2024,35.4,17.8,0,15.8,50
06-05-2024,35.4,18.9,0,10.9,48
07-05-2024,33.5,19.5,0,10.8,54
08-05-2024,29.9,20.8,4.2,8.6,62
09-05-2024,31.1,20.6,1.7,9.4,89
10-05-2024,31.4,20.7,1.5,10.2,75
11-05-2024,31.7,21.7,3.7,10.9,77
12-05-2024,30.6,20.2,10.9,10.4,81
13-05-2024,33.2,18.4,0,12.6,69
14-05-2024,34.5,17.7,0,14.4,62
15-05-2024,36,17.9,0,11.6,52
16-05-2024,36.4,19.5,0,15.3,55
17-05-2024,37,19.6,0,14.1,60
18-05-2024,37.8,20.2,0,13.8,58
19-05-2024,38.2,21.2,0,24.1,51
20-05-2024,35.2,23.1,0.2,15.7,55
21-05-2024,33.9,21.8,0,10.9,70
22-05-2024,33.9,23,0.7,11.4,71
23-05-2024,33.4,23.1,6.1,9.8,85
24-05-2024,33.5,23.4,0.9,10.2,88
25-05-2024,34.7,24.8,5.4,14.8,75
26-05-2024,37.4,23.6,0,11.7,74
27-05-2024,37.1,24.2,0,11.7,64
28-05-2024,36.2,21.8,0,10.1,60
29-05-2024,38.8,20.3,0,12,48
30-05-2024,39.6,23.7,0,12.8,49
31-05-2024,39,21,0,18.1,48
01-06-2024,36.9,21,0,14.1,60
02-06-2024,35.8,21.7,0,9.6,57
03-06-2024,36.8,24,0,12.6,74
04-06-2024,36,23.6,0,15.5,65
05-06-2024,35.8,23.4,0,17,50
06-06-2024,34.2,21.7,0,14.4,55
07-06-2024,37.6,22,0,20.5,62
08-06-2024,36.8,22.5,0,15.1,56
09-06-2024,36.9,21.5,0,13.4,60
10-06-2024,37.7,21.6,0,12.4,47
11-06-2024,38.2,21.8,0,12.7,52
12-06-2024,39.5,21.9,0,14.2,46
13-06-2024,39.9,22.7,0,16.1,49
14-06-2024,40.4,25.1,0,19.8,53
15-06-2024,39.4,25.1,0,20.1,52
16-06-2024,40,24.7,0,19.8,53
17-06-2024,40.5,26,0,23,51
18-06-2024,39.2,26.5,0,26.8,53
19-06-2024,38.6,27.4,0,22.6,53
20-06-2024,33.5,24.5,0.3,12.6,68
21-06-2024,34.4,23.9,0.3,13.7,73
22-06-2024,32.3,23.9,0.1,10.9,72
23-06-2024,33.2,24,9.2,10.6,84
24-06-2024,32.9,24.7,2.1,10.6,85
25-06-2024,33.5,25.5,0.1,9.5,84
26-06-2024,31.6,24.3,12,8.4,98
27-06-2024,28.4,23.5,16.1,10.4,98
28-06-2024,31.1,24.2,1,9.4,97
29-06-2024,30.8,23.5,7.7,8.7,96
30-06-2024,31.3,22.3,23.6,6.9,100
01-07-2024,31.3,22.5,11.1,8.5,99
02-07-2024,30.3,22.9,9.9,7.9,100
03-07-2024,28.6,23.2,21.3,9.3,100
04-07-2024,31,23,3.3,5.4,100
05-07-2024,26.4,22.7,60.6,7.1,100
06-07-2024,29.9,22.6,11.8,8.9,99
07-07-2024,30.5,22.4,0.2,12.4,99
08-07-2024,28.9,22.8,6.8,6.7,100
09-07-2024,31.3,22.7,1.8,8.4,99
10-07-2024,31.8,23,3.3,10.7,97
11-07-2024,30.5,22.8,3.6,11.6,99
12-07-2024,30.8,23.9,1.9,8.1,95
13-07-2024,29.2,22.3,0.2,5.3,98
14-07-2024,31.1,22.7,0.8,7.8,96
15-07-2024,31.4,23,1.7,9.9,95
16-07-2024,31.1,24.6,23.4,7.7,98
17-07-2024,30.5,23.8,27.1,9.8,98
18-07-2024,30.1,23.3,23.1,8,96
19-07-2024,30.7,23.6,21.4,9,100
20-07-2024,32.3,23.8,0.2,6.4,97
21-07-2024,29.9,24.1,5.6,10.9,91
22-07-2024,29.2,24,40.3,9,97
23-07-2024,31.4,23.8,12.9,9.4,98
24-07-2024,30.6,24.2,1.3,5.9,95
25-07-2024,29.5,23.4,12.8,9.2,97
26-07-2024,31.2,24.4,12.1,10.8,96
27-07-2024,30.2,24.8,3.3,7.7,96
28-07-2024,33.7,25.4,1.1,10.1,90
29-07-2024,32.2,24.9,7.1,9.1,98
30-07-2024,31.2,24.9,15.7,7.7,98
31-07-2024,29.5,23.2,99.7,14.8,100
01-08-2024,30.4,23.4,87.5,15.6,98
02-08-2024,31.6,23.4,4.6,7.3,94
03-08-2024,30.5,24.6,1.5,10.6,87
04-08-2024,30.4,23.5,0,9.5,97
05-08-2024,30,24,17.7,7.6,96
06-08-2024,30.2,23.5,10.7,10.9,99
07-08-2024,26,22.6,28.8,9.7,100
08-08-2024,29.5,22.3,1.4,7.7,98
09-08-2024,29.3,22.6,6.3,8.2,99
10-08-2024,29.4,22.8,11.2,6.8,98
11-08-2024,29.1,23,11.5,6.9,99
12-08-2024,30.8,23.2,4.4,10,99
13-08-2024,30,23.5,3,6.4,98
14-08-2024,27.8,23.8,3.1,6.1,96
15-08-2024,30.9,23.5,9.2,6.4,97
16-08-2024,30,23.1,5.3,8.1,99
17-08-2024,31.4,23.1,10.3,9.1,98
18-08-2024,29.9,23,5.8,10.5,99
19-08-2024,29.8,22.7,28.8,8,100
20-08-2024,27.4,22.4,30.3,9.8,100
21-08-2024,27.8,22.1,7.4,12.2,99
22-08-2024,29.6,22.7,12.8,12.3,99
23-08-2024,28.3,21.9,1.5,9.4,98
24-08-2024,30.4,22.6,6.2,5.9,95
25-08-2024,31.7,23.4,2.4,10.9,94
26-08-2024,31,23.2,1.6,7.3,91
27-08-2024,30.3,22.6,10.5,6.9,94
28-08-2024,30.5,22.5,5.8,8.3,97
29-08-2024,29.1,21.9,6.1,17.6,99
30-08-2024,30.4,22.4,5.7,7.6,94
31-08-2024,31.6,22.6,0,9.8,95
01-09-2024,30.6,23.8,5.2,10,97
02-09-2024,27.9,23.2,5.1,10.2,98
03-09-2024,30.2,23.1,3,9.2,94
04-09-2024,28,22.4,18.9,6.4,97
05-09-2024,27.9,21.6,13.6,7.1,98
06-09-2024,27.8,21.6,3.8,9.7,97
07-09-2024,29.5,21.6,2,6.9,94
08-09-2024,30.7,23.6,0.2,7.6,94
09-09-2024,30.7,23.1,0.8,6.2,93
10-09-2024,29.4,22.4,2.6,8.4,94
11-09-2024,31.3,22.7,0.1,10.3,94
12-09-2024,24.8,22.2,57.4,11.3,97
13-09-2024,25,20.5,12.8,14.6,98
14-09-2024,25.9,20.1,1.2,6.4,98
15-09-2024,28.1,20.6,3.2,7.4,99
16-09-2024,29.6,20.3,0,7.6,96
17-09-2024,30.1,20.2,17.1,8.6,96
18-09-2024,24.1,21.4,14.1,7.8,98
19-09-2024,29.6,21.1,5.8,8,97
20-09-2024,30.6,20.2,0,7.2,96
21-09-2024,30.7,20.9,0,9.1,96
22-09-2024,31.3,21.7,0,5.9,93
23-09-2024,32.6,23.1,0.1,6.6,95
24-09-2024,31.5,22.7,0.6,6,94
25-09-2024,29.8,23.2,7,7.6,96
26-09-2024,27.3,21.9,31.9,10.5,99
27-09-2024,28.5,21.4,1.1,8.1,97
28-09-2024,26.8,21.1,3.2,9,97
29-09-2024,28.4,20.7,0,8.8,99
30-09-2024,28.1,19.8,0.1,9.8,96
01-10-2024,29.3,20.1,0,8.7,95
02-10-2024,29.7,21.1,0,10.1,93
03-10-2024,29.5,18.7,0,6,92
04-10-2024,29.5,19,0,7.3,92
05-10-2024,29.1,18.8,0,8.2,96
06-10-2024,29.1,18.2,0,10.7,90
07-10-2024,28.3,18.5,0,5.1,95
08-10-2024,28.4,18.7,0,9,96
09-10-2024,28.4,18.8,0,8.8,90
10-10-2024,28.2,18.4,0.7,6.6,93
11-10-2024,27.9,16.6,0,8.3,85
12-10-2024,27.8,17,0,7,90
13-10-2024,27.1,17.4,0,6.3,94
14-10-2024,26.6,16.5,0.1,8,92
15-10-2024,27.1,16.4,0,8.1,91
16-10-2024,26.5,16.1,0,7.1,94
17-10-2024,26.7,16,0,6.2,96
18-10-2024,26.2,15.3,0,8.5,95
19-10-2024,27.4,16.9,0,8.7,88
20-10-2024,27.5,17.1,0,8.9,87
21-10-2024,26.8,17.6,0.2,6,86
22-10-2024,26.6,17.4,0,7.4,90
23-10-2024,29,16.4,0,8.7,84
24-10-2024,29.9,14.9,0,7.6,73
25-10-2024,27.1,16.4,0,8.6,90
26-10-2024,26.3,17.3,0.2,6.6,88
27-10-2024,26.9,16.6,0,7.1,94
28-10-2024,27.6,16.6,0,6.3,95
29-10-2024,27.4,16.4,0,6.9,95
30-10-2024,27.3,16,0,7,95
31-10-2024,27.4,16,0,8.1,91
01-11-2024,26.2,15.9,0,7.5,89
02-11-2024,25.7,14.6,0,6.9,91
03-11-2024,26.5,16,0,6.6,93
04-11-2024,26.3,15.7,0,9.1,90
05-11-2024,24.8,17.3,0,6.6,91
06-11-2024,25.9,16.1,0,6.8,94
07-11-2024,25.3,15.1,0,5.2,93
08-11-2024,25.2,15.2,0,7,94
09-11-2024,24.6,15.2,0,3.6,94
10-11-2024,25.5,14.8,0,6.9,93
11-11-2024,25,14.3,0,5.3,95
12-11-2024,24.8,13.7,0,9,96
13-11-2024,24.4,14,0,9,95
14-11-2024,23.7,13.1,0,8.2,93
15-11-2024,22.8,12.8,0,8.5,92
16-11-2024,22.3,13.1,0,9,89
17-11-2024,22.5,12.2,0,8.7,87
18-11-2024,22,11.3,0,5.9,98
19-11-2024,21.2,9.8,0,6.7,100
20-11-2024,21.6,10.6,0,7,94
21-11-2024,21.4,11.5,0,8,92
22-11-2024,21.2,10.4,0,4.8,94
23-11-2024,21,10.6,0,6.9,92
24-11-2024,21.8,10.9,0,6.7,87
25-11-2024,21.7,10.6,0,9.9,85
26-11-2024,20.3,11,0,8.7,88
27-11-2024,19.9,9.3,0,6.8,90
28-11-2024,20.7,10.5,0,5.6,85
29-11-2024,20.9,11.3,0,5.8,84
30-11-2024,21.3,12.1,0,6.1,80
01-12-2024,21.7,11.3,0,7.2,87
02-12-2024,22.5,11,0,5.3,87
03-12-2024,21.9,11.1,0,6.8,80
04-12-2024,22.1,9.8,0,7.7,80
05-12-2024,20.4,9.3,0,9.1,90
06-12-2024,19.1,8.1,0,8,85
07-12-2024,17.4,6.6,0,7.6,91
08-12-2024,16.9,5.6,0,11.8,86
09-12-2024,16.6,5.8,0.6,5.7,96
10-12-2024,16.9,4.1,0,8.2,89
11-12-2024,20,6.3,0,6.2,85
12-12-2024,18.9,8.2,0,9.2,82
13-12-2024,19.5,2.3,0,6.7,74
14-12-2024,18.9,6.9,0,5.8,88
15-12-2024,16.9,7.1,0,5.2,86
16-12-2024,20,8.7,0,4.2,72
17-12-2024,19.7,8.3,0,6.4,83
18-12-2024,20.3,6.8,0,5.3,80
19-12-2024,17.4,6.1,0,6.7,94
20-12-2024,20,5.4,0,7,94
21-12-2024,19.2,5.7,0,7.6,83
22-12-2024,18.6,6.7,0,4.6,83
23-12-2024,13.9,8.1,0.1,11.5,95
24-12-2024,16.8,8,0.5,7.5,93
25-12-2024,19.2,4.8,0,6.7,89
26-12-2024,20,7.1,0,5.1,80
27-12-2024,14.5,5.9,10.1,14,96
28-12-2024,15.6,9,6.7,12,97
29-12-2024,18.9,7.5,0,10.5,97
30-12-2024,18.9,5.4,0,7.5,99
31-12-2024,16,7.7,0,6,99
