date, pm25, o3, no2, so2, co
2025/4/1, 145, 24, 4, 4, 7
2025/4/2, 161, 24, 4, 3, 6
2025/4/3, 156, 17, 4, 3, 6
2025/4/4, 151, 17, 4, 5, 8
2025/4/5, 138, 17, 4, 11, 14
2025/4/6, 145, 16, 4, 11, 14
2025/4/7, 169, 17, 4, 8, 11
2025/4/8, 155, 17, 4, 7, 10
2025/4/9, 150, 16, 4, 3, 6
2025/4/10, 116, 16, 4, 5, 8
2025/4/11, 111, 16, 4, 9, 12
2025/4/12, 154, 17, 4, 13, 16
2025/4/13, 143, 17, 4, 14, 18
2025/4/14, 157, 17, , 6, 8
2025/4/15, 153, 17, , 11, 14
2025/4/16, 157, 24, , 7, 10
2025/4/17, 162, 24, , 7, 10
2025/4/18, 118, 24, , 7, 10
2025/4/19, 138, 24, , 8, 11
2025/4/20, 164, 24, , 7, 10
2025/4/21, 169, 24, , 6, 9
2025/4/22, 163, 24, , 8, 11
2025/4/23, 112, 24, , 7, 10
2025/4/24, 137, 24, , 8, 11
2025/4/25, 141, 24, , 9, 12
2025/4/26, 145, 24, , 10, 13
2025/4/27, 150, 24, , 10, 13
2025/4/28, 85, , , , 
2025/1/1, 194, 9, 5, 3, 4
2025/1/2, 199, 9, 5, 4, 4
2025/1/3, 213, 9, 5, 2, 2
2025/1/4, 161, 9, 5, 2, 2
2025/1/5, 153, 9, 5, 3, 3
2025/1/6, 182, 9, 5, 3, 3
2025/1/7, 156, 9, 5, 2, 2
2025/1/8, 148, 9, 5, 2, 2
2025/1/9, 197, 9, 5, 3, 3
2025/1/10, 252, 9, 7, 1, 1
2025/1/11, 277, 10, 6, 1, 1
2025/1/12, 245, 9, 5, 5, 5
2025/1/13, 191, 10, 5, 6, 7
2025/1/14, 212, 9, 5, 6, 6
2025/1/15, 173, 9, 5, 6, 6
2025/1/16, 183, 10, 4, 6, 6
2025/1/17, 198, 9, 5, 6, 7
2025/1/18, 171, 10, 5, 6, 7
2025/1/19, 170, 10, 5, 7, 7
2025/1/20, 176, 10, 5, 7, 7
2025/1/21, 191, 9, 5, 6, 6
2025/1/22, 167, 10, 5, 5, 6
2025/1/23, 179, 9, 5, 6, 6
2025/1/24, 187, 10, 5, 6, 6
2025/1/25, 165, 9, 5, 6, 7
2025/1/26, 172, 9, 5, 7, 7
2025/1/27, 186, 9, 5, 6, 7
2025/1/28, 176, 9, 5, 6, 6
2025/1/29, 188, 10, 5, 7, 7
2025/1/30, 191, 10, 5, 6, 7
2025/1/31, 178, 9, 5, 6, 7
2025/2/1, 173, 9, 5, 4, 5
2025/2/2, 152, 10, 5, 4, 4
2025/2/3, 145, 10, 5, 5, 5
2025/2/4, 167, 10, 5, 6, 7
2025/2/5, 168, 9, 5, 5, 5
2025/2/6, 156, 9, 5, 5, 5
2025/2/7, 153, 10, 5, 5, 5
2025/2/8, 162, 10, 5, 5, 5
2025/2/9, 195, 10, 4, 4, 4
2025/2/10, 188, 9, 4, 2, 2
2025/2/11, 150, 10, 3, 1, 2
2025/2/12, 139, 9, 4, 1, 1
2025/2/13, 111, 9, 4, 3, 3
2025/2/14, 82, 9, 4, 3, 3
2025/2/15, 186, 10, 4, 4, 5
2025/2/16, 195, 10, 4, 7, 8
2025/2/17, 181, 10, 4, 8, 9
2025/2/18, 197, 10, 4, 9, 10
2025/2/19, 182, 10, 4, 9, 9
2025/2/20, 185, 10, 4, 5, 6
2025/2/21, 169, 10, 4, 3, 3
2025/2/22, 176, 10, 4, 4, 3
2025/2/23, 120, 10, 4, 3, 4
2025/2/24, 130, 10, 4, 4, 5
2025/2/25, 141, 10, 4, 5, 6
2025/2/26, 146, 10, 4, 6, 6
2025/2/27, 146, 10, 4, 3, 3
2025/2/28, 157, 10, 4, 3, 3
2025/3/1, 154, 10, 4, 3, 3
2025/3/2, 116, 10, 3, 3, 3
2025/3/3, 114, 10, 4, 4, 4
2025/3/4, 136, 10, 4, 3, 4
2025/3/5, 120, 10, 4, 3, 3
2025/3/6, 116, 10, 4, 3, 4
2025/3/7, 175, 10, 4, 1, 1
2025/3/8, 169, 10, 4, 2, 3
2025/3/9, 172, 10, 4, 2, 3
2025/3/10, 189, 10, 4, 2, 3
2025/3/11, 202, 10, 4, 3, 4
2025/3/12, 162, 17, 4, 2, 3
2025/3/13, 177, 17, 4, 3, 3
2025/3/14, 203, 17, 4, 3, 3
2025/3/15, 156, 17, 4, 3, 4
2025/3/16, 161, 17, 4, 4, 4
2025/3/17, 130, 17, 4, 3, 3
2025/3/18, 116, 17, 4, 3, 3
2025/3/19, 134, 17, 4, 4, 4
2025/3/20, 158, 17, 4, 3, 4
2025/3/21, 132, 17, 4, 3, 4
2025/3/22, 130, 17, 4, 3, 3
2025/3/23, 129, 17, 4, 2, 3
2025/3/24, 164, 17, 4, 2, 3
2025/3/25, 165, 17, 4, 1, 2
2025/3/26, 176, 17, 4, 1, 2
2025/3/27, 154, 17, 4, 2, 5
2025/3/28, 152, 17, 4, 2, 5
2025/3/29, 101, 17, 4, 4, 7
2025/3/30, 118, 24, 4, 4, 7
2025/3/31, 133, 24, 4, 6, 9
2024/10/1, 127, 39, 6, 2, 2
2024/10/2, 163, 21, 6, 2, 2
2024/10/3, 167, 20, 5, 2, 2
2024/10/4, 115, 37, 6, 3, 3
2024/10/5, 104, 40, 6, 2, 3
2024/10/6, 96, 36, 6, 2, 3
2024/10/7, 151, 37, 6, 2, 2
2024/10/8, 162, 32, 6, 2, 2
2024/10/9, 113, 41, 6, 2, 3
2024/10/10, 123, 12, 6, 2, 3
2024/10/11, 162, 12, 6, 3, 3
2024/10/12, 163, 26, 6, 3, 3
2024/10/13, 162, 33, 6, 3, 3
2024/10/14, 169, 6, 6, 3, 4
2024/10/15, 167, 6, 6, 3, 3
2024/10/16, 148, 6, 6, 4, 4
2024/10/17, 170, 7, 6, 4, 4
2024/10/18, 174, 7, 6, 3, 3
2024/10/19, 167, 7, 5, 3, 3
2024/10/20, 168, 10, 5, 2, 2
2024/10/21, 161, 10, 6, 3, 3
2024/10/22, 127, 10, 6, 3, 4
2024/10/23, 145, 10, 6, 3, 3
2024/10/24, 109, 10, 6, 3, 3
2024/10/25, 90, 10, 6, 3, 4
2024/10/26, 130, 10, 6, 4, 4
2024/10/27, 159, 10, 6, 3, 3
2024/10/28, 192, 10, 6, 3, 3
2024/10/29, 194, 10, 6, 3, 3
2024/10/30, 164, 10, 6, 3, 3
2024/10/31, 227, 10, 6, 4, 5
2024/11/1, 252, 10, 6, 5, 6
2024/11/2, 224, 10, 6, 5, 6
2024/11/3, 172, 10, 6, 5, 6
2024/11/4, 176, 10, 6, 6, 6
2024/11/5, 168, 10, 6, 3, 3
2024/11/6, 179, 10, 6, 3, 3
2024/11/7, 165, 10, 6, 2, 3
2024/11/8, 157, 10, 6, 3, 4
2024/11/9, 165, 10, 6, 3, 4
2024/11/10, 175, 10, 6, 4, 5
2024/11/11, 195, 10, 6, 2, 2
2024/11/12, 200, 10, 6, 1, 1
2024/11/13, 184, 10, 6, 2, 2
2024/11/14, 168, 10, 6, 3, 3
2024/11/15, 191, 10, 6, 3, 3
2024/11/16, 199, 10, 6, 3, 3
2024/11/17, 226, 10, 6, 2, 3
2024/11/18, 213, 10, 6, 2, 3
2024/11/19, 177, 10, 6, 2, 2
2024/11/20, 276, 10, 6, 2, 2
2024/11/21, 176, 10, 6, 3, 3
2024/11/22, 302, 11, 6, 3, 3
2024/11/23, 220, 10, 6, 3, 3
2024/11/24, 224, 10, 6, 4, 4
2024/11/25, 179, 10, 6, 4, 4
2024/11/26, 220, 10, 6, 4, 5
2024/11/27, 439, 9, 5, 4, 5
2024/11/28, 377, 9, 5, 6, 7
2024/11/29, 163, 9, 5, 2, 3
2024/11/30, 139, 9, 5, 2, 2
2024/12/1, 149, 10, 5, 2, 2
2024/12/2, 167, 9, 5, 2, 2
2024/12/3, 162, 9, 5, 2, 2
2024/12/4, 160, 9, 5, 2, 2
2024/12/5, 182, 9, 5, 3, 3
2024/12/6, 174, 9, 5, 3, 4
2024/12/7, 154, 9, 5, 5, 5
2024/12/8, 164, 9, 5, 4, 4
2024/12/9, 161, 9, 4, 2, 2
2024/12/10, 160, 9, 5, 1, 1
2024/12/11, 154, 9, 5, 3, 3
2024/12/12, 165, 9, 5, 3, 3
2024/12/13, 159, 9, 5, 3, 3
2024/12/14, 153, 10, 5, 3, 4
2024/12/15, 174, 10, 5, 3, 4
2024/12/16, 172, 9, 5, 4, 5
2024/12/17, 163, 9, 5, 2, 3
2024/12/18, 164, 9, 5, 3, 4
2024/12/19, 173, 10, 5, 3, 3
2024/12/20, 171, 10, 5, 3, 4
2024/12/21, 171, 9, 5, 3, 3
2024/12/22, 161, 9, 5, 3, 4
2024/12/23, 164, 9, 5, 2, 3
2024/12/24, 172, 10, 5, 3, 3
2024/12/25, 168, 10, 5, 3, 3
2024/12/26, 165, 9, 5, 3, 3
2024/12/27, 194, 9, 5, 3, 3
2024/12/28, 200, 9, 5, 2, 2
2024/12/29, 186, , , , 
2024/7/1, 92, 20, 4, 1, 2
2024/7/2, 67, 21, 4, 1, 2
2024/7/3, 81, 21, 4, , 
2024/7/4, 103, 19, 4, 1, 1
2024/7/5, 98, 23, 4, 1, 1
2024/7/6, 107, 21, 4, 2, 2
2024/7/7, 89, 22, 4, 2, 2
2024/7/8, 134, 19, 4, 2, 2
2024/7/9, 105, , , , 
2024/7/11, 66, 22, 4, 2, 2
2024/7/12, 126, 22, 4, 2, 2
2024/7/13, 145, 22, 4, 2, 2
2024/7/14, 147, 22, 4, 2, 2
2024/7/15, 120, 21, 4, 2, 2
2024/7/16, 87, 18, 4, 2, 3
2024/7/17, 100, 16, 4, 1, 1
2024/7/18, 117, 41, 4, 1, 1
2024/7/19, 88, 34, 4, 1, 2
2024/7/20, 99, 32, 4, 2, 2
2024/7/21, 83, 27, 4, 2, 2
2024/7/22, 76, 29, 4, 2, 2
2024/7/23, 64, 27, 4, 1, 1
2024/7/24, 76, 37, 4, 2, 2
2024/7/25, 95, 35, 4, 2, 2
2024/7/26, 101, 33, 4, 2, 2
2024/7/27, 83, 15, 5, 3, 3
2024/7/28, 90, 27, 5, 3, 3
2024/7/29, 103, 33, 5, 1, 2
2024/7/30, 107, 36, 5, 2, 2
2024/7/31, 107, 23, 4, 1, 1
2024/8/1, 79, 23, 5, 2, 2
2024/8/2, 72, 20, 5, 2, 2
2024/8/3, 96, 19, 5, 2, 2
2024/8/4, 101, 20, 4, 1, 2
2024/8/5, 132, 20, 4, 1, 2
2024/8/6, 95, 18, 5, 2, 2
2024/8/7, 97, 18, 3, 2, 2
2024/8/8, 131, 21, 3, 3, 3
2024/8/9, 106, 17, 4, , 
2024/8/10, 108, 21, 4, , 
2024/8/11, 78, 23, 4, , 
2024/8/12, 88, 22, 4, 1, 1
2024/8/13, 127, 21, 4, 3, 3
2024/8/14, 139, 21, 4, 2, 3
2024/8/15, 129, 24, 4, 2, 3
2024/8/16, 144, 23, 4, 3, 3
2024/8/17, 127, 19, 4, 3, 3
2024/8/18, 85, 23, 4, 3, 3
2024/8/19, 88, 18, 4, 3, 3
2024/8/20, 58, 22, 4, 3, 3
2024/8/21, 65, 25, 4, 3, 3
2024/8/22, 86, 22, 4, 3, 3
2024/8/23, 65, 22, 4, 2, 2
2024/8/24, 116, 21, 4, 2, 2
2024/8/25, 99, 21, 4, 3, 3
2024/8/26, 85, 11, 3, 1, 1
2024/8/27, 105, 20, 4, 2, 2
2024/8/28, 127, 14, 4, 2, 2
2024/8/29, 150, 13, 4, 2, 2
2024/8/30, 129, 13, 4, 2, 2
2024/8/31, 146, 9, 4, 3, 3
2024/9/1, 109, 9, 4, 4, 3
2024/9/2, 122, 34, 5, 5, 3
2024/9/3, 124, 35, 6, 2, 3
2024/9/4, 121, 13, 6, 2, 2
2024/9/5, 142, 30, 6, 2, 2
2024/9/6, 120, 49, 6, 2, 2
2024/9/7, 161, 47, 6, 2, 2
2024/9/8, 130, 40, 6, 2, 2
2024/9/9, 113, 35, 6, 2, 2
2024/9/10, 90, 23, 6, 2, 3
2024/9/11, 85, 28, 6, 2, 2
2024/9/12, 124, 21, 6, 3, 3
2024/9/13, 97, 32, 6, 3, 3
2024/9/14, 95, 27, 6, 3, 4
2024/9/15, 68, 17, 6, 3, 3
2024/9/16, 90, 27, 6, 3, 3
2024/9/17, 130, 36, 6, 2, 3
2024/9/18, 145, 30, 6, 2, 2
2024/9/19, 151, 19, 6, 2, 2
2024/9/20, 133, 22, 6, 2, 2
2024/9/21, 123, 26, 6, 2, 3
2024/9/22, 145, 23, 6, 2, 2
2024/9/23, 137, 35, 6, 2, 2
2024/9/24, 105, 37, 6, 3, 3
2024/9/25, 62, 39, 6, 4, 4
2024/9/26, 66, 23, 6, 3, 4
2024/9/27, 79, 25, 6, 4, 4
2024/9/28, 81, 27, 6, 4, 4
2024/9/29, 124, 21, 6, 4, 4
2024/9/30, 149, 47, 5, 2, 2
2024/4/1, 171, , , , 
2024/4/3, 99, 15, 4, 2, 2
2024/4/4, 161, 17, 4, 2, 2
2024/4/5, 89, , , , 
2024/4/7, 156, 21, 4, 2, 2
2024/4/8, 111, 19, 4, 2, 2
2024/4/9, 136, 18, 4, 2, 2
2024/4/10, 179, 17, 4, 2, 2
2024/4/11, 169, , , , 
2024/4/13, 196, 27, 4, 2, 2
2024/4/14, 175, 37, 4, 1, 2
2024/4/15, 181, 17, 4, 1, 2
2024/4/16, 140, 15, 4, 1, 2
2024/4/17, 192, 16, 4, 1, 2
2024/4/18, 201, 17, 4, 2, 2
2024/4/19, 164, 17, 4, 2, 2
2024/4/20, 151, 16, 4, 2, 2
2024/4/21, 137, 18, 4, 2, 2
2024/4/22, 142, 20, 4, 2, 2
2024/4/23, 132, 20, 4, 2, 2
2024/4/24, 140, 17, 4, 2, 2
2024/4/25, 122, 17, 4, 2, 2
2024/4/26, 95, 15, 4, 2, 2
2024/4/27, 109, 15, 4, 2, 2
2024/4/28, 153, 15, 4, 2, 2
2024/4/29, 139, 16, 4, 2, 2
2024/4/30, 155, 16, 4, 2, 2
2024/5/1, 149, 17, 4, 2, 2
2024/5/2, 159, 15, 4, 2, 2
2024/5/3, 167, 17, 4, 2, 2
2024/5/4, 219, 26, 4, 2, 2
2024/5/5, 191, 19, 4, 2, 2
2024/5/6, 154, 18, 4, 2, 2
2024/5/7, 136, 24, 4, 1, 2
2024/5/8, 100, 30, 4, 1, 1
2024/5/9, 125, 20, 3, 2, 2
2024/5/10, 141, 35, 4, 2, 2
2024/5/11, 158, , , , 
2024/5/13, 126, 55, 4, 1, 2
2024/5/14, 169, 46, 4, 2, 2
2024/5/15, 185, 14, 4, 1, 1
2024/5/16, 144, 29, 4, 1, 2
2024/5/17, 178, 18, 3, 1, 1
2024/5/18, 174, 17, 3, 1, 1
2024/5/19, 160, 17, 3, 1, 1
2024/5/20, 142, 18, 3, 1, 1
2024/5/21, 136, 18, 3, 1, 1
2024/5/22, 127, 18, 2, 1, 2
2024/5/23, 114, 18, 2, 1, 2
2024/5/24, 147, 97, 2, 1, 2
2024/5/25, 157, 104, 3, 2, 2
2024/5/26, 151, 76, 3, 2, 2
2024/5/27, 96, 57, 3, 2, 2
2024/5/28, 89, 93, 3, 2, 2
2024/5/29, 168, 137, 4, 2, 2
2024/5/30, 168, 29, 5, 1, 2
2024/5/31, 105, 23, 4, 2, 2
2024/6/1, 158, , 4, 2, 2
2024/6/2, 117, 35, 4, 1, 1
2024/6/3, 156, 25, 4, 1, 2
2024/6/4, 128, 17, 3, 2, 2
2024/6/5, 141, 38, 4, 1, 1
2024/6/6, 140, 30, 4, 1, 1
2024/6/7, 130, 38, 4, 1, 1
2024/6/8, 160, 98, 4, 1, 2
2024/6/9, 176, 68, 4, 2, 2
2024/6/10, 164, 115, 4, 1, 1
2024/6/11, 164, 124, 5, 1, 1
2024/6/12, 160, 86, 4, 1, 1
2024/6/13, 160, 52, 4, 1, 1
2024/6/14, 148, 41, 4, 1, 2
2024/6/15, 139, 44, 4, 2, 2
2024/6/16, 158, 75, 4, 1, 1
2024/6/17, 158, 33, 4, 2, 2
2024/6/18, 142, 48, 4, 2, 2
2024/6/19, 114, 38, 4, 2, 2
2024/6/20, 118, 44, 4, 2, 2
2024/6/21, 127, 48, 4, 2, 2
2024/6/22, 146, 45, 4, 2, 2
2024/6/23, 131, 65, 4, 1, 2
2024/6/24, 133, 67, 4, 2, 2
2024/6/25, 153, 68, 4, 2, 2
2024/6/26, 136, 63, 4, 2, 2
2024/6/27, 126, 68, 4, 2, 2
2024/6/28, 96, 54, 4, 1, 1
2024/6/29, 118, 23, 4, 1, 2
2024/6/30, 74, 21, 4, 1, 1
2024/1/1, 138, 5, 3, 4, 4
2024/1/2, 167, , 3, 4, 3
2024/1/3, 202, 4, 3, 4, 4
2024/1/4, 184, , 3, 2, 2
2024/1/5, 179, , 3, 2, 2
2024/1/6, 197, , 3, 3, 3
2024/1/7, 145, , 3, 2, 1
2024/1/8, 172, 4, 3, 2, 1
2024/1/9, 170, 6, 3, 11, 10
2024/1/10, 156, 9, 40, 20, 18
2024/1/11, 138, 5, 6, 11, 11
2024/1/12, 176, 6, 5, 11, 10
2024/1/13, 169, 5, 5, 9, 7
2024/1/14, 122, 5, 5, 19, 15
2024/1/15, 165, 5, 5, 24, 19
2024/1/16, 146, 5, 5, 29, 23
2024/1/17, 137, 5, 5, 34, 26
2024/1/18, 152, 5, 5, 36, 28
2024/1/19, 134, 5, 5, 4, 3
2024/1/20, 160, 5, 5, 6, 4
2024/1/21, 131, 6, 5, 10, 8
2024/1/22, 179, 5, 5, 14, 11
2024/1/23, 159, 6, 5, 18, 13
2024/1/24, 151, 5, 5, 2, 1
2024/1/25, 167, 5, 5, 2, 2
2024/1/26, 169, 6, 5, 2, 2
2024/1/27, 169, 5, 5, 2, 2
2024/1/28, 164, 5, 5, 2, 2
2024/1/29, 160, 5, 5, 3, 3
2024/1/30, 154, 5, 5, 3, 3
2024/1/31, 144, 6, 5, 2, 2
2024/2/1, 142, 5, 5, 2, 2
2024/2/2, 125, , 5, 1, 1
2024/2/3, 64, 6, 4, 2, 1
2024/2/4, 81, 5, 4, 2, 2
2024/2/5, 171, 5, 4, 2, 2
2024/2/6, 161, 5, 4, 2, 2
2024/2/7, 162, 5, 4, 2, 2
2024/2/8, 181, 5, 4, 2, 2
2024/2/9, 160, 7, 4, 2, 2
2024/2/10, 190, 5, 4, 2, 2
2024/2/11, 171, 6, 4, 3, 2
2024/2/12, 184, 21, 4, 2, 2
2024/2/13, 167, 14, 4, 2, 2
2024/2/14, 160, 7, 4, 2, 2
2024/2/15, 146, 10, 4, 2, 2
2024/2/16, 143, 6, 4, 3, 2
2024/2/17, 164, 7, 4, 3, 2
2024/2/18, 179, 10, 4, 2, 2
2024/2/19, 164, 34, 4, 2, 2
2024/2/20, 164, 22, 4, 2, 2
2024/2/21, 123, 22, 4, 2, 2
2024/2/22, 88, 9, 4, 2, 2
2024/2/23, 117, 9, 4, 2, 2
2024/2/24, 144, 8, 5, 2, 2
2024/2/25, 124, 9, 5, 2, 2
2024/2/26, 155, 9, 5, 2, 2
2024/2/27, 154, 8, 5, 2, 2
2024/2/28, 78, 11, 5, 2, 2
2024/2/29, 97, 9, 5, 2, 2
2024/3/1, 128, 15, 5, 1, 2
2024/3/2, 122, 28, 5, 1, 1
2024/3/3, 104, 17, 5, 1, 1
2024/3/4, 95, 9, 5, 1, 1
2024/3/5, 84, 9, 5, 1, 1
2024/3/6, 92, 9, 5, 1, 1
2024/3/7, 120, 8, 5, 2, 6
2024/3/8, 106, 9, 5, 2, 2
2024/3/9, 138, 11, 5, 2, 3
2024/3/10, 158, 10, 5, 3, 3
2024/3/11, 186, 10, 5, 2, 2
2024/3/12, 159, 12, 5, 2, 2
2024/3/13, 124, 17, 5, 1, 2
2024/3/14, 163, , , , 
2024/3/16, 134, 18, 5, 1, 1
2024/3/17, 162, 17, 5, 1, 1
2024/3/18, 176, 19, 5, 1, 1
2024/3/19, 168, 17, 5, 2, 2
2024/3/20, 119, 26, 5, 2, 2
2024/3/21, 106, 15, 5, 2, 2
2024/3/22, 150, 21, 5, 2, 2
2024/3/23, 172, 47, 5, 2, 2
2024/3/24, 171, 29, 5, 2, 2
2024/3/25, 173, 18, 5, 2, 2
2024/3/26, 154, 19, 5, 2, 2
2024/3/27, 120, 31, 5, 2, 2
2024/3/28, 128, 17, 5, 2, 2
2024/3/29, 155, 27, 5, 1, 2
2024/3/31, 161, 10, 3, 2, 2
2023/10/1, 39, 7, 5, 2, 3
2023/10/2, 36, 5, 5, 2, 3
2023/10/3, 32, 6, 5, 2, 3
2023/10/4, 18, 7, 5, 2, 4
2023/10/5, 44, 8, 5, 2, 3
2023/10/6, 61, 5, 5, 3, 4
2023/10/7, 71, 6, 5, 2, 3
2023/10/8, 94, 7, 5, 3, 5
2023/10/9, 101, 6, 5, 5, 7
2023/10/10, 89, 5, 6, 4, 6
2023/10/11, 91, 4, 6, 5, 7
2023/10/12, 101, 5, 6, 3, 4
2023/10/13, 106, 5, 6, 12, 14
2023/10/14, 99, 6, 7, 21, 20
2023/10/15, 93, 6, 7, 7, 7
2023/10/16, 108, 6, 4, 4, 4
2023/10/17, 83, 6, 4, 2, 2
2023/10/18, 66, 5, 5, 3, 3
2023/10/19, 69, 5, 6, 3, 2
2023/10/20, 80, 5, 5, 3, 3
2023/10/21, 88, 5, 5, 1, 1
2023/10/22, 98, 4, 5, 1, 1
2023/10/23, 91, 6, 6, 1, 1
2023/10/24, 83, 5, 5, 1, 1
2023/10/25, 83, 4, 5, 1, 1
2023/10/26, 84, 5, 5, 1, 1
2023/10/27, 94, 4, 5, 1, 1
2023/10/28, 110, 4, 5, 1, 1
2023/10/29, 106, 4, 6, 1, 1
2023/10/30, 111, 4, 6, 1, 1
2023/10/31, 122, 5, 6, 2, 1
2023/11/1, 122, 4, 5, 1, 1
2023/11/2, 127, 5, 5, 2, 2
2023/11/3, 133, 4, 5, 1, 1
2023/11/4, 144, 4, 5, 2, 1
2023/11/5, 138, 4, 5, 3, 2
2023/11/6, 153, 4, 6, 3, 2
2023/11/7, 170, 4, 6, 4, 4
2023/11/8, 155, 4, 7, 2, 2
2023/11/9, 168, 4, 7, 3, 3
2023/11/10, 179, 5, 7, 3, 2
2023/11/11, 191, , , , 
2023/11/19, 126, 5, 6, , 
2023/11/20, 164, 5, , 1, 1
2023/11/21, 152, 5, , 1, 1
2023/11/22, 156, 6, 6, 2, 2
2023/11/23, 171, 5, 6, 6, 5
2023/11/24, 198, 5, , 4, 4
2023/11/25, 195, 5, 9, 5, 4
2023/11/26, 174, 4, 8, 4, 3
2023/11/27, 118, 5, 7, 2, 2
2023/11/28, 148, 6, 7, 3, 3
2023/11/29, 164, 6, 7, 4, 3
2023/11/30, 172, 5, 6, 4, 4
2023/12/1, 179, 6, 9, 4, 3
2023/12/2, 161, 5, 11, 3, 3
2023/12/3, 154, 6, 2, 4, 3
2023/12/4, 171, 5, 1, 3, 3
2023/12/5, 138, , , , 
2023/12/7, 90, 5, 2, 4, 3
2023/12/8, 119, 5, 3, 3, 3
2023/12/9, 126, 5, 3, 3, 3
2023/12/10, 161, 5, 2, 5, 4
2023/12/12, 171, , , , 
2023/12/14, 188, 5, 3, 3, 3
2023/12/15, 184, 5, 2, 2, 2
2023/12/16, 173, 5, 3, 5, 4
2023/12/17, 178, 5, 4, 10, 10
2023/12/18, 162, 5, 5, 11, 11
2023/12/19, 173, 6, 2, 12, 11
2023/12/20, 159, 5, 2, 7, 7
2023/12/21, 214, 5, 2, 9, 8
2023/12/22, 189, 5, 3, 4, 4
2023/12/23, 148, 5, 3, 5, 4
2023/12/24, 166, 5, 3, 5, 4
2023/12/25, 129, 5, 3, 4, 4
2023/12/26, 183, 5, 3, 4, 3
2023/12/27, 184, 5, 3, 3, 3
2023/12/28, 198, 5, 3, 3, 3
2023/12/29, 175, 6, 3, 1, 1
2023/12/30, 107, 6, 3, 2, 2
2023/12/31, 123, 5, 3, 3, 2
2023/7/1, 67, 7, 13, 2, 3
2023/7/2, 70, 8, 13, 2, 4
2023/7/3, 79, 9, 13, 2, 5
2023/7/4, 93, 7, 14, 3, 6
2023/7/5, 72, 7, 14, 3, 5
2023/7/6, 69, 6, 13, 3, 6
2023/7/7, 62, 6, 14, 3, 6
2023/7/8, 71, 6, 14, 2, 5
2023/7/9, 84, 7, 14, 2, 4
2023/7/10, 85, 7, 15, 2, 5
2023/7/11, 93, 7, 14, 2, 4
2023/7/12, 81, 7, 15, 3, 6
2023/7/13, 91, 7, 14, 3, 6
2023/7/14, 93, 7, 15, 3, 7
2023/7/15, 82, 7, 15, 3, 6
2023/7/16, 72, 7, 16, 3, 6
2023/7/17, 70, 7, 16, 2, 4
2023/7/18, 73, 7, 16, 2, 4
2023/7/19, 81, 12, 15, 2, 4
2023/7/20, 69, 8, 15, 2, 6
2023/7/21, 70, 8, 16, 3, 9
2023/7/22, 69, 7, 15, 2, 7
2023/7/23, 55, 7, 16, 1, 4
2023/7/24, 65, 9, 16, 1, 4
2023/7/25, 85, 6, 17, 1, 5
2023/7/26, 65, 6, 18, 2, 6
2023/7/27, 61, 7, 17, 3, 8
2023/7/28, 66, 11, 16, 2, 7
2023/7/29, 67, 7, 17, 1, 5
2023/7/30, 67, 9, 18, 1, 4
2023/7/31, 71, 7, 20, 2, 6
2023/8/1, 104, 6, 18, 3, 8
2023/8/2, 106, 6, 18, 3, 9
2023/8/3, 110, 7, 18, 2, 7
2023/8/4, 62, 6, 16, 2, 5
2023/8/5, 68, 6, 17, 1, 5
2023/8/6, 73, 6, 17, 2, 5
2023/8/7, 65, 6, 16, 2, 6
2023/8/8, 75, 6, 17, 2, 7
2023/8/9, 65, 7, 53, 3, 6
2023/8/10, 91, 21, 62, 2, 7
2023/8/11, 79, 17, 17, 5, 13
2023/8/12, 94, 16, 18, 5, 13
2023/8/13, 92, 17, 21, 7, 13
2023/8/14, 114, 18, 20, 6, 9
2023/8/15, 103, 18, 21, 6, 9
2023/8/16, 89, 15, 21, 1, 2
2023/8/17, 75, 12, 24, 1, 2
2023/8/18, 95, 10, 26, 1, 2
2023/8/19, 74, 11, 25, 1, 2
2023/8/20, 86, 12, 24, 2, 3
2023/8/21, 95, 13, 22, 3, 4
2023/8/22, 74, 12, 20, 2, 3
2023/8/23, 80, 14, 19, 2, 3
2023/8/24, 55, 10, 20, 2, 4
2023/8/25, 46, 16, 18, 2, 4
2023/8/26, 50, 12, 20, 3, 4
2023/8/27, 53, 14, 21, 3, 4
2023/8/28, 54, 14, 23, 2, 3
2023/8/29, 59, 15, 23, 2, 3
2023/8/30, 55, 18, 23, 2, 4
2023/8/31, 66, 19, 22, 1, 2
2023/9/1, 77, 18, 24, 3, 4
2023/9/2, 75, 17, 24, 3, 5
2023/9/3, 67, 16, 3, 1, 1
2023/9/4, 47, 11, 1, 1, 1
2023/9/5, 52, 10, 1, , 1
2023/9/6, 59, 9, 2, 2, 3
2023/9/7, 50, 7, 2, 2, 3
2023/9/8, 38, 9, 1, 6, 9
2023/9/9, 45, 10, 2, 2, 4
2023/9/10, 65, 10, 3, 3, 4
2023/9/11, 69, 13, 3, 2, 4
2023/9/12, 86, 13, 4, 3, 5
2023/9/13, 74, 10, 4, 2, 3
2023/9/14, 44, 12, 3, 3, 4
2023/9/15, 54, 12, 4, 3, 4
2023/9/16, 56, 11, 4, 3, 4
2023/9/17, 54, 8, 5, 3, 4
2023/9/18, 48, 6, 5, 3, 4
2023/9/19, 49, 7, 5, 3, 5
2023/9/20, 43, 7, 5, 3, 4
2023/9/21, 27, 7, 5, 2, 4
2023/9/22, 31, 6, 5, 2, 3
2023/9/23, 34, 6, 5, 3, 4
2023/9/24, 40, 7, 5, 2, 4
2023/9/25, 53, 8, 7, 3, 4
2023/9/26, 90, 9, 7, 3, 4
2023/9/27, 98, 7, 6, 2, 3
2023/9/28, 89, 9, 5, 2, 3
2023/9/29, 64, 8, 5, 2, 3
2023/9/30, 47, 9, 5, 2, 4
2023/4/3, 105, 26, 30, 1, 3
2023/4/4, 136, 20, 29, 3, 5
2023/4/5, 119, 25, 27, 3, 6
2023/4/6, 140, 24, 26, 2, 4
2023/4/7, 118, 31, 26, 2, 3
2023/4/8, 133, 30, 28, 1, 2
2023/4/9, 128, 30, 28, 1, 2
2023/4/10, 121, 29, 26, 2, 3
2023/4/11, 124, 29, 28, 3, 5
2023/4/12, 140, 25, 27, 2, 5
2023/4/13, 141, 33, 29, 1, 3
2023/4/14, 148, 33, 28, 2, 4
2023/4/15, 157, 33, 30, 2, 4
2023/4/16, 151, 31, 31, 2, 4
2023/4/17, 150, 28, 30, 2, 4
2023/4/18, 142, 23, 27, 1, 3
2023/4/19, 145, 28, 28, 2, 3
2023/4/20, 153, 23, 27, 2, 4
2023/4/21, 220, 22, 27, 2, 4
2023/4/22, 82, 26, 29, 2, 4
2023/4/23, 99, 19, 29, 2, 4
2023/4/24, 101, 21, 27, 2, 5
2023/4/25, 137, 20, 30, 2, 5
2023/4/26, 149, 24, 29, 2, 5
2023/4/27, 140, 19, 29, 2, 4
2023/4/28, 140, 19, 27, 1, 3
2023/4/29, 136, 17, 24, 2, 4
2023/4/30, 141, 14, 19, 2, 4
2023/5/1, 140, 12, 18, 2, 4
2023/5/2, 101, 8, 19, 2, 3
2023/5/3, 135, 8, 19, 1, 3
2023/5/4, 110, 8, 19, 2, 5
2023/5/5, 106, 8, 23, 2, 5
2023/5/6, 116, 8, 23, , 1
2023/5/7, 147, 8, 27, , 2
2023/5/8, 144, 8, 25, 1, 2
2023/5/9, 129, 8, 27, 1, 2
2023/5/10, 128, 8, 29, 1, 2
2023/5/11, 155, 8, 30, 2, 4
2023/5/12, 150, 8, 18, 2, 4
2023/5/13, 155, 8, 20, 1, 2
2023/5/14, 153, 8, 21, 3, 6
2023/5/15, 104, 8, 18, 2, 4
2023/5/16, 162, 8, 18, 3, 6
2023/5/17, 127, 8, 17, 7, 12
2023/5/18, 94, 8, 16, 4, 8
2023/5/19, 108, , , , 
2023/5/22, 124, 8, 16, 2, 4
2023/5/23, 99, 8, 16, 2, 4
2023/5/24, 94, 8, 18, 3, 5
2023/5/25, 116, 8, 18, 5, 9
2023/5/26, 101, 8, 13, 2, 4
2023/5/27, 102, 8, 17, 3, 6
2023/5/28, 111, 8, 19, 5, 9
2023/5/29, 122, 8, 20, 3, 6
2023/5/30, 124, 8, 21, 4, 7
2023/5/31, 122, 8, 22, 3, 6
2023/6/1, 85, 8, 26, 5, 9
2023/6/2, 93, 8, 26, 3, 6
2023/6/3, 85, 18, 26, 2, 4
2023/6/4, 111, 28, 19, 4, 8
2023/6/5, 120, 20, 20, 3, 6
2023/6/6, 132, 19, 19, 1, 3
2023/6/7, 110, 26, 23, 1, 2
2023/6/8, 102, 19, 25, 1, 2
2023/6/9, 97, 22, 21, , 2
2023/6/10, 113, 20, 21, 1, 3
2023/6/11, 109, 19, 18, , 2
2023/6/12, 106, 19, 20, 1, 2
2023/6/13, 111, 17, 20, 1, 3
2023/6/14, 118, 14, 19, 3, 5
2023/6/15, 112, 14, 19, 2, 3
2023/6/16, 82, 14, 20, 1, 2
2023/6/17, 89, 10, 19, 1, 2
2023/6/18, 122, 8, 21, 1, 3
2023/6/19, 97, 9, 21, 2, 4
2023/6/20, 103, 9, 21, 2, 4
2023/6/21, 113, 7, 21, 1, 2
2023/6/22, 155, 7, 20, 1, 3
2023/6/23, 133, 9, 18, 1, 2
2023/6/24, 110, 7, 19, 1, 3
2023/6/25, 122, 7, 15, , 
2023/6/26, 207, 6, 17, 1, 2
2023/6/27, 233, 7, 15, 1, 3
2023/6/28, 116, 7, 14, 1, 3
2023/6/29, 66, 7, 12, 1, 3
2023/6/30, 92, 7, 12, 1, 3
2023/1/2, 208, 19, 25, 2, 4
2023/1/3, 178, 22, 25, 2, 5
2023/1/4, 205, 23, 26, 5, 9
2023/1/5, 198, 21, 26, 5, 9
2023/1/6, 237, 20, 25, 2, 5
2023/1/7, 247, 22, 27, 4, 7
2023/1/8, 271, 17, 27, 6, 12
2023/1/9, 280, 25, 28, 5, 10
2023/1/10, 261, 28, 28, 5, 9
2023/1/11, 262, 20, 28, 6, 11
2023/1/12, 279, 21, 29, 7, 13
2023/1/13, 244, 30, 31, 8, 16
2023/1/14, 319, 27, 27, 10, 18
2023/1/15, 232, 31, 29, 5, 10
2023/1/16, 253, 37, 32, 4, 7
2023/1/17, 241, 37, 32, 4, 7
2023/1/18, 272, 38, 32, 5, 10
2023/1/19, 295, 40, 33, 6, 11
2023/1/20, 282, 33, 33, 3, 6
2023/1/21, 256, 28, 29, 3, 7
2023/1/22, 267, 28, 30, 7, 13
2023/1/23, 241, 29, 33, 4, 8
2023/1/24, 269, 34, 33, 7, 13
2023/1/25, 276, 28, 29, 6, 11
2023/1/26, 229, 29, 28, 2, 4
2023/1/27, 173, 34, 26, 1, 3
2023/1/28, 186, 41, 32, 3, 6
2023/1/29, 219, 46, 30, 3, 6
2023/1/30, 218, 37, 23, 1, 2
2023/1/31, 184, 29, 20, 1, 2
2023/2/1, 164, 29, 21, 1, 2
2023/2/2, 178, 40, 23, 1, 2
2023/2/3, 198, 35, 27, 1, 2
2023/2/4, 213, 43, 29, 2, 3
2023/2/5, 207, 42, 28, 1, 2
2023/2/6, 203, 48, 28, 1, 2
2023/2/7, 198, 43, 28, 1, 1
2023/2/8, 200, 45, 30, , 1
2023/2/9, 158, 61, 33, 1, 1
2023/2/10, 190, 57, 37, 1, 3
2023/2/11, 190, 37, 30, 1, 3
2023/2/12, 165, 41, 26, 1, 3
2023/2/13, 128, 49, 31, 1, 3
2023/2/14, 170, 54, 33, 2, 3
2023/2/15, 194, 59, 34, 2, 5
2023/2/16, 209, 51, 32, 2, 4
2023/2/17, 180, 55, 27, 2, 5
2023/2/18, 211, 45, 30, 3, 6
2023/2/19, 194, 46, 31, 2, 5
2023/2/20, 190, 51, 31, 2, 4
2023/2/21, 190, 46, 32, 3, 5
2023/2/22, 170, 41, 32, 3, 5
2023/2/23, 150, 47, 31, 2, 3
2023/2/24, 149, 53, 30, 2, 3
2023/2/25, 150, 54, 31, 2, 4
2023/2/26, 160, 47, 32, 2, 3
2023/2/27, 162, 53, 30, 2, 3
2023/2/28, 169, 46, 31, 2, 4
2023/3/1, 156, 45, 30, 1, 3
2023/3/2, 156, 43, 29, , 1
2023/3/3, 142, 36, 25, , 1
2023/3/4, 143, 39, 26, , 
2023/3/5, 144, 36, 26, , 
2023/3/6, 127, 43, 28, , 
2023/3/7, 148, 36, 28, 4, 9
2023/3/8, 158, 43, 27, 5, 10
2023/3/9, 144, 42, 30, 5, 9
2023/3/10, 136, 42, 29, 5, 9
2023/3/11, 144, 47, 33, 5, 9
2023/3/12, 159, 48, 32, 5, 9
2023/3/13, 159, 49, 31, 5, 10
2023/3/14, 164, 43, 31, 5, 9
2023/3/15, 220, 42, 29, 5, 10
2023/3/16, 170, 31, 27, 5, 10
2023/3/17, 166, 53, 28, 5, 9
2023/3/18, 175, 23, 24, 4, 8
2023/3/19, 131, 11, 23, 5, 9
2023/3/20, 153, 25, 24, 5, 9
2023/3/21, 151, 22, 24, 5, 9
2023/3/22, 83, 23, 25, 5, 10
2023/3/23, 120, 36, 25, 5, 10
2023/3/24, 140, 27, 27, 6, 11
2023/3/25, 166, 26, 25, 5, 10
2023/3/26, 116, 25, 25, 5, 9
2023/3/27, 107, 29, 24, 5, 10
2023/3/28, 110, 32, 28, 5, 10
2023/3/29, 138, 34, 27, 5, 10
2023/3/30, 136, 16, 26, 6, 11
2023/3/31, 157, , , , 
2022/10/1, 151, 12, 18, 2, 4
2022/10/2, 147, 11, 19, 2, 5
2022/10/3, 124, 11, 18, 2, 4
2022/10/4, 71, 11, 18, 2, 4
2022/10/5, 78, 11, 18, 2, 4
2022/10/6, 79, 11, 17, 2, 4
2022/10/7, 68, 11, 19, 2, 3
2022/10/8, 86, 17, 18, 2, 4
2022/10/9, 108, 17, 22, 2, 4
2022/10/10, 97, 17, 22, 3, 7
2022/10/11, 105, 17, 20, 3, 5
2022/10/12, 102, 17, 23, 2, 5
2022/10/13, 104, 17, 27, 1, 3
2022/10/14, 110, 17, 24, 2, 4
2022/10/15, 140, 17, 26, 2, 4
2022/10/16, 128, , , , 
2022/10/24, 163, 17, 25, 2, 4
2022/10/25, 148, 17, 30, 1, 3
2022/10/26, 169, 17, 33, 2, 4
2022/10/27, 185, 17, 36, 1, 3
2022/10/28, 180, 17, 35, 2, 5
2022/10/29, 211, 17, 33, 1, 3
2022/10/30, 177, 17, 31, 1, 3
2022/10/31, 153, 17, 31, 1, 2
2022/11/1, 141, 18, 31, 1, 3
2022/11/2, 162, 17, 33, 1, 2
2022/11/3, 173, 17, 41, 2, 5
2022/11/4, 180, 17, 46, 1, 3
2022/11/5, 204, 17, 44, 1, 3
2022/11/6, 205, 17, 36, 1, 2
2022/11/7, 171, 17, 35, 2, 4
2022/11/8, 178, 18, 30, 1, 3
2022/11/9, 180, 17, 33, 1, 3
2022/11/10, 188, 18, 30, 2, 3
2022/11/11, 195, 17, 35, 2, 5
2022/11/12, 212, 20, 37, 1, 3
2022/11/13, 184, 22, 42, 1, 3
2022/11/14, 217, 20, 44, 1, 2
2022/11/15, 242, 19, 41, 2, 3
2022/11/16, 199, 19, 40, 1, 2
2022/11/17, 189, 20, 42, 3, 5
2022/11/18, 190, 26, 44, 3, 6
2022/11/19, 216, 28, 41, 1, 2
2022/11/20, 199, 26, 42, 1, 3
2022/11/21, 218, 22, 46, 1, 3
2022/11/22, 212, 21, 45, , 1
2022/11/23, 203, 26, 38, 2, 4
2022/11/24, 215, 26, 41, 2, 4
2022/11/25, 223, 26, 45, 2, 4
2022/11/26, 228, 26, 48, 1, 3
2022/11/27, 246, 21, 54, 2, 3
2022/11/28, 265, 19, 52, 2, 4
2022/11/29, 281, 19, 41, 1, 3
2022/11/30, 306, 21, 41, 4, 7
2022/12/1, 247, 36, 43, 7, 12
2022/12/2, 234, 38, 61, 9, 16
2022/12/3, 257, 42, 49, 10, 19
2022/12/4, 272, 42, 44, 5, 10
2022/12/5, 235, 45, 44, 6, 12
2022/12/6, 256, 46, 44, 9, 17
2022/12/7, 274, 52, 52, 4, 8
2022/12/8, 303, 54, 50, 6, 12
2022/12/9, 289, 50, 50, 8, 14
2022/12/10, 260, 48, 46, 4, 8
2022/12/11, 285, 47, 54, 12, 22
2022/12/12, 294, 40, 52, 8, 15
2022/12/13, 304, 40, 43, 4, 8
2022/12/14, 211, 37, 71, 4, 7
2022/12/15, 186, 33, 106, 8, 16
2022/12/16, 226, 33, 107, 10, 19
2022/12/17, 318, 38, 107, 12, 21
2022/12/18, 340, 37, 108, 8, 15
2022/12/19, 332, 38, 100, 6, 11
2022/12/20, 351, 30, 83, 7, 13
2022/12/21, 303, 41, 81, 9, 17
2022/12/22, 224, 35, 89, 11, 21
2022/12/23, 282, 21, 90, 7, 14
2022/12/24, 269, 29, 91, 8, 15
2022/12/25, 272, 26, 74, 10, 19
2022/12/26, 279, 33, 48, 7, 14
2022/12/27, 225, 29, 28, 3, 6
2022/12/28, 255, 32, 32, 4, 8
2022/12/29, 307, 22, 31, 9, 18
2022/12/30, 365, 26, 30, 13, 25
2022/12/31, 367, 18, 28, 8, 15
2023/1/1, 326, 21, 26, 3, 6
2022/7/1, 108, 15, 21, , 11
2022/7/2, 108, 7, 26, , 7
2022/7/3, 111, 7, 27, , 8
2022/7/4, 131, 11, 31, , 12
2022/7/5, 116, 10, 28, , 7
2022/7/6, 75, 12, 28, , 11
2022/7/7, 86, 8, 30, , 8
2022/7/8, 98, 7, 29, , 8
2022/7/9, 75, 10, 28, , 9
2022/7/10, 76, 12, 31, , 10
2022/7/11, 69, 11, 28, , 9
2022/7/12, 72, 6, 22, , 10
2022/7/13, 87, 8, 21, , 8
2022/7/14, 80, 6, 23, , 8
2022/7/15, 78, 6, 22, , 10
2022/7/16, 86, 9, 26, , 8
2022/7/17, 79, 5, 26, , 9
2022/7/18, 85, 5, 30, , 9
2022/7/19, 97, 7, 27, , 10
2022/7/20, 110, 17, 21, 2, 10
2022/7/21, 114, 26, 19, 2, 7
2022/7/22, 108, 30, 20, 1, 8
2022/7/23, 98, 27, 20, 1, 9
2022/7/24, 83, 23, 21, 3, 10
2022/7/25, 88, 28, 20, 2, 8
2022/7/26, 104, 24, 18, 4, 12
2022/7/27, 86, 35, 16, 3, 9
2022/7/28, 100, 28, 17, 2, 21
2022/7/29, 100, 31, 17, 1, 8
2022/7/30, 102, 22, 19, , 9
2022/7/31, 75, 29, 16, 2, 14
2022/8/1, 79, 32, 19, 3, 13
2022/8/2, 109, 28, 21, 3, 9
2022/8/3, 108, 30, 22, 4, 22
2022/8/4, 128, 28, 21, 3, 7
2022/8/5, 119, 28, 19, 3, 7
2022/8/6, 119, 35, 20, 4, 12
2022/8/7, 92, 28, 22, 3, 6
2022/8/8, 80, 27, 21, 2, 15
2022/8/9, 59, 22, 21, 2, 16
2022/8/10, 57, 25, 22, 2, 6
2022/8/11, 50, 27, 23, 3, 7
2022/8/12, 67, 32, 25, 3, 11
2022/8/13, 106, 23, 20, 2, 8
2022/8/14, 52, 23, 18, 3, 14
2022/8/15, 50, 29, 19, 2, 11
2022/8/16, 76, 23, 16, 2, 14
2022/8/17, 105, 20, 15, 2, 6
2022/8/18, 72, 21, 15, 3, 3
2022/8/19, 39, 21, 14, 3, 6
2022/8/20, 62, 21, 15, 2, 4
2022/8/21, 69, 25, 16, 2, 5
2022/8/22, 98, 26, 16, 1, 3
2022/8/23, 113, 26, 17, 2, 5
2022/8/24, 102, 23, 18, 3, 6
2022/8/25, 112, 29, 15, 1, 3
2022/8/26, 127, 23, 15, 2, 4
2022/8/27, 110, 19, 17, 2, 4
2022/8/28, 80, 22, 19, 3, 5
2022/8/29, 122, 21, 18, 2, 4
2022/8/30, 152, 17, 16, 1, 3
2022/8/31, 133, 25, 15, 2, 4
2022/9/1, 129, 22, 15, 1, 3
2022/9/2, 119, 17, 14, 3, 5
2022/9/3, 90, 23, 16, 2, 5
2022/9/4, 105, 22, 17, , 2
2022/9/5, 101, 15, 19, 3, 6
2022/9/6, 127, 15, 20, 1, 3
2022/9/7, 151, 14, 18, 2, 5
2022/9/8, 135, 15, 18, 2, 4
2022/9/9, 113, 17, 18, 1, 3
2022/9/10, 112, 14, 18, 2, 5
2022/9/11, 73, 13, 13, 1, 3
2022/9/12, 80, 13, 15, 2, 5
2022/9/13, 76, 11, 16, 3, 6
2022/9/14, 102, 12, 16, 2, 5
2022/9/15, 85, 14, 15, 2, 4
2022/9/16, 81, 12, 16, 2, 5
2022/9/17, 67, 14, 16, 3, 5
2022/9/18, 94, 13, 18, 2, 5
2022/9/19, 112, 13, 19, 1, 3
2022/9/20, 81, 13, 18, 2, 4
2022/9/21, 76, 14, 17, 2, 5
2022/9/22, 106, 13, 19, 1, 3
2022/9/23, 123, 12, 20, 2, 5
2022/9/24, 120, 13, 18, 1, 3
2022/9/25, 138, 12, 18, 2, 4
2022/9/26, 135, 12, 18, 2, 4
2022/9/27, 130, 11, 18, 2, 4
2022/9/28, 115, 11, 18, 2, 5
2022/9/29, 119, 11, 19, 3, 5
2022/9/30, 117, 12, 21, 1, 2
2022/4/1, 187, 11, 33, 3, 16
2022/4/2, 174, 22, 32, 3, 15
2022/4/3, 177, 13, 48, 3, 21
2022/4/4, 180, 12, 71, 3, 25
2022/4/5, 196, 15, 55, 2, 20
2022/4/6, 189, 14, 36, , 13
2022/4/7, 173, 17, 32, , 12
2022/4/8, 173, 19, 28, , 12
2022/4/9, 168, 17, 25, , 10
2022/4/10, 159, 17, 26, , 13
2022/4/11, 145, 10, 28, , 14
2022/4/12, 156, 18, 32, , 16
2022/4/13, 177, 8, 27, 50, 8
2022/4/14, 169, 9, 52, , 15
2022/4/15, 159, 6, 62, , 19
2022/4/16, 163, 11, 61, , 20
2022/4/17, 177, 12, 62, 4, 20
2022/4/18, 183, 8, 31, 3, 13
2022/4/19, 161, 9, 39, 14, 17
2022/4/20, 114, 11, 37, 10, 14
2022/4/21, 133, 11, 38, 10, 13
2022/4/22, 163, 12, 46, 10, 14
2022/4/23, 169, 7, 53, 10, 18
2022/4/24, 166, 9, 54, 7, 16
2022/4/25, 170, 8, 62, 2, 24
2022/4/26, 187, 57, 50, , 20
2022/4/27, 211, 2, 37, , 14
2022/4/28, 167, 6, 34, , 15
2022/4/29, 166, 12, 39, , 13
2022/4/30, 156, 10, 37, , 13
2022/5/1, 142, 8, 42, , 12
2022/5/2, 154, 9, 36, , 11
2022/5/3, 108, 10, 32, , 10
2022/5/4, 122, 9, 32, , 13
2022/5/5, 114, 9, 35, , 13
2022/5/6, 150, 13, 36, , 13
2022/5/7, 146, 9, 40, , 12
2022/5/8, 152, 10, 43, , 14
2022/5/9, 132, 9, 32, , 13
2022/5/10, 101, 11, 29, , 11
2022/5/11, 127, 9, 27, , 15
2022/5/12, 124, 10, 29, , 16
2022/5/13, 155, 10, 26, , 14
2022/5/14, 123, 10, 30, , 15
2022/5/15, 157, 12, 29, , 14
2022/5/16, 155, 13, 31, , 16
2022/5/17, 137, 7, 30, , 14
2022/5/18, 153, 15, 33, , 14
2022/5/19, 155, 8, 33, , 13
2022/5/20, 138, 11, 31, , 13
2022/5/21, 115, 12, 39, , 11
2022/5/22, 111, 11, 42, , 13
2022/5/23, 132, 10, 41, , 13
2022/5/24, 138, 10, 40, , 13
2022/5/25, 127, 8, 38, , 12
2022/5/26, 132, 12, 41, , 14
2022/5/27, 137, 9, 34, , 13
2022/5/28, 152, 9, 33, , 13
2022/5/29, 128, 7, 29, , 16
2022/5/30, 159, 8, 28, , 16
2022/5/31, 160, 10, 28, , 16
2022/6/1, 161, 12, 26, , 15
2022/6/2, 155, 9, 27, , 16
2022/6/3, 157, 10, 23, , 15
2022/6/4, 154, 11, 25, , 14
2022/6/5, 151, 11, 25, , 16
2022/6/6, 144, 12, 24, , 16
2022/6/7, 147, 9, 24, , 15
2022/6/8, 152, 9, 25, , 16
2022/6/9, 134, 13, 25, , 15
2022/6/10, 144, 10, 25, , 16
2022/6/11, 149, 12, 25, , 10
2022/6/12, 152, 9, 27, , 12
2022/6/13, 138, 8, 25, , 9
2022/6/14, 142, 3, 27, , 9
2022/6/15, 134, 2, 28, , 9
2022/6/16, 102, 2, 30, , 10
2022/6/17, 97, 3, 22, , 8
2022/6/18, 89, 5, 23, , 11
2022/6/19, 72, 7, 24, , 12
2022/6/20, 80, 7, 27, , 12
2022/6/21, 88, 7, 33, , 10
2022/6/22, 135, 7, 34, , 13
2022/6/23, 136, 7, 29, , 9
2022/6/24, 141, 11, 21, , 7
2022/6/25, 108, 6, 23, , 11
2022/6/26, 120, 9, 22, , 11
2022/6/27, 114, 8, 24, , 10
2022/6/28, 126, 7, 22, , 9
2022/6/29, 98, 11, 23, , 12
2022/6/30, 128, 13, 21, , 6
2022/1/3, 283, , 45, , 19
2022/1/4, 361, , 49, , 15
2022/1/5, 278, , 44, , 17
2022/1/6, 310, , 43, , 11
2022/1/7, 231, , 44, , 9
2022/1/8, 182, , 44, , 7
2022/1/9, 173, , 45, , 12
2022/1/10, 183, , 38, , 14
2022/1/11, 227, , 40, , 8
2022/1/12, 179, , 43, , 10
2022/1/13, 185, , 50, , 13
2022/1/14, 219, , 39, , 11
2022/1/15, 190, , 36, , 5
2022/1/16, 187, , 42, , 8
2022/1/17, 214, , 44, , 12
2022/1/18, 238, , 36, 52, 7
2022/1/19, 221, 4, 39, 3, 13
2022/1/20, 267, 2, 52, 3, 20
2022/1/21, 302, 5, 56, 3, 14
2022/1/22, 262, 3, 51, 3, 9
2022/1/23, 207, 3, 48, 2, 10
2022/1/24, 222, 7, 45, 3, 9
2022/1/25, 214, 8, 45, 53, 6
2022/1/26, 174, 10, 39, 3, 4
2022/1/27, 176, 5, 43, 3, 7
2022/1/28, 208, 5, 44, 5, 12
2022/1/29, 242, 5, 45, 4, 9
2022/1/30, 223, 5, 53, 12, 13
2022/1/31, 292, 4, 58, 5, 14
2022/2/1, 275, 5, 54, 4, 13
2022/2/2, 250, 4, 50, 32, 10
2022/2/3, 210, 4, 49, 7, 5
2022/2/4, 153, , 40, 3, 4
2022/2/5, 129, , 36, 14, 6
2022/2/6, 174, 5, 39, 9, 9
2022/2/7, 208, , 45, 15, 6
2022/2/8, 206, , 58, 12, 3
2022/2/9, 203, , 61, 6, 
2022/2/10, 206, , 49, 8, 4
2022/2/11, 157, , 49, 55, 10
2022/2/12, 168, , 58, 36, 15
2022/2/13, 203, 9, 51, 6, 22
2022/2/14, 223, 8, 55, 3, 25
2022/2/15, 250, 6, 57, 3, 19
2022/2/16, 222, 5, 61, 3, 17
2022/2/17, 208, 5, 69, 3, 16
2022/2/18, 176, 7, 65, 3, 17
2022/2/19, 168, 6, 45, 3, 15
2022/2/20, 154, 9, 44, 3, 16
2022/2/21, 153, 11, 52, 9, 18
2022/2/22, 197, 216, 59, 3, 17
2022/2/23, 178, 45, 62, 3, 19
2022/2/24, 187, 16, 57, 3, 17
2022/2/25, 200, 9, 58, 3, 17
2022/2/26, 193, 38, 52, 3, 19
2022/2/27, 194, 37, 49, 3, 18
2022/2/28, 175, 67, 49, 3, 17
2022/3/1, 176, 109, 52, 3, 17
2022/3/2, 183, 18, 61, 3, 16
2022/3/3, 181, 20, 61, 2, 15
2022/3/4, 177, 11, 45, 3, 14
2022/3/5, 167, 30, 49, 2, 15
2022/3/6, 173, 15, 53, 3, 13
2022/3/7, 217, 5, 46, 1, 16
2022/3/8, 166, 45, 55, , 17
2022/3/9, 180, 8, 56, 2, 18
2022/3/10, 181, 14, 47, 5, 17
2022/3/11, 175, 23, 33, , 15
2022/3/12, 170, 17, 43, , 15
2022/3/13, 177, , 46, 1, 17
2022/3/14, 179, , 58, 1, 21
2022/3/15, 184, 46, 24, 1, 24
2022/3/16, 94, , 29, 3, 15
2022/3/17, 208, , 25, 2, 21
2022/3/18, 233, , 28, 2, 21
2022/3/19, 185, , 29, 2, 11
2022/3/20, 191, , 29, 56, 6
2022/3/21, 196, , 27, 2, 12
2022/3/22, 179, , 37, 2, 15
2022/3/23, 186, , 36, 2, 7
2022/3/24, 167, , 40, 1, 12
2022/3/25, 166, , 39, 1, 11
2022/3/26, 148, , 50, 3, 18
2022/3/27, 164, , 39, 2, 23
2022/3/28, 191, 40, 31, 2, 21
2022/3/29, 195, 42, 35, 3, 20
2022/3/30, 180, 32, 32, 3, 24
2022/3/31, 186, 9, 31, 3, 21
2021/11/22, 187, , 46, , 7
2021/11/23, 209, , 62, , 17
2021/11/24, 219, , 73, , 21
2021/11/25, 252, , 66, , 18
2021/11/26, 298, , 67, , 15
2021/11/27, 280, , 57, , 26
2021/11/28, 323, , 47, , 12
2021/11/29, 302, , 65, , 21
2021/11/30, 228, , 73, , 27
2021/12/1, 238, , 67, , 25
2021/12/2, 277, , 69, , 24
2021/12/3, 289, , 64, , 14
2021/12/4, 265, , 58, , 
2021/12/5, 197, , 54, , 18
2021/12/6, 201, , 49, , 9
2021/12/7, 204, , 56, , 12
2021/12/8, 225, , 61, , 15
2021/12/9, 184, , 52, , 6
2021/12/10, 196, , 46, , 13
2021/12/11, 219, , 51, , 7
2021/12/12, 249, , 56, , 16
2021/12/13, 271, , 55, , 20
2021/12/14, 290, , 48, , 16
2021/12/15, 266, , 48, , 14
2021/12/16, 245, , 47, , 13
2021/12/17, 234, , 39, , 8
2021/12/18, 189, , 39, , 7
2021/12/19, 197, , 47, , 15
2021/12/20, 284, , 45, , 14
2021/12/21, 265, , 50, , 18
2021/12/22, 303, , 53, , 25
2021/12/23, 238, , 58, , 24
2021/12/24, 236, , 51, , 14
2021/12/25, 257, , 55, , 13
2021/12/26, 278, , 58, , 16
2021/12/27, 209, , 53, , 10
2021/12/28, 179, , 41, , 7
2021/12/29, 158, , 36, , 7
2021/12/30, 129, , 35, , 5
2021/12/31, 156, , 36, , 7
2022/1/1, 177, , 44, , 8
2022/1/2, 200, , 40, , 16
2021/7/1, 129, , 61, , 6
2021/7/2, 98, , 59, , 3
2021/7/3, 104, , 71, , 2
2021/7/4, 114, , 90, , 6
2021/7/5, 134, , 89, , 4
2021/7/6, 127, , 88, , 6
2021/7/7, 134, , , , 5
2021/7/8, 114, , , , 4
2021/7/9, 112, , 28, , 
2021/7/10, 135, , 82, , 
2021/7/11, 107, , 79, , 
2021/7/12, 93, , 75, , 5
2021/7/13, 100, , 58, , 
2021/7/14, 77, , 72, , 
2021/7/15, 82, , 67, , 
2021/7/16, 87, , 72, , 
2021/7/17, 83, , 57, , 
2021/7/18, 88, , 62, , 
2021/7/19, 108, , 66, , 
2021/7/20, 79, , 66, , 
2021/7/21, 86, , , , 
2021/7/22, 85, , , , 
2021/7/26, 142, , 63, , 
2021/7/27, 89, , 52, , 
2021/7/28, 79, , 51, , 
2021/7/29, 68, , 53, , 
2021/7/30, 51, , 43, , 
2021/7/31, 91, , 42, , 
2021/8/1, 85, , 56, , 
2021/8/2, 86, , 53, , 
2021/8/3, 66, , 57, , 
2021/8/4, 88, , , , 
2021/8/21, 79, , , , 
2021/8/23, 86, , , , 
2021/8/26, 106, , 46, , 
2021/8/27, 99, , 47, , 
2021/8/28, 72, , , , 
2021/8/30, 95, , 37, , 
2021/8/31, 76, , , , 
2021/4/1, 102, , 40, 7, 11
2021/4/2, 114, , 47, 7, 15
2021/4/3, 139, , 51, 6, 
2021/4/4, 147, , 55, 7, 
2021/4/6, 156, , 40, 7, 25
2021/4/7, 163, , 37, 7, 29
2021/4/8, 176, , 33, 7, 25
2021/4/9, 178, , , , 
2021/4/13, 160, , 40, 7, 17
2021/4/14, 166, , 30, 7, 25
2021/4/15, 176, , 29, 7, 
2021/4/16, 170, , 27, 7, 
2021/4/17, 151, , 28, 7, 
2021/4/18, 131, , 34, 7, 
2021/4/19, 140, , 37, 7, 
2021/4/20, 176, , 27, 7, 
2021/4/21, 159, , 25, 7, 
2021/4/22, 134, , 31, 7, 
2021/4/23, 152, , , , 
2021/4/25, 172, , 41, 8, 20
2021/4/26, 160, , 41, 7, 
2021/4/27, 176, , 42, 11, 
2021/4/28, 169, , 27, 7, 
2021/4/29, 158, , 26, 7, 
2021/4/30, 145, , 25, 7, 
2021/5/1, 141, , 27, 7, 
2021/5/2, 131, , 25, 7, 
2021/5/3, 143, , 25, 7, 
2021/5/4, 118, , 24, 7, 
2021/5/5, 136, , 26, 7, 
2021/5/6, 134, , 26, 7, 
2021/5/7, 112, , 25, 11, 17
2021/5/8, 131, , 25, 7, 
2021/5/9, 128, , 27, 7, 
2021/5/10, 93, , 26, 7, 
2021/5/11, 138, , 18, 7, 17
2021/5/12, 99, , 16, , 
2021/5/13, 117, , 19, , 
2021/5/14, 135, , 21, , 24
2021/5/15, 136, , 22, , 
2021/5/16, 163, , 22, , 18
2021/5/17, 164, , 20, , 13
2021/5/18, 130, , 18, , 
2021/5/19, 115, , 11, , 
2021/5/20, 71, , 8, , 
2021/5/21, 98, , , , 
2021/5/23, 87, , 21, , 20
2021/5/24, 129, , 20, , 16
2021/5/25, 125, , 16, , 
2021/5/26, 66, , , , 
2021/5/27, 70, , , , 
2021/6/21, 101, , 106, , 
2021/6/22, 98, , 108, , 
2021/6/23, 131, , 109, , 
2021/6/24, 125, , 111, , 
2021/6/25, 139, , 96, , 
2021/6/26, 85, , , , 
2021/6/28, 149, , 104, , 
2021/6/29, 139, , 103, , 
2021/6/30, 140, , 39, , 
2021/1/4, 301, 27, 52, 9, 28
2021/1/5, 312, 26, 48, 10, 25
2021/1/6, 281, 26, 46, 9, 22
2021/1/7, 207, 24, 45, 9, 25
2021/1/8, 206, 26, 42, 9, 20
2021/1/9, 251, 24, 39, 10, 20
2021/1/10, 195, 25, 40, 10, 20
2021/1/11, 182, 24, 43, 10, 19
2021/1/12, 202, 24, 47, 10, 21
2021/1/13, 231, 26, 48, 9, 21
2021/1/14, 295, 24, 47, 11, 21
2021/1/15, 235, 27, 44, 9, 20
2021/1/16, 237, 26, 45, 10, 21
2021/1/17, 244, 24, 41, 10, 24
2021/1/18, 249, 27, 41, 10, 23
2021/1/19, 246, 61, 39, 10, 29
2021/1/20, 301, 24, 39, 10, 26
2021/1/21, 245, 23, 38, 10, 28
2021/1/22, 275, 27, 36, 10, 25
2021/1/23, 250, 23, 42, 10, 23
2021/1/24, 234, 71, 44, 8, 23
2021/1/25, 204, 23, 44, 7, 20
2021/1/26, 205, 24, 44, 7, 24
2021/1/27, 210, 23, 48, 7, 24
2021/1/28, 214, 25, 45, 7, 23
2021/1/29, 213, 26, 47, 7, 22
2021/1/30, 230, 24, 54, 14, 27
2021/1/31, 276, 24, 55, 12, 27
2021/2/1, 281, 23, 55, 10, 30
2021/2/2, 331, 23, 56, 7, 35
2021/2/3, 314, 24, 63, 7, 37
2021/2/4, 294, 25, 65, 7, 21
2021/2/5, 230, 25, 44, 7, 21
2021/2/6, 178, 25, 43, 8, 18
2021/2/7, 185, 23, 50, 7, 19
2021/2/8, 184, 25, 58, 7, 22
2021/2/9, 198, 24, 55, 7, 31
2021/2/10, 258, 24, 57, 8, 29
2021/2/11, 293, 23, 53, 11, 31
2021/2/12, 302, 23, 45, 7, 31
2021/2/13, 292, 25, 46, 7, 24
2021/2/14, 256, 23, 51, 7, 23
2021/2/15, 215, 24, 56, 7, 25
2021/2/16, 233, 24, 58, 7, 24
2021/2/17, 219, 24, 58, 7, 26
2021/2/18, 242, 24, 51, 7, 30
2021/2/19, 256, 24, 54, 7, 21
2021/2/20, 198, 25, 58, 7, 19
2021/2/21, 196, 23, 55, 7, 22
2021/2/22, 199, 24, 48, 7, 21
2021/2/23, 197, 22, 44, 7, 20
2021/2/24, 199, 23, 43, 8, 16
2021/2/25, 173, 24, 42, 7, 16
2021/2/26, 160, 24, 39, 7, 14
2021/2/27, 147, 22, 40, 7, 14
2021/2/28, 162, 22, 43, 7, 14
2021/3/1, 154, 23, 45, 7, 14
2021/3/2, 147, 23, 49, 7, 13
2021/3/3, 156, , , , 
2021/3/27, 157, , 43, 7, 9
2021/3/28, 157, , , , 
2021/3/31, 176, , 35, 7, 25
2020/10/1, 170, 5, 2, 6, 13
2020/10/2, 161, 4, 2, 6, 9
2020/10/3, 136, 4, 2, 6, 10
2020/10/4, 118, 4, 2, 8, 9
2020/10/5, 139, 4, 1, 9, 7
2020/10/6, 136, 4, 3, 5, 12
2020/10/7, 147, 4, 3, 6, 10
2020/10/8, 155, 4, 3, 6, 16
2020/10/9, 166, 4, 3, 6, 8
2020/10/10, 167, 4, 2, 6, 10
2020/10/11, 167, 10, 3, 10, 13
2020/10/12, 175, 14, , 7, 11
2020/10/13, 167, 12, , 5, 7
2020/10/14, 171, 7, , 5, 6
2020/10/15, 173, 12, , 6, 8
2020/10/16, 178, 13, , 5, 14
2020/10/17, 179, 8, , 5, 11
2020/10/18, 171, 17, , 6, 17
2020/10/19, 180, 16, , 6, 17
2020/10/20, 186, 11, , 6, 15
2020/10/21, 196, 11, , 5, 14
2020/10/22, 176, 11, , 6, 12
2020/10/23, 153, 11, , 6, 14
2020/10/24, 162, 11, , 6, 14
2020/10/25, 178, 11, , 5, 14
2020/10/26, 185, 11, , 6, 18
2020/10/27, 198, 11, , 6, 16
2020/10/28, 187, 21, , 5, 17
2020/10/29, 179, 14, , 5, 15
2020/10/30, 175, 15, , 5, 16
2020/10/31, 169, 17, , 5, 18
2020/11/1, 180, 59, , 6, 17
2020/11/2, 216, 44, , 5, 16
2020/11/3, 194, 38, , 7, 16
2020/11/4, 183, 31, , 11, 21
2020/11/5, 236, 24, 8, 10, 21
2020/11/6, 224, 23, , 6, 24
2020/11/7, 270, 24, 20, 13, 30
2020/11/8, 287, 25, 34, 10, 25
2020/11/9, 224, 25, 45, 16, 26
2020/11/10, 196, 24, 40, 9, 22
2020/11/11, 166, 25, 49, 10, 29
2020/11/12, 179, 26, 55, 12, 29
2020/11/13, 201, 24, 48, 10, 23
2020/11/14, 259, 25, 42, 9, 25
2020/11/15, 249, 23, 45, 9, 23
2020/11/16, 209, 24, 44, 9, 17
2020/11/17, 145, 25, 45, 9, 17
2020/11/18, 172, 24, 48, 10, 21
2020/11/19, 229, 24, 50, 9, 25
2020/11/20, 215, 23, 47, 10, 16
2020/11/21, 176, 24, 55, 9, 23
2020/11/22, 193, 25, 61, 10, 34
2020/11/23, 215, 24, 79, 10, 27
2020/11/24, 242, 25, 82, 9, 41
2020/11/25, 282, 24, 73, 9, 36
2020/11/26, 277, 25, 59, 9, 28
2020/11/27, 281, 25, 54, 10, 24
2020/11/28, 271, 23, 52, 10, 22
2020/11/29, 220, 23, 55, 9, 23
2020/11/30, 255, 24, 61, 9, 27
2020/12/1, 256, 23, 57, 9, 22
2020/12/2, 294, 24, 56, 14, 42
2020/12/3, 381, 25, 51, 9, 29
2020/12/4, 425, 24, 51, 9, 41
2020/12/5, 416, 24, 51, 9, 41
2020/12/6, 373, 24, 49, 10, 36
2020/12/7, 341, 25, 37, 10, 30
2020/12/8, 247, 24, 41, 9, 27
2020/12/9, 209, 24, 44, 10, 34
2020/12/10, 272, 26, 41, 10, 38
2020/12/11, 265, 24, 40, 10, 31
2020/12/12, 288, 24, 36, 9, 27
2020/12/13, 244, 23, 39, 9, 23
2020/12/14, 190, 24, 46, 9, 20
2020/12/15, 204, 24, 49, 10, 21
2020/12/16, 264, 24, 49, 9, 17
2020/12/17, 198, 25, 52, 9, 16
2020/12/18, 209, 24, 60, 10, 21
2020/12/19, 279, 24, 62, 7, 23
2020/12/20, 351, 24, 52, 11, 27
2020/12/21, 350, 24, 49, 12, 25
2020/12/22, 308, 24, 45, 10, 39
2020/12/23, 263, 24, 44, 8, 40
2020/12/24, 302, 24, 45, 9, 29
2020/12/25, 294, 24, 43, 9, 25
2020/12/26, 259, 25, 44, 9, 31
2020/12/27, 296, 25, 50, 9, 40
2020/12/28, 340, 25, 49, 9, 31
2020/12/29, 344, 23, 44, 9, 30
2020/12/30, 372, 26, 49, 10, 23
2020/12/31, 254, 26, 46, 10, 22
2021/1/1, 271, 24, 50, 9, 29
2021/1/2, 308, 25, 51, 10, 30
2021/1/3, 322, 23, 55, 8, 29
2020/7/1, 156, 31, 13, , 14
2020/7/2, 147, 23, 10, , 14
2020/7/3, 127, 31, 9, , 14
2020/7/4, 113, 40, 8, , 11
2020/7/5, 94, 49, 7, , 11
2020/7/6, 85, 41, 6, , 12
2020/7/7, 97, 41, 5, , 13
2020/7/8, 124, 89, 5, , 10
2020/7/9, 86, 71, 4, , 8
2020/7/10, 87, 93, 4, , 8
2020/7/11, 86, 54, 4, , 7
2020/7/12, 93, 32, 4, , 8
2020/7/13, 79, 33, 4, , 13
2020/7/14, 106, 38, 4, , 10
2020/7/15, 103, 37, 4, , 9
2020/7/16, 105, 37, 4, , 9
2020/7/17, 98, 31, 4, , 9
2020/7/18, 114, 21, 4, , 9
2020/7/19, 113, 59, 4, 2, 10
2020/7/20, 73, , , , 
2020/7/28, 72, 34, 3, , 7
2020/7/29, 109, 21, 3, , 8
2020/7/30, 122, 29, 2, , 8
2020/7/31, 121, 32, 3, , 11
2020/8/1, 126, 39, 3, , 7
2020/8/2, 111, 24, 3, , 7
2020/8/3, 126, 27, 3, , 8
2020/8/4, 111, 26, 4, , 12
2020/8/5, 124, , , , 
2020/8/8, 116, 61, 17, , 16
2020/8/9, 124, 66, 18, , 8
2020/8/10, 111, 43, 19, , 4
2020/8/11, 113, 39, 21, , 5
2020/8/12, 83, 8, 7, , 3
2020/8/13, 105, 3, 5, , 3
2020/8/14, 95, 6, 3, , 2
2020/8/15, 95, 5, 2, , 3
2020/8/16, 78, 8, 5, , 5
2020/8/17, 97, 28, 5, , 10
2020/8/18, 108, 30, 4, , 9
2020/8/19, 93, 25, 2, , 8
2020/8/20, 67, 26, 2, , 9
2020/8/21, 59, 32, 2, , 9
2020/8/22, 95, 31, 2, , 10
2020/8/23, 116, 32, 4, , 8
2020/8/24, 101, 26, 6, 1, 9
2020/8/25, 91, 14, 8, 1, 9
2020/8/26, 94, 22, 6, 9, 9
2020/8/27, 89, 16, 6, , 12
2020/8/28, 100, 21, 6, , 9
2020/8/29, 108, 15, 4, , 9
2020/8/30, 105, 16, 11, , 8
2020/8/31, 119, 20, 18, , 3
2020/9/1, 103, 23, 15, 9, 4
2020/9/2, 93, 23, 8, 16, 3
2020/9/3, 127, 21, 10, 11, 3
2020/9/4, 133, 23, 5, 11, 4
2020/9/5, 157, 24, 1, 12, 4
2020/9/6, 126, 22, 4, 16, 4
2020/9/7, 110, 18, 4, 8, 5
2020/9/8, 123, 20, 4, 5, 4
2020/9/9, 138, 19, 3, 12, 4
2020/9/10, 122, 19, 2, 11, 4
2020/9/11, 123, 22, 2, 10, 4
2020/9/12, 155, 1, 1, 10, 4
2020/9/13, 157, 25, 1, 8, 6
2020/9/14, 152, 16, 5, 8, 3
2020/9/15, 131, 15, 6, 6, 4
2020/9/16, 134, 9, 11, 8, 9
2020/9/17, 124, 13, 9, 5, 16
2020/9/18, 133, 16, 8, 6, 15
2020/9/19, 136, 13, 6, 5, 10
2020/9/20, 138, 6, 6, 6, 18
2020/9/21, 117, 12, 7, 7, 6
2020/9/22, 85, 9, 3, 15, 11
2020/9/23, 72, 7, 2, 11, 10
2020/9/24, 95, 16, 3, 6, 10
2020/9/25, 88, 8, 4, 6, 8
2020/9/26, 89, 20, 2, 6, 9
2020/9/27, 109, 15, 2, 6, 9
2020/9/28, 138, 16, 1, 6, 10
2020/9/29, 164, 17, 1, 6, 3
2020/9/30, 169, 16, 1, 6, 6
2020/4/1, 154, , 45, 7, 15
2020/4/2, 147, , 63, 7, 15
2020/4/3, 123, , 65, 7, 16
2020/4/4, 141, , 69, 7, 13
2020/4/5, 143, , 69, 7, 14
2020/4/6, 138, , 69, 7, 14
2020/4/7, 135, , 68, 7, 15
2020/4/8, 150, , 70, 9, 14
2020/4/9, 149, , 66, 8, 15
2020/4/10, 159, , , , 
2020/6/17, 120, , 50, , 22
2020/6/18, 122, , , , 
2020/6/22, 104, 20, 32, , 24
2020/6/23, 113, 16, 30, 2, 20
2020/6/24, 118, , 31, 2, 24
2020/6/25, 121, 15, 25, , 19
2020/6/26, 89, 12, 23, , 23
2020/6/27, 95, 2, 14, , 15
2020/6/28, 106, 6, 20, , 19
2020/6/29, 107, 37, 26, , 16
2020/6/30, 139, 45, 23, , 15
2020/1/1, 373, 22, 1, 5, 
2020/1/2, 349, 15, 1, 4, 20
2020/1/3, 257, 9, 1, 5, 9
2020/1/4, 199, , , , 
2020/1/6, 289, 16, 1, 3, 18
2020/1/7, 314, 21, 1, 3, 19
2020/1/8, 299, 16, 1, 3, 11
2020/1/9, 201, 11, 1, 3, 10
2020/1/10, 185, 54, 1, 3, 11
2020/1/11, 201, 24, 3, 9, 12
2020/1/12, 242, 37, 11, 6, 30
2020/1/13, 316, 58, 1, 10, 23
2020/1/14, 256, 10, 9, 6, 19
2020/1/15, 292, 10, 2, 5, 10
2020/1/16, 228, 13, 2, 6, 10
2020/1/17, 242, 9, 1, 6, 5
2020/1/18, 186, 39, 1, 6, 2
2020/1/19, 179, 409, 1, 6, 7
2020/1/20, 182, 403, 18, 9, 15
2020/1/21, 236, 22, 19, 6, 14
2020/1/22, 232, 17, 11, 6, 10
2020/1/23, 210, 16, 9, 9, 7
2020/1/24, 171, 34, 7, 7, 9
2020/1/25, 227, 41, 5, 7, 13
2020/1/26, 273, 17, 3, 7, 15
2020/1/27, 277, 8, 2, 7, 12
2020/1/28, 284, 13, 1, 6, 20
2020/1/29, 284, 8, 1, 6, 12
2020/1/30, 284, 17, 2, 7, 6
2020/1/31, 171, 18, 2, 6, 8
2020/2/1, 190, 28, 2, 7, 5
2020/2/2, 173, 14, 2, 7, 11
2020/2/3, 208, 12, 1, 6, 16
2020/2/4, 245, 9, 1, 6, 12
2020/2/5, 204, 18, 1, 7, 11
2020/2/6, 212, , , , 
2020/2/8, 158, 8, 16, 34, 22
2020/2/9, 200, 3, 7, 6, 18
2020/2/10, 196, 8, 12, 9, 13
2020/2/11, 271, 8, 8, 4, 15
2020/2/12, 170, 7, 6, 2, 19
2020/2/13, 178, 5, 3, 2, 15
2020/2/14, 176, 16, 8, 17, 2
2020/2/15, 140, , , , 
2020/2/18, 150, , 30, 10, 13
2020/2/19, 185, , 14, 1, 3
2020/2/20, 210, , 12, 21, 7
2020/2/21, 218, , 7, 2, 13
2020/2/22, 166, , 7, 2, 9
2020/2/23, 184, , 5, 2, 12
2020/2/24, 144, , 11, 6, 9
2020/2/25, 141, , 9, 2, 9
2020/2/26, 149, , 8, 2, 11
2020/2/27, 176, , 5, 2, 7
2020/2/28, 191, , , , 
2020/3/5, 175, , 12, 2, 9
2020/3/6, 138, , 37, 6, 13
2020/3/7, 152, , 56, 9, 16
2020/3/8, 148, , 60, 9, 15
2020/3/9, 149, , 57, 9, 17
2020/3/10, 212, , 56, 12, 17
2020/3/11, 168, , 53, 9, 18
2020/3/12, 159, , 39, 11, 9
2020/3/13, 167, , 20, 9, 6
2020/3/14, 127, , 21, 9, 5
2020/3/15, 142, , 22, 9, 9
2020/3/16, 153, , 41, 11, 14
2020/3/17, 155, , 69, 7, 15
2020/3/18, 160, , 77, 7, 15
2020/3/19, 161, , 67, 8, 19
2020/3/20, 151, , 75, 7, 20
2020/3/21, 184, , 64, 6, 16
2020/3/22, 168, , 66, 10, 17
2020/3/23, 137, , , , 
2020/3/31, 160, , 64, 7, 14
2019/10/1, 90, , 28, 30, 8
2019/10/2, 119, , 22, 29, 10
2019/10/3, 128, , 28, 27, 13
2019/10/4, 123, , 38, 26, 15
2019/10/5, 151, , 22, 24, 12
2019/10/6, 153, , 11, 23, 12
2019/10/7, 132, , , , 
2019/10/9, 121, , 20, 28, 13
2019/10/10, 131, 16, 27, 28, 13
2019/10/11, 145, 25, 22, 29, 15
2019/10/12, 150, 19, 12, 29, 9
2019/10/13, 160, , , , 
2019/10/15, 168, 21, 10, 29, 29
2019/10/16, 177, 33, 10, 30, 25
2019/10/17, 194, 29, 16, 27, 24
2019/10/18, 205, 29, 21, 36, 9
2019/10/19, 190, 25, 9, 36, 10
2019/10/20, 158, 32, 6, 34, 10
2019/10/21, 207, 65, 11, 26, 10
2019/10/22, 198, 37, 12, 25, 14
2019/10/23, 201, 43, 7, 26, 14
2019/10/24, 200, 31, 6, 25, 8
2019/10/25, 137, 37, 5, 26, 5
2019/10/26, 133, 49, 4, 33, 7
2019/10/27, 206, 53, 12, 31, 14
2019/10/28, 306, 53, 11, 34, 19
2019/10/29, 252, 50, 10, 30, 20
2019/10/30, 243, 63, 10, 33, 14
2019/10/31, 225, 52, 10, 34, 25
2019/11/1, 286, 41, 8, 31, 24
2019/11/2, 327, 58, 8, 33, 19
2019/11/3, 321, 61, 9, 32, 15
2019/11/4, 282, 38, 9, 32, 18
2019/11/5, 302, 69, 10, 33, 15
2019/11/6, 233, 67, 10, 32, 21
2019/11/7, 233, 36, 8, 33, 23
2019/11/8, 258, 29, 31, 28, 14
2019/11/9, 189, 39, 45, 27, 11
2019/11/10, 175, 76, 44, 31, 7
2019/11/11, 190, 65, 56, 31, 17
2019/11/12, 215, 68, 52, 36, 17
2019/11/13, 281, 64, 49, 32, 18
2019/11/14, 269, 92, 41, 28, 15
2019/11/15, 213, 96, 37, 31, 12
2019/11/16, 195, 93, 39, 25, 13
2019/11/17, 209, 89, 35, 20, 14
2019/11/18, 198, 73, 41, 18, 17
2019/11/19, 203, 52, 35, 18, 14
2019/11/20, 219, 31, 32, 7, 22
2019/11/21, 232, 30, 19, 7, 21
2019/11/22, 284, 45, 20, 14, 15
2019/11/23, 307, 33, 28, 11, 13
2019/11/24, 282, 11, 23, 6, 21
2019/11/25, 314, 20, 18, 6, 14
2019/11/26, 351, 17, 16, 7, 14
2019/11/27, 338, 14, 25, 10, 19
2019/11/28, 266, 24, 32, 13, 16
2019/11/29, 291, 13, 30, 6, 11
2019/11/30, 206, 11, 29, 5, 11
2019/12/1, 202, 46, 33, 6, 16
2019/12/2, 266, 50, 35, 6, 19
2019/12/3, 267, 19, 35, 6, 25
2019/12/4, 293, 14, 23, 8, 29
2019/12/5, 331, 10, 7, 6, 29
2019/12/6, 292, 7, 11, 10, 15
2019/12/7, 210, 12, 19, 6, 10
2019/12/8, 211, 13, 10, 5, 22
2019/12/9, 268, 12, 11, 6, 20
2019/12/10, 275, 11, 16, 6, 26
2019/12/11, 313, 15, 10, 4, 17
2019/12/12, 287, 10, 5, 6, 9
2019/12/13, 207, 12, 4, 3, 13
2019/12/14, 195, 7, 4, 2, 14
2019/12/15, 221, 8, 4, 4, 18
2019/12/16, 246, 32, 3, 4, 9
2019/12/17, 200, 7, 3, 5, 8
2019/12/18, 187, 8, 13, 5, 13
2019/12/19, 254, 10, , 5, 17
2019/12/20, 287, 15, , 3, 20
2019/12/21, 316, 11, , 4, 30
2019/12/22, 404, 19, , 9, 28
2019/12/23, 337, 32, 500, 5, 25
2019/12/24, 335, 13, 41, 5, 
2019/12/25, 287, 19, 7, 5, 
2019/12/26, 236, 9, 13, 3, 
2019/12/27, 239, 10, 8, 5, 
2019/12/28, 303, 11, 5, 6, 
2019/12/29, 297, , , , 
2019/7/1, 133, 15, 16, 19, 11
2019/7/2, 82, 16, 12, 19, 11
2019/7/3, 85, 20, 7, 20, 11
2019/7/4, 92, 23, 27, 19, 12
2019/7/5, 108, 20, 32, 19, 10
2019/7/6, 86, 22, 24, 20, 10
2019/7/7, 71, 22, 30, 21, 11
2019/7/8, 91, 23, 26, 20, 12
2019/7/9, 79, 24, 19, 19, 6
2019/7/10, 73, 25, 17, 22, 5
2019/7/11, 74, 16, 29, 21, 10
2019/7/12, 101, 20, 25, 19, 8
2019/7/13, 84, 15, 20, 20, 7
2019/7/14, 82, 12, 28, 20, 13
2019/7/15, 99, 16, 31, 21, 17
2019/7/16, 109, 23, 11, 20, 14
2019/7/17, 112, 27, 7, 21, 18
2019/7/18, 125, 29, 11, 19, 17
2019/7/19, 121, 20, 6, 21, 15
2019/7/20, 112, 22, 6, 22, 13
2019/7/21, 101, 31, 13, 19, 12
2019/7/22, 116, 33, 33, 24, 9
2019/7/23, 110, 27, 16, 23, 6
2019/7/24, 99, 40, 14, 24, 5
2019/7/25, 91, 39, 20, 25, 9
2019/7/26, 106, 30, 11, 24, 9
2019/7/27, 78, 36, 10, 23, 7
2019/7/28, 68, 33, 10, 23, 8
2019/7/29, 76, 32, 8, 25, 9
2019/7/30, 82, 36, 7, 24, 9
2019/7/31, 85, 42, 7, 25, 11
2019/8/1, 99, 35, 5, 25, 11
2019/8/2, 102, 36, 5, 24, 11
2019/8/3, 90, 25, 5, 24, 9
2019/8/4, 91, 24, 18, 23, 14
2019/8/5, 106, 26, 33, 23, 19
2019/8/6, 100, 33, 21, 22, 15
2019/8/7, 69, 24, 32, 22, 15
2019/8/8, 51, 26, 33, 23, 18
2019/8/9, 73, 25, 36, 24, 17
2019/8/10, 92, 21, 31, 23, 18
2019/8/11, 104, 26, 25, 23, 15
2019/8/12, 88, 20, 21, 25, 16
2019/8/13, 62, 21, 19, 18, 11
2019/8/14, 69, 20, 16, 23, 9
2019/8/15, 88, 25, 12, 25, 12
2019/8/16, 85, 25, 10, 25, 13
2019/8/17, 109, 27, 5, 23, 13
2019/8/18, 115, 26, 5, 24, 14
2019/8/19, 86, 24, 8, 24, 16
2019/8/20, 117, 32, 6, 25, 14
2019/8/21, 114, 42, 6, 24, 14
2019/8/22, 124, 20, 4, 24, 8
2019/8/23, 99, 26, 11, 24, 10
2019/8/24, 77, 27, 25, 24, 10
2019/8/25, 81, 26, 37, 25, 15
2019/8/26, 114, 28, 29, 25, 11
2019/8/27, 100, 28, 19, 25, 11
2019/8/28, 126, 35, 10, 24, 16
2019/8/29, 127, 42, 8, 25, 17
2019/8/30, 130, 59, 7, 27, 10
2019/8/31, 135, 82, 3, 27, 7
2019/9/1, 139, 39, 55, 27, 23
2019/9/2, 122, 52, 38, 27, 12
2019/9/3, 115, 44, 34, 29, 10
2019/9/4, 104, 24, 35, 26, 10
2019/9/5, 110, 30, 33, 19, 11
2019/9/6, 105, 31, 28, 20, 9
2019/9/7, 104, 40, 23, 23, 7
2019/9/8, 96, 55, 29, 26, 11
2019/9/9, 123, , 33, 27, 11
2019/9/10, 131, , 36, 21, 14
2019/9/11, 127, , 27, 22, 8
2019/9/12, 92, , 27, 22, 6
2019/9/13, 102, , 34, 23, 16
2019/9/14, 115, , 33, 22, 10
2019/9/15, 130, , 34, 23, 13
2019/9/16, 134, , 25, 24, 11
2019/9/17, 118, , 31, 27, 23
2019/9/18, 85, , 34, 26, 18
2019/9/19, 112, , 34, 26, 13
2019/9/20, 125, , 40, 24, 14
2019/9/21, 126, , 29, 23, 10
2019/9/22, 103, , 38, 24, 13
2019/9/23, 130, , 29, 24, 9
2019/9/24, 120, , , , 
2019/9/26, 89, , 10, 23, 7
2019/9/27, 85, , 6, 23, 4
2019/9/28, 69, , 5, 23, 3
2019/9/29, 68, , 6, 24, 8
2019/9/30, 83, , 20, 27, 10
2019/4/1, 123, 53, 35, 25, 14
2019/4/2, 139, 69, 29, 24, 14
2019/4/3, 162, 63, 19, 25, 10
2019/4/4, 136, 35, 8, 24, 9
2019/4/5, 136, 25, 12, 24, 7
2019/4/6, 130, 60, 27, 21, 6
2019/4/7, 97, 43, 19, 21, 10
2019/4/8, 124, 35, 6, 20, 9
2019/4/9, 131, 56, 27, 20, 9
2019/4/10, 95, 55, 27, 20, 10
2019/4/11, 143, 53, 13, 21, 11
2019/4/12, 149, 51, 5, 18, 10
2019/4/13, 153, 68, 5, 20, 8
2019/4/14, 123, 52, 4, 20, 10
2019/4/15, 136, 38, 12, 21, 9
2019/4/16, 140, 32, 8, 23, 9
2019/4/17, 102, 55, 7, 22, 11
2019/4/18, 107, 81, 5, 19, 9
2019/4/19, 116, 87, 40, 22, 16
2019/4/20, 118, 73, 71, 21, 18
2019/4/21, 147, 64, 44, 21, 11
2019/4/22, 137, 56, 31, 22, 11
2019/4/23, 131, 66, 33, 22, 14
2019/4/24, 142, 82, 27, 21, 12
2019/4/25, 152, 53, 20, 21, 7
2019/4/26, 138, 39, 17, 21, 10
2019/4/27, 150, 78, 11, 20, 7
2019/4/28, 158, 63, 18, 20, 9
2019/4/29, 141, 55, 9, 23, 8
2019/4/30, 151, 59, 6, 21, 5
2019/5/1, 138, 53, 5, 21, 5
2019/5/2, 132, 23, 3, 22, 3
2019/5/3, 102, 46, 2, 21, 2
2019/5/4, 88, 84, 4, 21, 6
2019/5/5, 115, 75, 5, 22, 9
2019/5/6, 149, 90, 4, 21, 12
2019/5/7, 154, 60, 1, 19, 11
2019/5/8, 162, 70, 14, 21, 15
2019/5/9, 157, 88, 5, 21, 23
2019/5/10, 160, 66, 9, 17, 10
2019/5/11, 148, 90, 7, 16, 13
2019/5/12, 145, 57, 4, 17, 15
2019/5/13, 152, 73, 3, 18, 14
2019/5/14, 149, 76, 2, 21, 11
2019/5/15, 135, 62, 1, 20, 11
2019/5/16, 134, 48, 1, 22, 12
2019/5/17, 139, 69, 1, 21, 12
2019/5/18, 129, 91, 1, 20, 7
2019/5/19, 99, 89, 2, 22, 16
2019/5/20, 140, 79, 13, 17, 15
2019/5/21, 153, 44, 5, 18, 11
2019/5/22, 146, 71, 2, 18, 9
2019/5/23, 123, 28, 1, 17, 11
2019/5/24, 127, 29, 1, 17, 12
2019/5/25, 126, 68, 2, 17, 11
2019/5/26, 127, 76, 2, 17, 21
2019/5/27, 152, 56, , 17, 16
2019/5/28, 142, 57, , 18, 12
2019/5/29, 127, 71, , 19, 9
2019/5/30, 127, 66, 5, 19, 8
2019/5/31, 95, 39, 3, 24, 11
2019/6/1, 117, 51, 2, 21, 9
2019/6/2, 98, 39, 1, 21, 11
2019/6/3, 101, 43, 1, 22, 11
2019/6/4, 103, 37, 3, 22, 9
2019/6/5, 117, 41, 3, 21, 9
2019/6/6, 119, 47, 2, 22, 10
2019/6/7, 117, 66, 1, 21, 9
2019/6/8, 111, 86, 1, 21, 8
2019/6/9, 113, 47, , 23, 12
2019/6/10, 140, 67, , 20, 11
2019/6/11, 112, 41, , 22, 10
2019/6/12, 112, 83, 32, 18, 11
2019/6/13, 121, 83, 58, 16, 11
2019/6/14, 141, 92, 19, 18, 14
2019/6/15, 150, 80, 2, 20, 9
2019/6/16, 140, 70, 1, 21, 9
2019/6/17, 125, 78, 14, 22, 9
2019/6/18, 102, 50, 18, 19, 13
2019/6/19, 129, 46, 9, 21, 8
2019/6/20, 132, 43, 11, 21, 8
2019/6/21, 118, 22, 28, 20, 14
2019/6/22, 97, 27, 51, 20, 8
2019/6/23, 98, 33, 49, 20, 8
2019/6/24, 100, 36, 61, 18, 10
2019/6/25, 146, 32, 46, 19, 11
2019/6/26, 127, 50, 37, 18, 14
2019/6/27, 107, 39, 51, 20, 16
2019/6/28, 128, 32, 44, 19, 12
2019/6/29, 125, 19, 29, 20, 10
2019/6/30, 126, 27, 18, 19, 17
2019/1/1, 483, 39, 14, 15, 31
2019/1/2, 467, 35, 29, 17, 22
2019/1/3, 426, 41, 19, 15, 19
2019/1/4, 405, 23, 13, 17, 19
2019/1/5, 476, 35, 14, 16, 18
2019/1/6, 283, 15, 11, 15, 10
2019/1/7, 266, 26, 10, 16, 4
2019/1/8, 195, 44, 10, 16, 9
2019/1/9, 219, 57, 9, 17, 12
2019/1/10, 282, 48, 7, 13, 27
2019/1/11, 347, 54, 11, 16, 22
2019/1/12, 340, 51, 6, 16, 21
2019/1/13, 334, 50, 3, 15, 8
2019/1/14, 294, 49, 12, 15, 8
2019/1/15, 193, 31, 5, 15, 22
2019/1/16, 278, 24, 3, 15, 26
2019/1/17, 387, 28, , 15, 22
2019/1/18, 376, 29, 10, 15, 18
2019/1/19, 322, 44, 4, 18, 19
2019/1/20, 390, 32, 7, 14, 30
2019/1/21, 480, 32, 61, 15, 16
2019/1/22, 348, 21, 62, 21, 7
2019/1/23, 234, 16, 57, 23, 10
2019/1/24, 198, 14, 43, 22, 14
2019/1/25, 243, 9, 15, 22, 10
2019/1/26, 233, 26, 11, 22, 4
2019/1/27, 175, 28, 14, 21, 7
2019/1/28, 172, 36, 12, 21, 5
2019/1/29, 176, 52, 12, 21, 10
2019/1/30, 202, 49, 39, 22, 19
2019/1/31, 308, 46, 51, 21, 23
2019/2/1, 332, 46, 17, 21, 24
2019/2/2, 285, 71, 12, 20, 18
2019/2/3, 259, 57, 10, 22, 16
2019/2/4, 200, 54, 10, 22, 16
2019/2/5, 212, 63, 7, 23, 21
2019/2/6, 242, 44, 6, 22, 22
2019/2/7, 285, 11, 4, 21, 12
2019/2/8, 190, 26, 23, 20, 10
2019/2/9, 170, 55, 44, 21, 10
2019/2/10, 177, 40, 43, 21, 13
2019/2/11, 188, 46, 51, 20, 15
2019/2/12, 199, 58, 42, 22, 13
2019/2/13, 221, 37, 15, 21, 13
2019/2/14, 230, 10, 9, 21, 12
2019/2/15, 217, 20, 7, 22, 6
2019/2/16, 156, 22, 5, 20, 3
2019/2/17, 169, 62, 27, 21, 8
2019/2/18, 178, 74, 40, 24, 21
2019/2/19, 214, 50, 17, 21, 15
2019/2/20, 213, 52, 16, 14, 21
2019/2/21, 206, 56, 12, 14, 20
2019/2/22, 216, 44, 7, 14, 7
2019/2/23, 160, 71, 7, 14, 6
2019/2/24, 147, 69, 7, 14, 17
2019/2/25, 175, 60, 5, 15, 15
2019/2/26, 229, 41, 19, 16, 9
2019/2/27, 161, 35, 33, 17, 7
2019/2/28, 124, 52, 44, 18, 10
2019/3/1, 148, 74, 53, 18, 16
2019/3/2, 194, 59, 35, 17, 12
2019/3/3, 193, 40, 22, 19, 11
2019/3/4, 172, 41, 11, 18, 13
2019/3/5, 173, 45, 7, 18, 10
2019/3/6, 147, 82, 6, 18, 8
2019/3/7, 149, 66, 5, 19, 12
2019/3/8, 162, 64, 4, 18, 17
2019/3/9, 175, 73, 2, 16, 16
2019/3/10, 204, 67, 13, 17, 12
2019/3/11, 167, 64, 9, 19, 16
2019/3/12, 174, 60, 5, 19, 12
2019/3/13, 160, 63, 3, 19, 10
2019/3/14, 162, 44, 25, 19, 10
2019/3/15, 155, 57, 53, 19, 9
2019/3/16, 161, 83, 50, 19, 7
2019/3/17, 149, 73, 53, 19, 9
2019/3/18, 158, 75, 55, 19, 12
2019/3/19, 159, 34, 52, 23, 13
2019/3/20, 159, 90, 52, 19, 35
2019/3/21, 239, 82, 25, 21, 11
2019/3/22, 137, 84, 21, 21, 9
2019/3/23, 109, 83, 24, 20, 11
2019/3/24, 123, 59, 31, 22, 16
2019/3/25, 137, 38, 19, 20, 18
2019/3/26, 125, 59, 6, 21, 17
2019/3/27, 142, 78, 4, 22, 21
2019/3/28, 158, 69, 17, 21, 25
2019/3/29, 155, 43, 18, 22, 15
2019/3/30, 176, 60, , 23, 11
2019/3/31, 157, 43, 41, 24, 10
2018/10/1, 157, 27, 4, 4, 7
2018/10/2, 171, 24, 7, 3, 10
2018/10/3, 190, 27, 5, 3, 10
2018/10/4, 170, 11, 7, 3, 11
2018/10/5, 163, 27, 5, 4, 8
2018/10/6, 170, 26, 4, 3, 8
2018/10/7, 166, 32, 5, 4, 11
2018/10/8, 179, 27, 6, 4, 15
2018/10/9, 190, 24, 9, 6, 15
2018/10/10, 172, 22, 11, 4, 9
2018/10/11, 143, 77, 9, 4, 7
2018/10/12, 109, 7, 13, 5, 10
2018/10/13, 191, 10, 7, 4, 6
2018/10/14, 178, 19, 9, 4, 9
2018/10/15, 176, 20, 8, 4, 10
2018/10/16, 187, 16, 12, 13, 28
2018/10/17, 181, 13, 18, 6, 19
2018/10/18, 190, 14, 13, 4, 13
2018/10/19, 180, 12, 6, 5, 9
2018/10/20, 184, , , , 
2018/10/22, 194, 10, 7, 5, 17
2018/10/23, 194, 79, 4, 5, 12
2018/10/24, 195, 44, 5, 5, 15
2018/10/25, 204, 63, 5, 5, 21
2018/10/26, 222, 52, 10, 13, 32
2018/10/27, 200, 15, 6, 4, 11
2018/10/28, 196, 16, 4, 4, 11
2018/10/29, 188, 14, 3, 4, 10
2018/10/30, 194, 22, 3, 4, 13
2018/10/31, 172, 22, 3, 4, 18
2018/11/1, 217, 26, 2, 3, 16
2018/11/2, 215, 36, 2, 4, 11
2018/11/3, 216, 29, 1, 3, 16
2018/11/4, 212, 35, 35, 12, 26
2018/11/5, 200, 42, 16, 5, 9
2018/11/6, 228, 52, 13, 5, 11
2018/11/7, 310, 44, 2, 5, 11
2018/11/8, 391, 51, 2, 6, 8
2018/11/9, 242, 47, 1, 5, 8
2018/11/10, 238, , , , 
2018/11/12, 261, 51, , 5, 10
2018/11/13, 272, 209, , 5, 15
2018/11/14, 328, 107, 4, 14, 31
2018/11/15, 227, , 4, 5, 10
2018/11/16, 205, , 2, 5, 8
2018/11/17, 206, , 2, 5, 17
2018/11/18, 237, , 1, 5, 33
2018/11/19, 324, , , 4, 22
2018/11/20, 314, , , 6, 30
2018/11/21, 344, , , 5, 30
2018/11/22, 298, , 2, 5, 17
2018/11/23, 264, , 1, 5, 18
2018/11/24, 270, , 1, 5, 23
2018/11/25, 294, , 1, 5, 48
2018/11/26, 301, , 1, 7, 26
2018/11/27, 263, , 6, 18, 30
2018/11/28, 195, , 5, 27, 34
2018/11/29, 232, , 3, 22, 26
2018/11/30, 252, , 3, 16, 24
2018/12/1, 287, , 1, 15, 25
2018/12/2, 306, , 10, 25, 28
2018/12/3, 304, , 48, 13, 34
2018/12/4, 338, , 44, 12, 19
2018/12/5, 323, , 32, 16, 49
2018/12/6, 386, , 7, 12, 26
2018/12/7, 294, , 18, 15, 24
2018/12/8, 321, , 10, 22, 22
2018/12/9, 332, , 3, 18, 21
2018/12/10, 271, , 8, 18, 17
2018/12/11, 322, , , , 
2018/12/15, 214, , 8, 17, 11
2018/12/16, 217, , 7, 18, 12
2018/12/17, 319, , 7, 18, 10
2018/12/18, 260, , 18, 16, 17
2018/12/19, 212, , 7, 14, 24
2018/12/20, 377, , 4, 14, 20
2018/12/21, 384, , 3, 15, 18
2018/12/22, 432, , 2, 13, 22
2018/12/23, 329, , 2, 16, 16
2018/12/24, 300, , 1, 13, 16
2018/12/25, 289, , 1, 17, 18
2018/12/26, 308, , 2, 13, 19
2018/12/27, 294, , 4, 14, 15
2018/12/28, 258, 6, 38, 22, 22
2018/12/29, 293, 66, 75, 12, 22
2018/12/30, 365, , , , 
2018/7/1, 142, 8, 15, 6, 6
2018/7/2, 135, 16, 14, 7, 5
2018/7/3, 141, 13, 13, 39, 4
2018/7/4, 126, 14, 16, 6, 6
2018/7/5, 115, 16, 19, 6, 8
2018/7/6, 128, 20, 21, 27, 9
2018/7/7, 155, 17, 18, 24, 8
2018/7/8, 147, 14, 20, 12, 7
2018/7/9, 101, 10, 14, 7, 10
2018/7/10, 116, 35, 13, 12, 17
2018/7/11, 120, 16, 16, 9, 6
2018/7/12, 121, 17, 16, 16, 10
2018/7/13, 122, 13, 17, 17, 9
2018/7/14, 133, 17, 14, 9, 6
2018/7/15, 118, 12, 14, 7, 7
2018/7/16, 103, 14, 13, 9, 6
2018/7/17, 93, 20, 15, 9, 7
2018/7/18, 108, 19, 18, 9, 8
2018/7/19, 128, 20, 18, 6, 8
2018/7/20, 141, 15, 15, 8, 7
2018/7/21, 102, 14, 10, 8, 4
2018/7/22, 83, 14, 8, 9, 4
2018/7/23, 82, 8, 15, 6, 8
2018/7/24, 118, 13, 9, 28, 3
2018/7/25, 91, 10, 13, 27, 12
2018/7/26, 116, 15, 11, 9, 21
2018/7/27, 116, 8, 13, 48, 12
2018/7/28, 120, 11, 7, 5, 3
2018/7/29, 96, 13, 9, 3, 5
2018/7/30, 106, 14, 10, 1, 4
2018/7/31, 125, 13, 7, 1, 4
2018/8/1, 117, 14, 12, 2, 7
2018/8/2, 136, 14, 12, 4, 5
2018/8/3, 129, 12, 12, 3, 7
2018/8/4, 134, 14, 11, 3, 6
2018/8/5, 157, 10, 24, 10, 25
2018/8/6, 173, 14, 16, 2, 10
2018/8/7, 122, 14, 10, 2, 5
2018/8/8, 117, 15, 19, 1, 10
2018/8/9, 130, 17, 17, 11, 24
2018/8/10, 149, 10, 15, 1, 13
2018/8/11, 159, 9, 16, 1, 10
2018/8/12, 151, 18, 18, 23, 48
2018/8/13, 140, 10, 19, 4, 13
2018/8/14, 143, 10, 12, 4, 8
2018/8/15, 122, 6, 12, 3, 7
2018/8/16, 104, 8, 15, 3, 8
2018/8/17, 120, 9, 21, 4, 12
2018/8/18, 152, 14, 16, 4, 9
2018/8/19, 143, 9, 14, 4, 10
2018/8/20, 112, 8, 11, 4, 7
2018/8/21, 100, 8, 13, 3, 9
2018/8/22, 144, 8, 17, 3, 11
2018/8/23, 140, 8, 18, 4, 12
2018/8/24, 151, 8, 15, 3, 11
2018/8/25, 136, 11, 11, 3, 8
2018/8/26, 144, 9, 13, 3, 9
2018/8/27, 129, 8, 14, 4, 7
2018/8/28, 109, 7, 14, 4, 8
2018/8/29, 126, 5, 15, 3, 7
2018/8/30, 151, 11, 17, 4, 6
2018/8/31, 138, 27, 23, 22, 42
2018/9/1, 149, 14, 12, 3, 3
2018/9/2, 124, 9, 13, 3, 5
2018/9/3, 113, 13, 12, 4, 4
2018/9/4, 121, 13, 17, 3, 7
2018/9/5, 134, 14, 13, 3, 6
2018/9/6, 144, 13, 12, 3, 3
2018/9/7, 109, 14, 13, 4, 4
2018/9/8, 149, 16, 10, 3, 4
2018/9/9, 157, 15, 7, 8, 2
2018/9/10, 136, 13, 8, 4, 3
2018/9/11, 144, 12, 5, 4, 1
2018/9/12, 134, 17, 10, 4, 6
2018/9/13, 143, 14, 10, 3, 6
2018/9/14, 149, 22, 11, 17, 25
2018/9/15, 152, 21, 10, 4, 4
2018/9/16, 158, 22, 19, 4, 8
2018/9/17, 203, 22, 15, 4, 6
2018/9/18, 168, 23, 17, 4, 7
2018/9/19, 170, 12, 16, 4, 9
2018/9/20, 157, 11, 11, 4, 6
2018/9/21, 91, 13, 11, 3, 6
2018/9/22, 126, 16, 10, 4, 4
2018/9/23, 148, 27, 10, 4, 6
2018/9/24, 161, 30, 11, 3, 5
2018/9/25, 158, 12, 8, 5, 3
2018/9/26, 159, 23, 16, 14, 18
2018/9/27, 148, 18, 14, 4, 9
2018/9/28, 164, 23, 10, 3, 8
2018/9/29, 167, 28, 5, 4, 6
2018/9/30, 158, 29, 5, 4, 7
2018/4/1, 160, 17, 14, 7, 10
2018/4/2, 155, 33, 9, 9, 10
2018/4/3, 175, 34, 6, 9, 8
2018/4/4, 168, 21, 4, 9, 7
2018/4/5, 152, 19, 3, 9, 7
2018/4/6, 161, 16, 3, 8, 7
2018/4/7, 213, 24, 3, 9, 6
2018/4/8, 182, 19, 3, 8, 9
2018/4/9, 171, 19, 2, 8, 7
2018/4/10, 171, 23, 2, 9, 8
2018/4/11, 167, 23, 2, 8, 9
2018/4/12, 171, 18, 3, 8, 10
2018/4/13, 165, 35, 10, 21, 26
2018/4/14, 177, 21, 7, 6, 14
2018/4/15, 181, 25, 3, 8, 10
2018/4/16, 175, 23, 2, 8, 11
2018/4/17, 174, 23, 2, 9, 9
2018/4/18, 173, 21, 2, 9, 8
2018/4/19, 172, 25, 1, 8, 8
2018/4/20, 292, 18, 1, 8, 12
2018/4/21, 192, 19, 1, 8, 7
2018/4/22, 171, 25, 2, 7, 8
2018/4/23, 171, 39, 2, 8, 16
2018/4/24, 221, 34, 13, 13, 20
2018/4/25, 194, 22, 16, 8, 6
2018/4/26, 156, 27, 16, 7, 6
2018/4/27, 146, 22, 20, 8, 8
2018/4/28, 149, 26, 12, 8, 6
2018/4/29, 150, 20, 15, 8, 6
2018/4/30, 121, 19, 11, 8, 6
2018/5/1, 127, 21, 10, 9, 7
2018/5/2, 142, 25, 7, 8, 6
2018/5/3, 142, 41, 12, 15, 23
2018/5/4, 145, 30, 18, 8, 8
2018/5/5, 147, 23, 16, 7, 8
2018/5/6, 173, 22, 18, 7, 10
2018/5/7, 172, 19, 19, 7, 11
2018/5/8, 172, 24, 16, 7, 8
2018/5/9, 154, 29, 18, 6, 11
2018/5/10, 158, 28, 7, 33, 9
2018/5/11, 174, 23, 3, 7, 8
2018/5/12, 153, 23, 2, 6, 7
2018/5/13, 149, 33, 2, 8, 7
2018/5/14, 118, 35, 9, 10, 12
2018/5/15, 146, 23, 14, 78, 6
2018/5/16, 151, 16, 10, 8, 6
2018/5/17, 166, 22, 7, 7, 9
2018/5/18, 166, 21, 3, 8, 6
2018/5/19, 160, 21, 3, 8, 6
2018/5/20, 151, 17, 3, 7, 8
2018/5/21, 186, 13, 1, 7, 7
2018/5/22, 166, 13, , 7, 6
2018/5/23, 159, 14, , 7, 7
2018/5/24, 158, 33, 17, 10, 13
2018/5/25, 160, 34, 16, 5, 7
2018/5/26, 154, 23, 10, 6, 5
2018/5/27, 162, 29, 10, 47, 6
2018/5/28, 156, 37, 29, 4, 10
2018/5/29, 139, 26, 16, 6, 7
2018/5/30, 140, 23, 14, 6, 6
2018/5/31, 144, 27, 17, 6, 6
2018/6/1, 128, 27, 17, 6, 6
2018/6/2, 142, 23, 16, 6, 6
2018/6/3, 161, 24, 15, 6, 25
2018/6/4, 155, 20, 22, 6, 7
2018/6/5, 159, 23, 23, 6, 7
2018/6/6, 169, 13, 21, 5, 8
2018/6/7, 156, 18, 15, 6, 6
2018/6/8, 119, 20, 12, 6, 6
2018/6/9, 132, 24, 9, 5, 5
2018/6/10, 130, 17, 7, 5, 8
2018/6/11, 154, 25, 6, 6, 8
2018/6/12, 161, 15, 6, , 5
2018/6/13, 161, 14, 31, 10, 1
2018/6/14, 160, 25, 344, 4, 4
2018/6/15, 172, 21, 19, 14, 22
2018/6/16, 159, 20, 13, 5, 7
2018/6/17, 160, 19, 17, 6, 9
2018/6/18, 157, 38, 25, 6, 5
2018/6/19, 157, 22, 25, 6, 6
2018/6/20, 155, 21, 23, 6, 7
2018/6/21, 157, 25, 19, 6, 7
2018/6/22, 161, 22, 12, 14, 21
2018/6/23, 150, 11, 13, 6, 6
2018/6/24, 151, 22, 13, 6, 5
2018/6/25, 153, 19, 8, 7, 2
2018/6/26, 116, 29, 14, 14, 21
2018/6/27, 130, 15, 17, 6, 5
2018/6/28, 100, 16, 20, 15, 23
2018/6/29, 124, 18, 21, 5, 8
2018/6/30, 143, 9, 17, 6, 7
2018/1/1, 421, 5, 4, 6, 19
2018/1/2, 286, 5, 22, 14, 22
2018/1/3, 295, 13, 13, 14, 17
2018/1/4, 322, 6, 4, 5, 19
2018/1/5, 311, 26, 15, 26, 17
2018/1/6, 295, 16, 23, 10, 20
2018/1/7, 316, 6, 22, 11, 30
2018/1/8, 426, 11, 12, 9, 19
2018/1/9, 317, 24, 12, 16, 16
2018/1/10, 270, 5, 18, 11, 15
2018/1/11, 287, 13, 13, 12, 9
2018/1/12, 238, 8, 20, 5, 24
2018/1/13, 353, 6, 6, 7, 16
2018/1/14, 260, 13, 23, 41, 49
2018/1/15, 288, 7, 18, 10, 30
2018/1/16, 259, 7, 6, 8, 25
2018/1/17, 301, 11, 7, 8, 34
2018/1/18, 308, 18, 10, 21, 33
2018/1/19, 234, 5, 14, 8, 20
2018/1/20, 198, 13, 14, 8, 20
2018/1/21, 235, 10, 10, 8, 26
2018/1/22, 270, 8, 16, 15, 26
2018/1/23, 260, 14, 9, 8, 16
2018/1/24, 237, 17, 4, 9, 7
2018/1/25, 183, 14, 2, 8, 9
2018/1/26, 185, 39, 10, 18, 31
2018/1/27, 208, 15, 5, 5, 25
2018/1/28, 322, 5, 2, 5, 15
2018/1/29, 243, 29, 23, 14, 26
2018/1/30, 379, 21, 18, 6, 21
2018/1/31, 338, 15, 3, 5, 22
2018/2/1, 276, 24, 1, 6, 25
2018/2/2, 257, 28, 3, 6, 19
2018/2/3, 207, , , , 
2018/2/6, 191, 16, 6, 6, 8
2018/2/7, 193, 22, 5, 5, 8
2018/2/8, 181, 22, 5, 6, 8
2018/2/9, 176, 23, 4, 7, 8
2018/2/10, 188, 14, 4, 6, 12
2018/2/11, 217, 11, 5, 5, 14
2018/2/12, 228, 9, 5, 6, 10
2018/2/13, 211, 14, 4, 5, 6
2018/2/14, 180, 18, 4, 6, 6
2018/2/15, 173, 14, 5, 6, 9
2018/2/16, 190, 37, 7, 28, 25
2018/2/17, 207, , , , 
2018/2/19, 188, 26, 21, 25, 29
2018/2/20, 255, 23, 9, 7, 18
2018/2/21, 239, 38, 5, 6, 19
2018/2/22, 272, 32, 3, 6, 10
2018/2/23, 228, 28, 3, 6, 13
2018/2/24, 242, , , , 
2018/2/26, 188, 29, 3, 5, 9
2018/2/27, 181, 34, 2, 5, 9
2018/2/28, 216, 30, 10, 18, 10
2018/3/1, 193, 34, 8, 6, 14
2018/3/2, 258, 28, 2, 7, 8
2018/3/3, 188, 28, 3, 6, 12
2018/3/4, 171, 25, 2, 6, 11
2018/3/5, 187, 27, 2, 6, 10
2018/3/6, 186, 31, 2, 6, 10
2018/3/7, 174, , , , 
2018/3/10, 164, 17, 1, 7, 9
2018/3/11, 166, 40, 26, 20, 35
2018/3/12, 192, 38, 36, 29, 44
2018/3/13, 209, 35, 39, 8, 18
2018/3/14, 221, 29, 23, 8, 14
2018/3/15, 242, 18, 14, 7, 12
2018/3/16, 241, 11, 10, 10, 15
2018/3/17, 167, 27, 6, 9, 10
2018/3/18, 173, 39, 14, 23, 22
2018/3/19, 183, 30, 14, 9, 12
2018/3/20, 203, 30, 5, 8, 14
2018/3/21, 210, , 5, 8, 14
2018/3/22, 231, , 4, 8, 13
2018/3/23, 207, , 3, 8, 11
2018/3/24, 183, , 2, 8, 10
2018/3/25, 203, , 5, 8, 12
2018/3/26, 198, , 3, 31, 18
2018/3/27, 209, , 2, 8, 18
2018/3/28, 214, 27, 3, 9, 14
2018/3/29, 245, 19, 2, 8, 9
2018/3/30, 190, 25, 9, 20, 11
2018/3/31, 150, 26, 9, 8, 4
2017/10/1, 139, 133, 10, 1, 6
2017/10/2, 143, 1, 15, 3, 8
2017/10/3, 124, 1, 20, 6, 25
2017/10/4, 170, 15, 20, 25, 28
2017/10/5, 200, 25, 23, 3, 12
2017/10/6, 201, 65, 16, 18, 7
2017/10/7, 129, 12, 11, 4, 6
2017/10/8, 144, 8, 14, 2, 11
2017/10/9, 185, 6, 13, 4, 9
2017/10/10, 140, 5, 14, 4, 12
2017/10/11, 118, 10, 13, 4, 7
2017/10/12, 153, 13, 16, 21, 9
2017/10/13, 211, 16, 17, 6, 9
2017/10/14, 237, 22, 19, 5, 10
2017/10/15, 207, 23, 30, 3, 16
2017/10/16, 271, 11, 33, 3, 17
2017/10/17, 246, 14, 29, 10, 32
2017/10/18, 211, 10, 17, 9, 9
2017/10/19, 221, 10, 12, 7, 8
2017/10/20, 218, 11, 10, 7, 4
2017/10/21, 108, 21, 14, 5, 24
2017/10/22, 200, 29, 27, 6, 14
2017/10/23, 308, 20, 26, 4, 19
2017/10/24, 295, 24, 15, 2, 13
2017/10/25, 233, 29, 17, 4, 11
2017/10/26, 250, 33, 21, 3, 11
2017/10/27, 231, 34, 31, 19, 28
2017/10/28, 213, 26, 27, 20, 8
2017/10/29, 184, 20, 33, 20, 11
2017/10/30, 189, 13, 26, 3, 7
2017/10/31, 141, 16, 33, 3, 12
2017/11/1, 160, 20, 35, 4, 11
2017/11/2, 195, 21, 41, 3, 14
2017/11/3, 184, 17, 40, 3, 15
2017/11/4, 320, 22, 32, 3, 12
2017/11/5, 225, 23, 32, 3, 9
2017/11/6, 191, 23, 26, 3, 6
2017/11/7, 205, , , , 
2017/11/9, 510, 13, 39, 2, 23
2017/11/10, 427, 25, 43, 4, 26
2017/11/11, 505, 30, 33, 4, 13
2017/11/12, 367, 13, 39, 3, 19
2017/11/13, 364, 16, 40, 2, 27
2017/11/14, 383, 11, 29, 3, 11
2017/11/15, 226, 18, 26, 3, 8
2017/11/16, 181, 20, 31, 3, 11
2017/11/17, 184, 20, 44, 3, 19
2017/11/18, 300, 19, 34, 3, 12
2017/11/19, 233, 22, 27, 4, 8
2017/11/20, 243, 27, 25, 3, 6
2017/11/21, 198, 37, 24, 3, 9
2017/11/22, 236, 35, 17, 3, 8
2017/11/23, 314, 25, 22, 3, 19
2017/11/24, 267, 37, 12, 3, 21
2017/11/25, 361, 43, 5, 5, 21
2017/11/26, 371, 18, 8, 2, 24
2017/11/27, 334, 29, 6, 3, 22
2017/11/28, 274, 28, 6, 3, 47
2017/11/29, 332, 22, 6, 2, 51
2017/11/30, 396, 21, 6, 3, 33
2017/12/1, 425, 10, 6, 4, 52
2017/12/2, 415, 22, 4, 3, 19
2017/12/3, 322, 21, 4, 4, 24
2017/12/4, 335, 23, 5, 4, 38
2017/12/5, 353, 20, 4, 4, 38
2017/12/6, 386, 19, 3, 3, 22
2017/12/7, 328, 9, 2, 2, 44
2017/12/8, 305, 10, 44, 111, 47
2017/12/9, 327, 10, 36, 9, 24
2017/12/10, 251, 17, 38, 17, 25
2017/12/11, 289, 30, 35, 5, 21
2017/12/12, 305, 17, 28, 8, 16
2017/12/13, 252, 23, 19, 11, 9
2017/12/14, 199, , , , 
2017/12/16, 243, 21, 8, 6, 18
2017/12/17, 302, 10, 14, 19, 24
2017/12/18, 325, 20, 42, 7, 22
2017/12/19, 358, 10, 12, 9, 38
2017/12/20, 309, 18, 3, 8, 16
2017/12/21, 274, 51, 21, 10, 19
2017/12/22, 231, 23, 30, 8, 22
2017/12/23, 291, , , , 
2017/12/25, 255, 12, 11, 7, 17
2017/12/26, 264, 13, 7, 5, 33
2017/12/27, 331, 10, 2, 5, 33
2017/12/28, 421, 4, 1, 6, 24
2017/12/29, 314, 47, 7, 15, 34
2017/12/30, 349, 1, 21, , 23
2017/12/31, 401, 9, 16, 8, 32
2017/7/1, 126, 10, 3, 7, 5
2017/7/2, 121, 8, 3, 7, 4
2017/7/3, 91, 6, 2, 4, 3
2017/7/4, 83, 8, 1, 4, 4
2017/7/5, 95, 7, , 4, 8
2017/7/6, 127, 8, 1, 4, 7
2017/7/7, 132, 5, 3, 2, 6
2017/7/8, 172, 4, 4, 3, 5
2017/7/9, 154, 2, 3, 423, 6
2017/7/10, 128, 3, 4, 423, 11
2017/7/11, 266, 2, 5, , 8
2017/7/12, 167, 4, 4, , 8
2017/7/13, 137, 7, 6, , 7
2017/7/14, 134, 7, 6, , 7
2017/7/15, 130, 6, 4, , 6
2017/7/16, 140, 12, 6, , 7
2017/7/17, 149, 9, 6, , 8
2017/7/18, 138, 6, 5, , 7
2017/7/19, 112, 4, 5, , 7
2017/7/20, 102, 2, 4, , 5
2017/7/21, 115, 2, 4, , 5
2017/7/22, 125, 6, 8, , 6
2017/7/23, 121, 3, 6, , 11
2017/7/24, 114, 6, 7, , 9
2017/7/25, 103, 5, 7, , 6
2017/7/26, 109, 5, 8, , 7
2017/7/27, 166, 12, 9, , 6
2017/7/28, 187, 4, 8, , 11
2017/7/29, 160, 3, 7, , 3
2017/7/30, 119, 5, 7, , 7
2017/7/31, 144, 42, 7, 21, 7
2017/8/1, 118, 6, 7, 4, 4
2017/8/2, 126, 5, 23, 20, 22
2017/8/3, 124, 4, 16, 6, 6
2017/8/4, 125, 8, 16, 7, 14
2017/8/5, 161, 6, 2, 1, 5
2017/8/6, 153, 2, 1, , 8
2017/8/7, 140, 3, 11, 4, 10
2017/8/8, 144, 3, 5, 19, 26
2017/8/9, 135, 3, 20, 22, 26
2017/8/10, 120, 3, 7, 7, 23
2017/8/11, 127, 3, 8, 24, 5
2017/8/12, 117, 2, 6, 5, 4
2017/8/13, 124, 3, 9, 17, 19
2017/8/14, 114, 2, 5, 3, 6
2017/8/15, 110, 4, 10, 4, 8
2017/8/16, 140, 37, 17, 5, 14
2017/8/17, 144, , , , 
2017/9/5, 498, 3, 9, 5, 8
2017/9/6, 115, , , , 
2017/9/10, 420, 9, 40, , 20
2017/9/11, 345, 8, 21, , 11
2017/9/12, 199, 8, 16, , 26
2017/9/13, 139, 8, 20, , 23
2017/9/14, 162, 7, 20, , 12
2017/9/15, 219, 8, 21, , 11
2017/9/16, 171, 9, 16, , 11
2017/9/17, 163, 10, 15, , 12
2017/9/18, 108, 10, 15, , 11
2017/9/19, 112, 9, 13, , 11
2017/9/20, 101, 12, 13, 6, 10
2017/9/21, 120, 22, 20, 18, 23
2017/9/22, 138, 42, 11, 26, 34
2017/9/23, 153, 6, 21, 10, 11
2017/9/24, 365, 23, 8, 17, 6
2017/9/25, 191, 20, 11, 3, 7
2017/9/26, 151, 23, 22, 5, 12
2017/9/27, 168, 26, 16, 2, 13
2017/9/28, 169, 82, 13, 2, 8
2017/9/29, 141, 12, 15, 3, 11
2017/9/30, 146, 47, 6, 2, 5
2017/4/1, 181, 24, 2, 5, 10
2017/4/2, 176, 41, 2, 4, 12
2017/4/3, 191, 28, 2, 4, 11
2017/4/4, 174, 35, 5, 3, 8
2017/4/5, 148, 4, 1, 2, 10
2017/4/6, 152, 10, 5, 3, 10
2017/4/7, 172, 20, 5, 5, 12
2017/4/8, 177, 3, 2, 4, 10
2017/4/9, 180, 17, 2, 4, 10
2017/4/10, 273, 29, 9, 5, 11
2017/4/11, 345, 32, 13, 6, 16
2017/4/12, 225, 45, 6, 4, 11
2017/4/13, 178, 28, 2, 5, 11
2017/4/14, 181, 22, 14, 4, 22
2017/4/15, 185, 17, 7, 6, 5
2017/4/16, 161, 21, 7, 6, 6
2017/4/17, 158, 22, 13, 7, 8
2017/4/18, 168, 15, 7, 2, 6
2017/4/19, 176, 17, 4, 6, 8
2017/4/20, 160, 10, 7, 5, 7
2017/4/21, 160, , , , 
2017/4/24, 133, 17, 7, 3, 8
2017/4/25, 170, 25, 10, 6, 6
2017/4/26, 167, , , , 
2017/5/16, 124, 8, 6, 2, 5
2017/5/17, 134, 16, 1, 2, 6
2017/5/18, 158, , , , 
2017/5/21, 161, 12, 1, 2, 7
2017/5/22, 160, 8, 1, 2, 6
2017/5/23, 163, 18, 1, 2, 8
2017/5/24, 162, 16, 1, 2, 6
2017/5/25, 167, 18, 1, 3, 5
2017/5/26, 130, 17, 2, 5, 6
2017/5/27, 132, 8, 1, 2, 5
2017/5/28, 113, 22, 1, 3, 7
2017/5/29, 146, 5, 1, 2, 6
2017/5/30, 166, 5, 1, 2, 8
2017/5/31, 109, 15, 4, 3, 9
2017/6/1, 156, 19, 2, 5, 7
2017/6/2, 165, 30, 3, 6, 10
2017/6/3, 172, 8, 1, 3, 5
2017/6/4, 164, 8, 1, 3, 6
2017/6/5, 145, 5, 1, 3, 8
2017/6/6, 147, 3, 3, 6, 12
2017/6/7, 155, 6, 1, 3, 7
2017/6/8, 145, 4, 1, 2, 7
2017/6/9, 169, 12, 1, 4, 6
2017/6/10, 154, 5, 1, 2, 6
2017/6/11, 131, 10, 2, 4, 8
2017/6/12, 160, 16, 2, 5, 6
2017/6/13, 450, 12, 2, 5, 8
2017/6/14, 163, 8, 2, 4, 6
2017/6/15, 138, 7, 1, 3, 5
2017/6/16, 128, 7, 1, 2, 6
2017/6/17, 135, 15, 1, 2, 5
2017/6/18, 163, 20, 2, 4, 6
2017/6/19, 155, 6, 1, 4, 7
2017/6/20, 136, 8, 4, 7, 8
2017/6/21, 160, 15, 2, 7, 7
2017/6/22, 150, 13, 2, 5, 8
2017/6/23, 136, 20, 2, 6, 8
2017/6/24, 166, 11, 3, 7, 6
2017/6/25, 140, 12, 2, 6, 5
2017/6/26, 118, 10, 2, 6, 6
2017/6/27, 115, 7, 2, 6, 7
2017/6/28, 121, 8, 3, 7, 5
2017/6/29, 114, 4, 2, 5, 5
2017/6/30, 130, 7, 2, 5, 5
2017/1/2, 295, 65, 13, 3, 21
2017/1/3, 276, 4, 19, 2, 19
2017/1/4, 266, 19, 15, 10, 28
2017/1/5, 271, 8, 17, 13, 18
2017/1/6, 280, 9, 28, 5, 23
2017/1/7, 268, 11, 22, 40, 16
2017/1/8, 239, 12, 37, 14, 40
2017/1/9, 353, 10, 26, 8, 22
2017/1/10, 250, 15, 22, 8, 11
2017/1/11, 192, 16, 28, 8, 14
2017/1/12, 218, 19, 33, 50, 15
2017/1/13, 256, 40, 27, 9, 14
2017/1/14, 286, 21, 18, 5, 17
2017/1/15, 283, 53, 28, 6, 19
2017/1/16, 312, 15, 38, 6, 23
2017/1/17, 327, 15, 54, 5, 39
2017/1/18, 447, 12, 43, 5, 16
2017/1/19, 286, 24, 49, 5, 13
2017/1/20, 211, 50, 44, 5, 13
2017/1/21, 213, 26, 46, 4, 13
2017/1/22, 256, 39, 44, 7, 41
2017/1/23, 217, 13, 36, 3, 23
2017/1/24, 260, 22, 46, , 24
2017/1/25, 317, 28, 50, 1, 25
2017/1/26, 340, 31, 47, 3, 18
2017/1/27, 254, 10, 42, 4, 12
2017/1/28, 156, 14, 47, , 11
2017/1/29, 178, 9, 43, , 17
2017/1/30, 244, 18, 42, 3, 15
2017/1/31, 206, 12, 29, 1, 17
2017/2/1, 218, 36, 30, 5, 14
2017/2/2, 224, 41, 42, 17, 30
2017/2/3, 400, 23, 42, 26, 35
2017/2/4, 331, 35, 51, 6, 35
2017/2/5, 352, 35, 50, 5, 32
2017/2/6, 351, 30, 41, 3, 10
2017/2/7, 190, 44, 34, 5, 8
2017/2/8, 230, 20, 30, 2, 11
2017/2/9, 196, , , , 
2017/2/23, 158, 18, 86, 2, 6
2017/2/24, 158, , , , 
2017/2/28, 157, 31, 100, 80, 17
2017/3/1, 196, 47, 102, 3, 15
2017/3/2, 202, 16, 74, 2, 10
2017/3/3, 162, 19, 59, 36, 14
2017/3/4, 235, 31, 97, 7, 10
2017/3/5, 172, 32, 100, 2, 12
2017/3/6, 166, 44, 97, 20, 22
2017/3/7, 190, 55, 84, 2, 16
2017/3/8, 235, 16, 49, 1, 14
2017/3/9, 200, 21, 80, 2, 18
2017/3/10, 215, 17, 65, 2, 12
2017/3/11, 155, 23, 52, 2, 41
2017/3/12, 174, , , , 
2017/3/14, 152, 38, 73, 2, 8
2017/3/15, 189, 31, 21, 2, 12
2017/3/16, 171, 51, 2, 423, 24
2017/3/17, 213, 16, , 423, 12
2017/3/18, 221, 11, , , 8
2017/3/19, 191, 27, 2, , 10
2017/3/20, 161, 42, 4, , 10
2017/3/21, 174, 19, 7, , 11
2017/3/22, 183, 31, 8, 2, 10
2017/3/23, 184, 7, 3, 2, 8
2017/3/24, 300, , , , 
2017/3/27, 180, 19, 4, 2, 12
2017/3/28, 189, 33, 1, 3, 10
2017/3/29, 173, 37, 2, 6, 9
2017/3/30, 172, 14, 2, 5, 12
2017/3/31, 176, 28, 4, 3, 10
2016/7/1, 113, 7, 21, 2, 8
2016/7/2, 106, 7, 23, 2, 6
2016/7/3, 97, 3, , 1, 16
2016/7/4, 105, 11, 34, 1, 8
2016/7/5, 105, 10, 44, 2, 10
2016/7/6, 128, 22, 34, 2, 8
2016/7/7, 126, 41, 27, 10, 10
2016/7/8, 142, 9, 16, 2, 11
2016/7/9, 98, 37, 11, 2, 7
2016/7/10, 118, 12, 7, 2, 8
2016/7/11, 102, 42, 5, 2, 6
2016/7/12, 96, 39, 15, 8, 14
2016/7/13, 135, 14, 13, 3, 9
2016/7/14, 149, 37, 10, 7, 6
2016/7/15, 123, 45, 4, 147, 138
2016/7/16, 123, 2, 4, 1, 5
2016/7/17, 96, 12, 5, 11, 22
2016/7/18, 100, 8, 5, 2, 5
2016/7/19, 113, 19, 11, 1, 9
2016/7/20, 126, 15, 13, 2, 8
2016/7/21, 150, 8, 12, 2, 9
2016/7/22, 149, 17, 10, 2, 5
2016/7/23, 124, 7, 6, 4, 7
2016/7/24, 115, 8, 10, 11, 27
2016/7/25, 133, 8, 8, 4, 8
2016/7/26, 126, 14, 7, 1, 6
2016/7/27, 112, 11, 17, 3, 15
2016/7/28, 149, 12, 6, 2, 9
2016/7/29, 131, 7, 7, 2, 9
2016/7/30, 145, 4, 7, , 8
2016/7/31, 127, 21, 9, 1, 10
2016/8/1, 121, 7, 12, 2, 12
2016/8/2, 213, 5, 7, 12, 8
2016/8/3, 94, 10, 10, , 8
2016/8/4, 89, 9, 9, 1, 9
2016/8/5, 137, 6, 9, , 8
2016/8/6, 142, 9, 7, 1, 7
2016/8/7, 84, 32, 8, 3, 7
2016/8/8, 102, 15, 15, 3, 14
2016/8/9, 133, 12, 14, , 11
2016/8/10, 162, 51, 14, , 14
2016/8/11, 91, 12, 14, , 10
2016/8/12, 102, 10, 15, , 9
2016/8/13, 103, 16, 16, 3, 9
2016/8/14, 183, 12, 14, 4, 13
2016/8/15, 144, 15, 16, 2, 9
2016/8/16, 92, 14, 18, 3, 14
2016/8/17, 101, 13, 11, 3, 7
2016/8/18, 85, 15, 11, 30, 23
2016/8/19, 109, 31, 12, 1, 7
2016/8/20, 141, 46, 9, 1, 6
2016/8/21, 121, 11, 9, 5, 6
2016/8/22, 81, 25, 16, 3, 7
2016/8/23, 127, 13, 11, , 7
2016/8/24, 148, 13, 16, 1, 10
2016/8/25, 170, 22, 19, 42, 8
2016/8/26, 96, 19, 21, 3, 10
2016/8/27, 114, 2, 14, 1, 9
2016/8/28, 91, 13, 14, , 9
2016/8/29, 137, 7, 12, 1, 8
2016/8/30, 115, 16, 15, 2, 8
2016/8/31, 140, 22, 12, 6, 7
2016/9/1, 110, 12, 9, 2, 8
2016/9/2, 115, 17, 10, 3, 6
2016/9/3, 79, 27, 12, 2, 6
2016/9/4, 105, 10, 25, 6, 19
2016/9/5, 160, 9, 19, 3, 14
2016/9/6, 125, 8, 15, 1, 15
2016/9/7, 119, 9, 18, 5, 14
2016/9/8, 130, 16, 14, 9, 8
2016/9/9, 131, 8, 14, 3, 11
2016/9/10, 157, 26, 14, 15, 15
2016/9/11, 182, 9, 16, 2, 9
2016/9/12, 102, 10, 12, 47, 31
2016/9/13, 126, 35, 15, 10, 21
2016/9/14, 118, 33, 15, 12, 24
2016/9/15, 177, 29, 19, 2, 14
2016/9/16, 193, 27, 13, 4, 8
2016/9/17, 107, 10, 13, 3, 7
2016/9/18, 168, 18, 11, 2, 8
2016/9/19, 146, 12, 19, 2, 10
2016/9/20, 136, 28, 9, 2, 6
2016/9/21, 106, 27, 13, 3, 8
2016/9/22, 109, 17, 13, 2, 7
2016/9/23, 134, 22, 12, 4, 8
2016/9/24, 111, 7, 10, 1, 5
2016/9/25, 170, 5, 13, 1, 12
2016/9/26, 112, 10, 14, 3, 10
2016/9/27, 134, 21, 11, 2, 10
2016/9/28, 124, 7, 14, 1, 10
2016/9/29, 114, 10, 17, 2, 11
2016/9/30, 148, 14, 20, 2, 12
2016/10/1, 133, 10, 14, 2, 9
2016/10/2, 268, , , , 
2016/4/1, 135, 27, 13, 2, 13
2016/4/2, 154, 18, 7, 2, 10
2016/4/3, 174, 11, 10, 3, 12
2016/4/4, 168, 21, 10, 2, 13
2016/4/5, 172, 21, 10, 2, 10
2016/4/6, 153, 22, 11, 3, 11
2016/4/7, 146, 18, 11, 6, 11
2016/4/8, 137, 24, 9, 10, 17
2016/4/9, 150, 23, 7, 4, 6
2016/4/10, 153, 17, 5, 3, 8
2016/4/11, 146, 25, 3, 4, 7
2016/4/12, 145, 71, , 3, 7
2016/4/13, 129, 28, 1, 4, 7
2016/4/14, 155, 26, 12, 6, 20
2016/4/15, 158, 32, 3, 13, 24
2016/4/16, 171, 11, 4, 3, 12
2016/4/17, 161, 21, 8, 62, 17
2016/4/18, 151, 14, 7, 47, 14
2016/4/19, 147, 25, 9, 5, 10
2016/4/20, 165, 26, 7, 4, 6
2016/4/21, 149, 28, 7, 4, 8
2016/4/22, 150, 38, 9, 14, 24
2016/4/23, 196, 20, 10, 2, 8
2016/4/24, 154, 30, 7, 2, 8
2016/4/25, 140, 17, 8, 2, 14
2016/4/26, 148, 38, , 10, 15
2016/4/27, 196, 17, , 6, 16
2016/4/28, 224, 40, 2, 5, 13
2016/4/29, 184, 38, 2, 9, 16
2016/4/30, 174, 20, 2, 15, 34
2016/5/1, 193, 17, 1, 4, 8
2016/5/2, 171, 19, 1, 2, 8
2016/5/3, 163, 30, 2, 1, 9
2016/5/4, 156, 36, 1, 3, 12
2016/5/5, 158, 29, 1, 3, 14
2016/5/6, 188, 34, 1, 3, 10
2016/5/7, 159, 15, 1, 9, 9
2016/5/8, 154, 18, 1, 1, 8
2016/5/9, 161, 26, 7, 6, 11
2016/5/10, 170, 23, 18, 4, 8
2016/5/11, 143, 38, 23, 2, 10
2016/5/12, 149, 37, 16, 3, 8
2016/5/13, 143, 24, 13, 14, 24
2016/5/14, 154, 21, 17, 1, 9
2016/5/15, 155, 27, 17, 2, 9
2016/5/16, 153, 33, 32, 4, 18
2016/5/17, 161, 31, 16, 11, 24
2016/5/18, 135, 27, 12, 1, 8
2016/5/19, 120, 16, 8, 3, 6
2016/5/20, 110, 36, 19, 1, 16
2016/5/21, 119, 5, 18, 1, 13
2016/5/22, 149, 20, 13, 13, 32
2016/5/23, 148, 27, 15, , 9
2016/5/24, 134, 28, 27, 2, 15
2016/5/25, 141, 29, 18, 40, 74
2016/5/26, 172, 28, 16, 4, 23
2016/5/27, 244, 30, 14, 19, 26
2016/5/28, 300, 22, 12, 1, 11
2016/5/29, 148, 12, 11, , 11
2016/5/30, 159, 24, 25, 7, 44
2016/5/31, 151, 22, 23, 24, 53
2016/6/1, 162, 21, 15, 1, 10
2016/6/2, 158, 29, 11, 4, 9
2016/6/3, 264, 21, 16, 2, 12
2016/6/4, 143, 26, 10, 1, 7
2016/6/5, 150, 21, 11, 1, 6
2016/6/6, 146, 16, 16, 30, 11
2016/6/7, 142, 17, 12, 2, 8
2016/6/8, 145, 15, 11, 3, 8
2016/6/9, 161, 37, 16, 2, 8
2016/6/10, 133, 34, 20, 3, 12
2016/6/11, 167, , , , 
2016/6/13, 145, 20, 14, , 11
2016/6/14, 150, 22, 9, 2, 7
2016/6/15, 159, 11, 12, , 10
2016/6/16, 121, 12, 13, 7, 9
2016/6/17, 126, 12, 18, 4, 12
2016/6/18, 122, 7, 9, 3, 6
2016/6/19, 121, 13, 9, 2, 7
2016/6/20, 128, 37, 15, 14, 18
2016/6/21, 134, 16, 11, 61, 25
2016/6/22, 117, 33, 22, 3, 11
2016/6/23, 158, 24, 12, 4, 7
2016/6/24, 135, 15, 19, 2, 13
2016/6/25, 150, 36, 14, 3, 9
2016/6/26, 185, 10, 20, 2, 13
2016/6/27, 159, 15, 13, 2, 9
2016/6/28, 168, 16, 21, 11, 21
2016/6/29, 128, 31, 18, 2, 7
2016/6/30, 132, 3, 12, 1, 11
2016/1/4, 410, 92, 29, 10, 39
2016/1/5, 415, 41, 31, 4, 46
2016/1/6, 445, 20, 27, 12, 34
2016/1/7, 340, 25, 36, 3, 19
2016/1/8, 318, 27, 27, 4, 11
2016/1/9, 258, 37, 28, 2, 17
2016/1/10, 227, 22, 29, 12, 42
2016/1/11, 301, 25, 23, 35, 68
2016/1/12, 344, 48, 19, 33, 59
2016/1/13, 380, 19, 33, 14, 46
2016/1/14, 410, 16, 30, 14, 46
2016/1/15, 360, 18, 23, 2, 18
2016/1/16, 254, 12, 34, 3, 23
2016/1/17, 238, 20, 26, 3, 16
2016/1/18, 259, 13, 26, 2, 13
2016/1/19, 268, 34, 21, 1, 10
2016/1/20, 242, 11, 19, 2, 9
2016/1/21, 230, 12, 19, 2, 9
2016/1/22, 219, 21, 22, 11, 27
2016/1/23, 327, 11, 36, 3, 24
2016/1/24, 335, 34, 28, 3, 27
2016/1/25, 394, 4, 24, 1, 37
2016/1/26, 431, 46, 27, 3, 14
2016/1/27, 310, 75, 25, 3, 11
2016/1/28, 328, 30, 25, 2, 18
2016/1/29, 344, 40, 24, 13, 37
2016/1/30, 375, 10, 18, 3, 16
2016/1/31, 359, 8, 19, 4, 15
2016/2/1, 302, 10, 19, 1, 13
2016/2/2, 272, 35, 24, 2, 7
2016/2/3, 188, 26, 26, 11, 25
2016/2/4, 217, 3, 28, 2, 21
2016/2/5, 361, , , , 
2016/2/10, 250, 12, 20, 4, 21
2016/2/11, 326, 44, 22, 4, 12
2016/2/12, 248, 13, 31, 5, 35
2016/2/13, 292, 6, 18, 1, 17
2016/2/14, 237, 14, 23, 3, 19
2016/2/15, 251, 2, 28, 5, 13
2016/2/16, 310, 12, 24, 10, 11
2016/2/17, 183, 23, 18, 5, 6
2016/2/18, 233, 21, 15, 5, 6
2016/2/19, 170, 17, 17, 9, 16
2016/2/20, 196, 14, 16, 5, 6
2016/2/21, 188, 26, 18, 12, 23
2016/2/22, 152, 25, 20, 11, 26
2016/2/23, 246, 25, 22, 11, 27
2016/2/24, 212, 25, 26, 12, 26
2016/2/25, 231, 11, 18, 1, 8
2016/2/26, 196, 11, 16, 15, 26
2016/2/27, 182, 9, 19, 3, 17
2016/2/28, 201, 28, 20, 2, 9
2016/2/29, 207, 12, 17, 3, 14
2016/3/1, 168, 26, 21, 3, 11
2016/3/2, 215, 24, 21, 1, 11
2016/3/3, 251, 22, 18, 3, 17
2016/3/4, 235, 31, 18, 3, 14
2016/3/5, 401, 3, 17, 2, 14
2016/3/6, 257, 22, 15, 4, 5
2016/3/7, 161, 21, 11, 3, 5
2016/3/8, 148, 24, 16, 2, 5
2016/3/9, 161, 19, 16, 1, 4
2016/3/10, 163, 8, 7, 14, 5
2016/3/11, 154, 24, 15, 4, 8
2016/3/12, 161, 24, 43, 1, 6
2016/3/13, 98, 14, 25, 3, 10
2016/3/14, 143, 23, 1, 4, 10
2016/3/15, 157, 34, 15, 4, 7
2016/3/16, 157, 27, 16, 5, 14
2016/3/17, 154, 25, 16, 5, 13
2016/3/18, 189, 18, 15, 2, 16
2016/3/19, 153, , , , 
2016/3/21, 158, 36, 8, 1, 5
2016/3/22, 117, 52, 9, 2, 9
2016/3/23, 206, 67, 10, 6, 11
2016/3/24, 222, 15, 19, 4, 15
2016/3/25, 191, 43, 12, 4, 13
2016/3/26, 205, 24, 11, 4, 14
2016/3/27, 201, 22, 5, 2, 8
2016/3/28, 155, 27, 7, 2, 12
2016/3/29, 162, 31, 7, 2, 12
2016/3/30, 191, 25, 5, 3, 14
2016/3/31, 190, 28, 9, 8, 8
2015/12/30, 407, 21, 20, 2, 
2015/12/31, 420, , , , 
2016/1/3, 303, 89, 24, 4, 37
2024/12/31, , 9, 5, 4, 4
2024/7/10, , 15, 4, 2, 2
2024/4/2, , 15, 3, 2, 2
2024/4/6, , 15, 4, 2, 2
2024/4/12, , 25, 4, 2, 2
2024/5/12, , 40, 4, 1, 1
2024/3/15, , 16, 5, 1, 1
2024/3/30, , 19, 4, 1, 2
2023/11/18, , 7, 6, , 
2023/12/6, , 15, 2, 4, 3
2023/12/11, , 5, 3, 5, 5
2023/12/13, , 5, 3, 5, 4
2023/4/2, , 25, 28, 2, 4
2023/5/21, , 8, 17, 3, 5
2022/10/23, , 17, 27, 2, 4
2020/7/27, , 16, , , 17
2020/8/7, , 103, 11, , 7
2020/6/21, , 43, 35, , 25
2019/12/31, , 20, , 4, 
2020/1/5, , 42, 1, 3, 18
2020/2/7, , 6, 24, , 16
2019/10/14, , 20, 13, 28, 26
2018/12/31, , 51, 9, 16, 25
2018/10/21, , 30, 6, 5, 13
2018/11/11, , 40, 1, 5, 13
2018/2/5, , 18, 7, 7, 10
2018/2/18, , 26, 5, 9, 12
2018/2/25, , 22, 2, 4, 8
2018/3/9, , 28, 2, 7, 11
2017/11/8, , 13, 54, 3, 21
2017/12/15, , 4, 22, 6, 19
2017/12/24, , 17, 27, 6, 19
2017/9/4, , 9, 23, , 13
2017/9/9, , 1, 12, , 7
2017/4/23, , 11, 15, 2, 8
2017/5/15, , 6, 2, 2, 9
2017/5/20, , 12, 1, 2, 6
2017/1/1, , 2, 13, 3, 31
2017/2/22, , 28, 101, 2, 10
2017/2/27, , 25, 48, 1, 7
2017/3/13, , 31, 75, 2, 10
2017/3/26, , 21, 34, 10, 35
2016/6/12, , 18, 12, , 9
2016/2/9, , 8, 21, 2, 17
2016/3/20, , 17, 10, 4, 9
2015/12/29, , 21, 23, 1, 17
2016/1/2, , 8, 16, 1, 31
2021/11/21, , , 46, , 6
2021/7/25, , , 56, , 
2021/8/20, , , 37, , 
2021/8/22, , , 28, , 
2021/8/25, , , 37, , 
2021/4/5, , , 48, 7, 22
2021/4/12, , , 39, 7, 23
2021/4/24, , , 40, 7, 
2021/5/22, , , 11, , 
2021/6/20, , , 105, , 
2021/6/27, , , 108, , 
2021/3/26, , , 28, 8, 23
2021/3/30, , , 35, 7, 19
2020/6/14, , , 39, , 29
2020/6/15, , , 42, , 21
2020/6/16, , , 43, , 20
2020/2/17, , , 14, 2, 10
2020/3/4, , , 17, 2, 9
2020/3/30, , , 54, 7, 17
2019/10/8, , , 9, 24, 14
2019/9/25, , , 14, 23, 7
2018/12/14, , , 8, 18, 10
2021/4/11, , , , , 24