date, pm25, pm10, o3, no2, so2, co
2025/5/1, 16, 20, 1, , , 
2025/5/2, 7, 1, 1, , , 
2025/4/1, 69, 76, , , , 
2025/4/2, 57, 75, , , , 
2025/4/3, 53, 71, 7, , , 
2025/4/4, 54, 74, 2, , , 
2025/4/5, 49, 71, 1, , , 
2025/4/6, 53, 53, 4, , , 
2025/4/7, 28, 60, 4, , , 
2025/4/8, 49, 49, 1, , , 
2025/4/9, 27, 44, 1, , , 
2025/4/10, 15, 35, 1, , , 
2025/4/11, 17, 35, , , , 
2025/4/12, 11, 46, 1, , , 
2025/4/13, 16, 56, 2, , , 
2025/4/14, 23, 21, 5, , , 
2025/4/15, 17, 25, , , , 
2025/4/16, 17, 20, , , , 
2025/4/17, 11, 24, , , , 
2025/4/18, 5, 24, , , , 
2025/4/19, 5, 25, , , , 
2025/4/20, 7, 37, , , , 
2025/4/21, 13, 44, 1, , , 
2025/4/22, 19, 56, 1, , , 
2025/4/23, 30, 61, 1, , , 
2025/4/24, 45, 60, , , , 
2025/4/25, 35, 54, 3, , , 
2025/4/26, 31, 51, 1, , , 
2025/4/27, 28, 36, 3, , , 
2025/4/28, 13, 32, 2, , , 
2025/4/29, 12, 43, 1, , , 
2025/4/30, 7, 24, 1, , , 
2025/1/1, 29, 23, 2, , 1, 
2025/1/2, 13, 24, 2, , 1, 
2025/1/3, 10, 22, 2, , 1, 
2025/1/4, 3, 18, 2, , 1, 
2025/1/5, 5, 18, 2, , 1, 
2025/1/6, 3, 29, 5, , 1, 
2025/1/7, 10, 64, 5, , 1, 
2025/1/8, 63, 60, 2, , 1, 
2025/1/9, 52, 43, 3, , 1, 
2025/1/10, 40, 34, 2, , 1, 
2025/1/11, 12, 17, 4, , , 
2025/1/12, 9, 26, 3, , 1, 
2025/1/13, 9, 45, 4, , 1, 
2025/1/14, 26, 41, 4, , , 
2025/1/15, 17, 30, 2, , , 
2025/1/16, 10, 31, 2, , 1, 
2025/1/17, 9, 33, 2, , 1, 
2025/1/18, 10, 30, 3, , , 
2025/1/19, 13, 36, 4, , , 
2025/1/20, 17, 46, 4, , 1, 
2025/1/21, 33, 61, 4, , 1, 
2025/1/22, 52, 43, 7, , 1, 
2025/1/23, 33, 38, 26, , 1, 
2025/1/24, 27, 56, 3, , 1, 
2025/1/25, 39, 67, 5, , , 
2025/1/26, 60, 63, 5, , , 
2025/1/27, 58, 66, 6, , , 
2025/1/28, 58, 90, 9, , , 
2025/1/29, 85, 92, 12, , , 
2025/1/30, 91, 84, 12, , , 
2025/1/31, 109, 67, 8, , , 
2025/2/1, 73, 70, 8, , , 
2025/2/2, 70, 71, 22, , , 
2025/2/3, 61, 66, 7, , , 
2025/2/4, 55, 73, 22, , , 
2025/2/5, 59, 85, 8, , , 
2025/2/6, 74, 72, 3, , , 
2025/2/7, 57, 59, 2, , , 
2025/2/8, 36, 38, 3, , , 
2025/2/9, 27, 65, 5, , , 
2025/2/10, 50, 69, 10, , , 
2025/2/11, 58, 64, 6, , , 
2025/2/12, 62, 67, 7, , , 
2025/2/13, 63, 53, 4, , , 
2025/2/14, 65, 62, 2, , , 
2025/2/15, 26, 70, 5, , , 
2025/2/16, 44, 67, 2, , , 
2025/2/17, 36, 58, 3, , , 
2025/2/18, 35, 51, , , , 
2025/2/19, 28, 61, , , , 
2025/2/20, 30, 53, 8, , , 
2025/2/21, 26, 71, 1, , , 
2025/2/22, 44, 60, 1, , , 
2025/2/23, 36, 58, 3, , , 
2025/2/24, 38, 56, 1, , , 
2025/2/25, 24, 55, 1, , , 
2025/2/26, 26, 51, 1, , , 
2025/2/27, 23, 84, 4, , , 
2025/2/28, 68, 88, 4, , , 
2025/3/1, 68, 60, 6, , , 
2025/3/2, 52, 73, 1, , , 
2025/3/3, 46, 70, 2, , , 
2025/3/4, 36, 80, 2, , , 
2025/3/5, 42, 86, 2, , , 
2025/3/6, 44, 82, 5, , , 
2025/3/7, 55, 78, 4, , , 
2025/3/8, 47, 66, 2, , , 
2025/3/9, 37, 71, 2, , , 
2025/3/10, 42, 87, 3, , , 
2025/3/11, 64, 82, 8, , , 
2025/3/12, 64, 75, 8, , , 
2025/3/13, 62, 73, 5, , , 
2025/3/14, 72, 83, 3, , , 
2025/3/15, 67, 77, 4, , , 
2025/3/16, 72, 58, 4, , , 
2025/3/17, 43, 57, 4, , , 
2025/3/18, 58, 62, 10, , , 
2025/3/19, 53, 66, 7, , , 
2025/3/20, 42, 57, 9, , , 
2025/3/21, 40, 48, 6, , , 
2025/3/22, 20, 39, 6, , , 
2025/3/23, 18, 44, 6, , , 
2025/3/24, 14, 57, 7, , , 
2025/3/25, 26, 66, 7, , , 
2025/3/26, 43, 86, 7, , , 
2025/3/27, 55, 86, 19, , , 
2025/3/28, 71, 83, 1, , , 
2025/3/29, 62, 78, , , , 
2025/3/30, 59, 88, , , , 
2025/3/31, 65, 81, 1, , , 
2024/10/1, 39, 27, 9, , 1, 2
2024/10/2, 17, 11, 24, , 1, 1
2024/10/4, 23, 31, 17, , 1, 1
2024/10/5, 18, 16, 7, , 1, 1
2024/10/6, 5, 15, 7, , 1, 1
2024/10/7, 7, 21, 18, , 1, 2
2024/10/8, 10, 43, 18, , 1, 2
2024/10/9, 18, 37, 13, , 1, 2
2024/10/10, 26, 42, 17, , 1, 2
2024/10/11, 25, 39, 25, , 1, 1
2024/10/12, 24, 55, 14, , 1, 1
2024/10/13, 43, 54, 20, , 1, 2
2024/10/14, 39, 55, 20, , 1, 2
2024/10/15, 36, 71, 12, , 1, 3
2024/10/16, 50, 68, 17, , 1, 3
2024/10/17, 50, 59, 19, , 1, 3
2024/10/18, 50, 55, 6, , 1, 2
2024/10/19, 46, 34, 6, , 1, 2
2024/10/20, 22, 34, 19, , 1, 2
2024/10/21, 26, 24, 59, , 1, 1
2024/10/22, 13, 25, , , 1, 1
2024/10/23, 5, 16, 2, , 1, 1
2024/10/24, 4, 25, 12, , 1, 
2024/10/25, 8, 26, 57, , 1, 
2024/10/26, 9, 25, 29, , 1, 
2024/10/27, 16, 42, 28, , 1, 
2024/10/28, 29, 45, 3, , 1, 
2024/10/29, 26, 43, 14, , 1, 
2024/10/30, 26, 50, 21, , 1, 
2024/10/31, 38, 55, 29, , 1, 
2024/11/1, 42, 48, 5, , 1, 
2024/11/2, 39, 32, 6, , 1, 
2024/11/3, 26, 38, 4, , 1, 
2024/11/4, 24, 30, 5, , 1, 
2024/11/5, 11, 33, 5, , 1, 
2024/11/6, 7, 21, 23, , 1, 
2024/11/7, 6, 29, 11, , 1, 
2024/11/8, 10, 25, 5, , 1, 
2024/11/9, 8, 13, 1, , 1, 
2024/11/10, 7, 25, 3, , 1, 
2024/11/11, 23, 25, 2, , 1, 
2024/11/12, 8, 27, , , 1, 
2024/11/13, 11, 24, , , 1, 
2024/11/14, 5, 25, , , 1, 
2024/11/15, 5, 26, , , 1, 
2024/11/16, 7, 13, , , 1, 
2024/11/17, 7, 25, , , 1, 
2024/11/18, 9, 24, 3, , 1, 
2024/11/19, 6, 21, 7, , 1, 
2024/11/20, 4, 25, 5, , 1, 
2024/11/21, 11, 28, 8, , 1, 
2024/11/22, 15, 40, 12, , 1, 
2024/11/23, 23, 35, 19, , 1, 
2024/11/24, 22, 35, 16, , 1, 
2024/11/25, 23, 27, 4, , 1, 
2024/11/26, 8, 19, 4, , 1, 
2024/11/27, 6, 14, 5, , 1, 
2024/11/29, 3, 22, 2, , 1, 
2024/12/1, 6, 15, 2, , 1, 
2024/12/3, 15, 33, 12, , 1, 
2024/12/4, 15, 53, 10, , 1, 
2024/12/5, 41, 79, 12, , 1, 
2024/12/6, 76, 74, 2, , 1, 
2024/12/7, 59, 26, 13, , 1, 
2024/12/8, 43, 23, 5, , 1, 
2024/12/9, 7, 46, 16, , 1, 
2024/12/10, 37, 57, 14, , 1, 
2024/12/11, 43, 43, 3, , 1, 
2024/12/12, 5, 22, 4, , 1, 
2024/12/13, 6, 25, 2, , 1, 
2024/12/14, 3, 11, 2, , 1, 
2024/12/20, 5, 22, 2, , 1, 
2024/12/21, 8, 21, 3, , 1, 
2024/12/22, 9, 23, 3, , 1, 
2024/12/23, 6, 15, 2, , 1, 
2024/12/24, 3, 26, 3, , 1, 
2024/12/25, 8, 28, 2, , 1, 
2024/12/26, 9, 38, 2, , 1, 
2024/12/27, 12, 23, 2, , 1, 
2024/12/28, 10, 29, 3, , 1, 
2024/12/29, 12, , , , , 
2024/7/1, 5, 9, , , 1, 1
2024/7/2, 4, 16, , , 1, 1
2024/7/3, 15, 16, , , 1, 1
2024/7/4, 15, 7, , , 1, 1
2024/7/5, 13, 27, , , 1, 1
2024/7/6, 19, 8, 2, , 1, 1
2024/7/7, 6, 12, 4, , 1, 1
2024/7/8, 16, 12, 5, , 1, 1
2024/7/9, 5, , , , , 
2024/7/11, 5, 27, 4, , 1, 1
2024/7/12, 13, 14, 4, , 1, 1
2024/7/13, 9, 8, 4, , 1, 1
2024/7/14, 6, 2, 4, , 1, 1
2024/7/15, 5, 1, , , 1, 1
2024/7/16, 4, 13, , , 1, 2
2024/7/17, 12, 14, , , , 2
2024/7/18, 8, 18, 1, , 1, 2
2024/7/19, 23, 15, 48, , , 1
2024/7/20, 8, 3, 11, , 1, 1
2024/7/21, 3, 10, 2, , , 1
2024/7/22, 9, 21, 2, , , 1
2024/7/23, 9, 14, 1, , , 1
2024/7/24, 8, 13, 1, , 1, 1
2024/7/25, 15, 21, 1, , 1, 1
2024/7/26, 20, 14, 1, , 1, 1
2024/7/27, 9, 10, 1, , 1, 1
2024/7/28, 5, 8, 1, , 1, 1
2024/7/30, 31, 9, 2, , 1, 1
2024/7/31, 3, 10, 5, , 1, 1
2024/8/1, 3, 7, 10, , 1, 1
2024/8/2, 2, 19, 16, , 1, 1
2024/8/3, 5, 13, 11, , 1, 1
2024/8/6, 8, 17, 7, , 1, 1
2024/8/7, 10, 13, 4, , 1, 1
2024/8/8, 1, 15, 5, , 1, 1
2024/8/10, 11, 30, 4, , 1, 1
2024/8/11, 5, 27, 11, , 1, 1
2024/8/12, 11, 37, 7, , 1, 1
2024/8/13, 14, 17, 7, , 1, 1
2024/8/14, 4, 19, 17, , 1, 1
2024/8/15, 7, 10, 4, , 1, 1
2024/8/16, 8, 6, 10, , 1, 1
2024/8/18, 7, 3, 7, , 1, 1
2024/8/20, 2, 7, 10, , 1, 
2024/8/21, 2, 7, 10, , , 1
2024/8/22, 6, 14, 12, , 1, 1
2024/8/23, 8, 13, 13, , 1, 1
2024/8/27, 4, 21, 15, , 1, 2
2024/8/29, 8, 25, 8, , 1, 2
2024/8/30, 7, 25, 4, , 1, 2
2024/8/31, 7, 13, 4, , 1, 1
2024/9/1, 8, 22, 3, , 1, 2
2024/9/2, 7, 20, 2, , 1, 2
2024/9/3, 3, 25, 3, , 1, 2
2024/9/4, 5, 21, 4, , 1, 2
2024/9/5, 7, 32, 9, , 1, 2
2024/9/6, 14, 23, 20, , 1, 1
2024/9/7, 5, 15, 6, , 1, 1
2024/9/8, 7, 21, 6, , 1, 1
2024/9/9, 8, 20, 18, , 1, 1
2024/9/10, 3, 27, 7, , 1, 2
2024/9/11, 7, 27, 10, , 1, 2
2024/9/12, 7, 22, 9, , 1, 1
2024/9/13, 13, 23, 23, , 1, 1
2024/9/14, 20, 10, 5, , 1, 1
2024/9/15, 5, 38, 13, , 1, 1
2024/9/16, 17, 46, 12, , 1, 2
2024/9/17, 23, 44, 7, , 1, 2
2024/9/18, 20, 44, 15, , 1, 2
2024/9/19, 22, 42, 9, , 1, 2
2024/9/20, 23, 36, 10, , 1, 2
2024/9/21, 20, 24, 30, , 1, 1
2024/9/22, 14, 28, 30, , 1, 1
2024/9/23, 16, 21, 5, , 1, 2
2024/9/24, 14, 9, 7, , 1, 1
2024/9/25, 10, 19, 12, , 1, 1
2024/9/26, 11, 23, 47, , 1, 2
2024/9/27, 9, 22, 41, , 1, 2
2024/9/28, 11, 15, 23, , 1, 1
2024/9/29, 5, 32, 10, , 1, 2
2024/9/30, 21, 47, 5, , 1, 2
2024/4/1, 105, , , , , 
2024/4/3, 120, 71, 26, , 1, 2
2024/4/4, 142, 84, 12, , 1, 3
2024/4/5, 156, , , , , 
2024/4/7, 156, 42, 8, , , 2
2024/4/8, 65, 29, , , , 2
2024/4/9, 53, 61, , , , 3
2024/4/10, 109, 62, , , 1, 2
2024/4/11, 106, , , , , 
2024/4/13, 105, 67, , , , 2
2024/4/14, 117, 84, 8, , , 3
2024/4/15, 147, 83, 4, , , 3
2024/4/16, 142, 64, 3, , 1, 2
2024/4/17, 114, 50, 6, , 1, 2
2024/4/18, 71, 59, 7, , 1, 2
2024/4/19, 54, 62, 3, , 1, 2
2024/4/20, 56, 58, 3, , 1, 1
2024/4/21, 57, 57, 1, , 1, 2
2024/4/22, 55, 66, 1, , 1, 2
2024/4/23, 58, 62, , , , 3
2024/4/24, 62, 64, 3, , , 3
2024/4/25, 55, , , , , 
2024/4/27, 49, 58, 4, , 1, 2
2024/4/28, 55, 70, 4, , 1, 2
2024/4/29, 67, 68, 4, , , 2
2024/4/30, 67, 60, 6, , , 1
2024/5/1, 58, 39, 5, , 1, 1
2024/5/2, 46, 57, 1, , 1, 1
2024/5/3, 40, 41, 4, , 1, 1
2024/5/4, 30, 30, 9, , , 1
2024/5/5, 25, 20, 11, , 1, 1
2024/5/6, 17, 41, 18, , 1, 2
2024/5/7, 25, 35, 7, , 1, 2
2024/5/8, 34, 29, 11, , , 2
2024/5/9, 16, 31, 18, , 1, 2
2024/5/10, 27, 28, 6, , 1, 2
2024/5/11, 13, , , , , 
2024/5/13, 17, 40, 2, , , 3
2024/5/14, 33, 38, , , , 3
2024/5/15, 25, 58, 7, , 1, 4
2024/5/16, 61, 51, 133, , 1, 2
2024/5/17, 54, 41, 11, , 1, 2
2024/5/18, 43, 36, 4, , , 1
2024/5/19, 35, 57, 4, , 1, 2
2024/5/20, 51, 49, 4, , 1, 2
2024/5/21, 42, 32, 2, , 1, 2
2024/5/22, 27, 25, 1, , 1, 2
2024/5/23, 19, 20, 2, , 1, 2
2024/5/24, 28, 17, 3, , 1, 1
2024/5/25, 16, 4, 3, , 1, 1
2024/5/26, 17, 9, 7, , 1, 1
2024/5/27, 23, 5, 9, , 1, 1
2024/5/28, 12, 55, , , 1, 1
2024/5/29, 60, 49, 1, , , 1
2024/5/30, 53, 51, , , 1, 1
2024/5/31, 50, 58, , , 1, 2
2024/6/1, 50, 51, 1, , 1, 1
2024/6/2, 42, 34, 1, , 1, 1
2024/6/3, 34, 25, 1, , 1, 1
2024/6/4, 19, 36, 1, , 1, 1
2024/6/5, 31, 46, 2, , 1, 2
2024/6/6, 39, 40, 2, , 1, 2
2024/6/7, 44, 51, 6, , 1, 2
2024/6/8, 44, 27, 4, , 1, 1
2024/6/9, 43, 38, 6, , 1, 1
2024/6/10, 30, 57, 5, , 1, 2
2024/6/11, 43, 35, 17, , 1, 2
2024/6/12, 37, 24, 3, , 1, 1
2024/6/13, 20, 40, 10, , 1, 1
2024/6/14, 35, 41, 4, , 1, 1
2024/6/15, 48, 29, 3, , , 1
2024/6/16, 30, 25, 77, , , 1
2024/6/17, 22, 31, 13, , , 1
2024/6/18, 37, 19, 5, , 1, 1
2024/6/19, 18, 19, 3, , 1, 2
2024/6/20, 17, 19, 2, , 1, 2
2024/6/21, 14, 15, 2, , 1, 1
2024/6/22, 14, 9, 2, , 1, 1
2024/6/23, 9, 21, 4, , 1, 1
2024/6/24, 18, 20, 5, , 1, 2
2024/6/25, 14, 13, 1, , 1, 2
2024/6/26, 8, 17, , , 1, 1
2024/6/27, 13, 11, , , 1, 1
2024/6/28, 9, 9, , , 1, 
2024/6/29, 12, 3, 2, , 1, 1
2024/6/30, 4, 1, 2, , 1, 1
2024/1/1, 68, 14, 4, , , 1
2024/1/2, 28, 13, 3, , , 1
2024/1/3, 27, 12, 1, , , 1
2024/1/4, 26, 19, 1, , , 1
2024/1/5, 39, 25, 2, , , 1
2024/1/6, 46, 20, 2, , , 1
2024/1/7, 42, 35, 1, , , 1
2024/1/8, 64, 41, 4, , , 1
2024/1/9, 71, 32, 2, , , 1
2024/1/10, 52, 31, 1, , , 2
2024/1/11, 45, 42, 1, , , 2
2024/1/12, 74, 25, 2, , , 2
2024/1/13, 51, 21, 1, , , 2
2024/1/14, 42, 29, , , , 2
2024/1/15, 60, 35, 3, , , 2
2024/1/16, 61, 37, 5, , , 2
2024/1/17, 66, 42, 5, , , 1
2024/1/18, 74, 59, 4, , , 4
2024/1/19, 91, 52, 4, , , 2
2024/1/20, 85, 39, 7, , , 1
2024/1/21, 67, 55, 8, , , 2
2024/1/22, 97, 40, 10, , , 2
2024/1/23, 70, 40, 9, , , 2
2024/1/24, 71, 45, 10, , , 2
2024/1/25, 76, 45, 11, , , 1
2024/1/26, 77, 57, 11, , , 2
2024/1/27, 99, 58, 11, , , 2
2024/1/28, 105, 55, 12, , , 2
2024/1/29, 94, 54, 11, , , 2
2024/1/30, 91, 100, 11, , , 3
2024/1/31, 160, 83, 11, , , 2
2024/2/1, 150, 62, 12, , , 2
2024/2/2, 98, 68, 10, , , 2
2024/2/3, 127, 66, 14, , , 2
2024/2/4, 120, 65, 17, , , 2
2024/2/5, 113, 68, 15, , , 2
2024/2/6, 121, 76, 14, , , 2
2024/2/7, 141, 66, 13, , , 2
2024/2/8, 121, 62, 13, , , 2
2024/2/9, 106, 46, 13, , , 1
2024/2/10, 78, 40, 7, , , 1
2024/2/11, 69, 51, 7, , , 2
2024/2/12, 86, 52, 9, , , 2
2024/2/13, 80, 57, 15, , , 2
2024/2/14, 100, 53, 13, , , 2
2024/2/15, 86, 69, 15, , , 2
2024/2/16, 124, 65, 9, , , 2
2024/2/17, 116, 62, 14, , , 2
2024/2/18, 95, 66, 9, , , 2
2024/2/19, 118, 72, 13, , , 2
2024/2/20, 128, 69, 15, , , 1
2024/2/21, 122, 59, 13, , , 1
2024/2/22, 99, 46, 7, , , 1
2024/2/23, 77, 52, 5, , , 1
2024/2/24, 88, 52, 5, , , 1
2024/2/25, 87, 56, 4, , , 1
2024/2/26, 94, 46, 5, , , 1
2024/2/27, 82, 53, 11, , , 2
2024/2/28, 93, 79, 5, , , 2
2024/2/29, 142, 69, 7, , , 2
2024/3/1, 127, 54, 5, , , 2
2024/3/2, 90, 58, 6, , , 2
2024/3/3, 101, 63, 5, , , 2
2024/3/4, 113, 57, 6, , , 2
2024/3/5, 101, 53, 5, , , 2
2024/3/6, 86, 45, 5, , , 1
2024/3/7, 75, 51, 5, , , 2
2024/3/8, 89, 57, 6, , , 2
2024/3/9, 95, 56, 7, , , 2
2024/3/10, 90, 59, 9, , , 2
2024/3/11, 99, 78, 15, , , 2
2024/3/12, 143, 74, , , , 3
2024/3/13, 132, 64, , , , 2
2024/3/14, 108, , , , , 
2024/3/16, 128, 59, , , , 2
2024/3/17, 95, 63, 9, , , 2
2024/3/18, 106, 69, 3, , , 3
2024/3/19, 121, 44, , , , 2
2024/3/20, 77, 43, 1, , , 2
2024/3/21, 75, 34, 2, , , 1
2024/3/22, 61, 47, 3, , , 1
2024/3/23, 76, 41, 3, , , 1
2024/3/24, 72, 54, 2, , , 1
2024/3/25, 83, 37, 2, , , 1
2024/3/26, 58, 62, 8, , , 2
2024/3/27, 107, 58, 6, , , 2
2024/3/28, 96, 42, 3, , , 1
2024/3/29, 71, 63, 11, , 1, 2
2024/3/30, 109, 33, 5, , , 1
2024/3/31, 59, 58, 19, , , 1
2023/10/10, 98, 49, 4, , , 2
2023/10/11, 98, 54, 2, , , 2
2023/10/12, 111, 51, 2, , , 2
2023/10/13, 63, 59, 2, , , 3
2023/10/14, 49, 57, 2, , , 2
2023/10/15, 46, 49, 2, , , 2
2023/10/16, 44, 34, 2, , , 2
2023/10/17, 23, 27, 2, , , 2
2023/10/18, 17, 31, 1, , , 2
2023/10/19, 16, 34, 2, , , 2
2023/10/20, 22, 29, 2, , , 2
2023/10/21, 15, 16, 2, , , 1
2023/10/22, 12, 19, 2, , , 1
2023/10/23, 7, 10, 3, , , 1
2023/10/24, 7, 7, 2, , , 1
2023/10/25, 5, 29, 2, , , 2
2023/10/26, 18, 30, 2, , , 2
2023/10/27, 25, 28, 3, , , 2
2023/10/28, 23, 27, 4, , , 1
2023/10/29, 23, 30, 5, , , 1
2023/10/30, 34, 40, 5, , , 2
2023/10/31, 33, 34, 5, , , 1
2023/11/1, 23, 31, 5, , , 1
2023/11/2, 20, 30, 8, , , 1
2023/11/3, 28, 51, 9, , , 2
2023/11/4, 44, 51, 15, , , 2
2023/11/5, 53, 39, 7, , , 1
2023/11/6, 37, 35, 6, , , 1
2023/11/7, 20, 45, 7, , , 2
2023/11/8, 26, 43, 7, , , 2
2023/11/9, 24, 33, 7, , , 1
2023/11/10, 19, 23, , , , 2
2023/11/11, 18, , , , , 
2023/11/19, 7, , 1, , , 1
2023/11/23, 21, 11, , , , 2
2023/11/24, 19, 13, , , , 1
2023/11/25, 30, 9, , , , 1
2023/11/26, 19, 22, , , , 1
2023/11/27, 49, 23, , , , 1
2023/11/28, 50, 21, 2, , , 1
2023/11/29, 41, 22, 2, , , 1
2023/11/30, 42, 17, , , , 1
2023/12/1, 35, 18, 1, , , 1
2023/12/2, 37, 15, 3, , , 1
2023/12/3, 30, 22, 3, , , 1
2023/12/4, 43, 14, 3, , , 2
2023/12/5, 28, , , , , 
2023/12/7, 6, 10, , , , 1
2023/12/8, 15, 20, , , , 1
2023/12/9, 40, 16, 1, , , 1
2023/12/10, 35, 19, 2, , , 2
2023/12/11, 45, 15, 2, , , 1
2023/12/12, 36, , , , , 
2023/12/14, 78, 44, 2, , , 2
2023/12/15, 76, 27, 8, , , 2
2023/12/16, 49, 9, 1, , , 1
2023/12/17, 21, 7, 1, , , 1
2023/12/18, 16, 13, 1, , , 1
2023/12/19, 28, 14, 3, , , 1
2023/12/20, 28, 22, 4, , , 1
2023/12/21, 46, 18, 3, , , 1
2023/12/22, 37, 24, , , , 1
2023/12/23, 50, 15, 3, , , 1
2023/12/24, 32, 19, 3, , , 1
2023/12/25, 42, 17, 4, , , 1
2023/12/26, 36, 13, 1, , , 1
2023/12/27, 29, 12, 1, , , 1
2023/12/28, 26, 14, 1, , , 1
2023/12/29, 29, 14, 2, , , 1
2023/12/30, 33, 21, 4, , , 1
2023/12/31, 38, 60, 4, , , 1
2023/7/1, 18, 20, , , , 2
2023/7/2, 11, 17, , , , 9
2023/7/3, 24, 22, , , , 10
2023/7/4, 35, 10, , , , 1
2023/7/5, 5, 7, , , , 1
2023/7/6, 4, 9, , , , 1
2023/7/7, 11, 10, , , , 1
2023/7/8, 5, 9, , , , 1
2023/7/10, 8, 15, , , , 1
2023/7/11, 12, 11, , , , 1
2023/7/12, 5, 9, , , , 1
2023/7/13, 4, 10, , , , 1
2023/7/14, 5, 12, , , , 1
2023/7/15, 5, 11, , , , 1
2023/7/16, 6, 22, , , , 2
2023/7/17, 16, 22, , , , 2
2023/7/18, 7, 17, , , , 1
2023/7/19, 8, 22, , , , 2
2023/7/20, 10, 19, , , , 2
2023/7/21, 10, 20, , , , 2
2023/7/22, 11, 11, , , , 2
2023/7/23, 2, 22, , , , 2
2023/7/24, 8, 13, , , , 2
2023/7/25, 7, 6, , , , 1
2023/7/26, 5, 8, , , , 1
2023/7/27, 9, 12, , , , 1
2023/7/29, 6, 11, , , , 2
2023/7/30, 7, 16, , , , 1
2023/7/31, 9, 11, , , , 1
2023/8/1, 23, 11, , , , 1
2023/8/2, 9, 16, , , , 1
2023/8/3, 15, 12, , , , 1
2023/8/4, 6, 16, , , , 1
2023/8/5, 9, 3, , , , 1
2023/8/6, 2, 3, , , , 1
2023/8/7, 9, , , , , 
2023/8/29, 11, 51, 1, , , 2
2023/8/30, 73, 33, 1, , , 3
2023/8/31, 58, 34, 2, , , 3
2023/9/1, 61, 47, 2, , , 3
2023/9/2, 84, 16, 2, , , 1
2023/9/3, 36, 23, 2, , , 3
2023/9/4, 28, 29, 2, , , 2
2023/9/5, 27, , , , , 
2023/4/3, 14, 44, 4, , , 1
2023/4/4, 31, 42, 4, , , 1
2023/4/5, 37, 58, 1, , , 1
2023/4/6, 36, 58, 2, , , 2
2023/4/7, 20, 65, 2, , , 2
2023/4/8, 29, 80, 5, , , 2
2023/4/9, 46, 99, 8, , , 3
2023/4/10, 73, 99, 2, , , 3
2023/4/11, 71, 92, 3, , , 3
2023/4/12, 61, 93, 5, , , 2
2023/4/13, 67, 84, 10, , , 2
2023/4/14, 61, 93, 3, , , 3
2023/4/15, 72, 87, 3, , , 2
2023/4/16, 59, 88, 6, , , 2
2023/4/17, 70, 85, 3, , , 2
2023/4/18, 67, 87, 5, , , 2
2023/4/19, 82, 83, 4, , , 2
2023/4/20, 79, 52, 7, , , 1
2023/4/21, 46, 38, 5, , , 1
2023/4/22, 26, , , , , 
2023/4/24, 21, 35, 2, , , 1
2023/4/25, 16, 50, 3, , , 2
2023/4/26, 25, 59, 4, , , 2
2023/4/27, 35, 43, 4, , , 1
2023/4/28, 35, 54, 3, , , 2
2023/4/29, 36, 48, 3, , , 1
2023/4/30, 43, 50, 5, , , 1
2023/5/1, 37, 40, 2, , , 1
2023/5/2, 30, 45, 3, , , 1
2023/5/3, 28, 23, 2, , , 1
2023/5/4, 15, 25, 1, , , 1
2023/5/5, 14, 43, 2, , , 1
2023/5/6, 22, 53, 2, , , 1
2023/5/7, 37, 61, 4, , , 1
2023/5/8, 41, 77, 2, , , 2
2023/5/9, 52, 75, 3, , , 1
2023/5/10, 59, 71, 3, , , 1
2023/5/11, 56, 66, 2, , , 3
2023/5/12, 63, 43, , , , 4
2023/5/13, 39, 8, , , , 2
2023/5/14, 4, 21, , , , 3
2023/5/15, 10, 35, , , , 3
2023/5/16, 34, 26, , , , 2
2023/5/17, 19, 28, , , , 2
2023/5/18, 14, 30, , , , 2
2023/5/19, 18, , , , , 
2023/5/22, 46, 54, , , , 3
2023/5/23, 44, 34, , , , 2
2023/5/24, 29, 36, , , , 3
2023/5/25, 18, 31, , , , 3
2023/5/26, 26, 31, , , , 3
2023/5/27, 14, 34, , , , 3
2023/5/28, 17, 44, , , , 4
2023/5/29, 24, 45, , , , 4
2023/5/30, 33, 44, , , , 5
2023/5/31, 35, 55, , , , 5
2023/6/1, 40, 66, , , , 5
2023/6/2, 55, 64, , , , 4
2023/6/3, 42, 58, , , , 4
2023/6/4, 44, 59, , , , 5
2023/6/5, 44, 46, , , , 3
2023/6/6, 30, 33, , , , 4
2023/6/7, 20, 23, , , , 4
2023/6/8, 7, 14, , , , 3
2023/6/9, 9, 9, , , , 3
2023/6/10, 4, 20, , , , 3
2023/6/11, 9, 44, , , , 3
2023/6/12, 27, 50, , , , 3
2023/6/13, 32, 40, , , , 2
2023/6/14, 38, 35, , , , 2
2023/6/15, 23, 18, , , , 2
2023/6/16, 17, 28, , , , 2
2023/6/17, 19, 22, , , , 2
2023/6/18, 15, 20, , , , 2
2023/6/19, 11, 20, , , , 2
2023/6/20, 10, 25, , , , 3
2023/6/21, 15, 14, , , , 2
2023/6/22, 5, 14, , , , 2
2023/6/23, 6, 18, , , , 2
2023/6/24, 7, 13, , , , 2
2023/6/25, 5, 13, , , , 2
2023/6/26, 9, 17, , , , 2
2023/6/27, 7, 22, , , , 2
2023/6/28, 17, 33, , , , 2
2023/6/29, 9, 19, , , , 2
2023/6/30, 11, 27, , , , 2
2023/1/2, 40, 42, 5, , , 2
2023/1/3, 45, 30, 2, , , 2
2023/1/4, 32, 25, , , , 2
2023/1/5, 28, 25, 1, , , 2
2023/1/6, 28, 26, , , , 2
2023/1/7, 16, 17, , , , 2
2023/1/8, 14, 23, , , , 3
2023/1/9, 11, 22, , , , 2
2023/1/10, 17, 32, , , , 2
2023/1/11, 22, 30, 2, , , 2
2023/1/12, 36, 55, 2, , , 3
2023/1/13, 55, 67, 3, , , 3
2023/1/14, 70, 60, 2, , , 2
2023/1/15, 63, 77, 5, 1, , 3
2023/1/16, 77, 75, 5, , , 3
2023/1/17, 83, 70, 3, , , 3
2023/1/18, 72, 57, 2, , , 3
2023/1/19, 57, 38, 1, , , 2
2023/1/20, 35, 13, 6, , , 1
2023/1/21, 15, 38, 1, , , 2
2023/1/22, 32, 45, 1, , , 3
2023/1/23, 42, 50, 1, , , 3
2023/1/24, 47, 68, 3, , , 3
2023/1/25, 74, 84, 2, , , 3
2023/1/26, 93, 103, 2, , , 4
2023/1/27, 113, 73, 2, , , 4
2023/1/28, 77, 57, 1, , , 2
2023/1/29, 64, 32, 2, , , 1
2023/1/30, 31, 40, 1, , , 2
2023/1/31, 32, 55, 1, , , 3
2023/2/1, 45, 65, 1, , , 4
2023/2/2, 59, 49, 1, , , 3
2023/2/3, 49, 46, 1, , , 2
2023/2/4, 44, 63, 2, , , 2
2023/2/5, 60, 76, 4, , , 3
2023/2/6, 80, 80, 13, , , 3
2023/2/7, 75, 64, 4, , , 2
2023/2/8, 62, 57, 2, , , 2
2023/2/9, 48, 66, 6, , , 2
2023/2/10, 65, 73, 7, , , 2
2023/2/11, 63, 73, 8, , , 2
2023/2/12, 75, 91, 5, 1, , 3
2023/2/13, 74, 72, 4, , , 2
2023/2/14, 46, 65, 5, , , 2
2023/2/15, 47, 66, 5, , , 2
2023/2/16, 58, 67, 19, , , 3
2023/2/17, 55, 73, 10, , , 3
2023/2/18, 63, 74, 3, , , 3
2023/2/19, 70, 93, 2, , , 4
2023/2/20, 85, 94, 13, , , 4
2023/2/21, 102, , , , , 
2023/3/1, 73, 82, 6, , , 
2023/3/2, 79, 84, 1, , , 
2023/3/3, 65, 83, 2, , , 
2023/3/4, 71, 80, 3, , , 
2023/3/5, 71, 81, 9, , , 
2023/3/6, 69, 76, 3, , , 
2023/3/7, 60, 68, 2, , , 
2023/3/8, 54, 82, 10, 1, , 6
2023/3/9, 88, 69, 4, , , 4
2023/3/10, 63, 77, 2, , , 5
2023/3/11, 65, 78, 2, , , 4
2023/3/12, 73, 70, 6, , , 3
2023/3/13, 59, 98, 9, , , 4
2023/3/14, 98, 93, 7, , , 3
2023/3/15, 92, 77, 3, , , 2
2023/3/16, 74, 82, , , , 3
2023/3/17, 67, 67, 2, , , 3
2023/3/18, 60, 51, 24, , , 2
2023/3/19, 53, 20, 2, , , 1
2023/3/20, 21, 18, 3, , , 1
2023/3/21, 7, 25, 2, , , 1
2023/3/22, 15, 32, 3, , , 1
2023/3/23, 20, 43, 1, , , 1
2023/3/24, 28, 56, 1, , , 2
2023/3/25, 40, 57, 4, , , 1
2023/3/26, 51, 55, 2, , , 2
2023/3/27, 53, 54, 2, , , 2
2023/3/28, 50, 42, 19, , , 1
2023/3/29, 38, 49, 23, , , 1
2023/3/30, 40, 41, 6, , , 1
2023/3/31, 30, , , , , 
2022/10/1, 14, 8, 6, , 8, 2
2022/10/2, 7, 10, 1, , 8, 2
2022/10/3, 5, 15, 1, , 8, 2
2022/10/4, 6, 13, 25, , 8, 2
2022/10/5, 4, 14, 1, , 8, 2
2022/10/6, 8, 21, 1, , 8, 3
2022/10/7, 12, 22, , , 8, 3
2022/10/8, 14, 24, 1, , 8, 2
2022/10/9, 18, 23, 2, , 8, 3
2022/10/10, 14, 16, 14, , 8, 2
2022/10/11, 6, 17, 1, , 8, 2
2022/10/12, 10, 15, 1, , 8, 2
2022/10/13, 7, 20, , , 7, 3
2022/10/14, 10, 23, 1, , 8, 3
2022/10/15, 16, 20, 1, , 7, 1
2022/10/16, 19, , , , , 
2022/10/24, 4, 9, 2, , 7, 1
2022/10/25, 13, 31, 1, , 8, 3
2022/10/26, 24, 36, 8, , 8, 3
2022/10/27, 27, 24, 3, , 8, 2
2022/10/28, 29, 23, 1, , 8, 2
2022/10/29, 13, 18, , , 8, 2
2022/10/30, 10, 23, , , 8, 3
2022/10/31, 6, 20, 1, , 8, 2
2022/11/1, 7, 19, 26, , 8, 2
2022/11/2, 9, 21, 7, , 7, 3
2022/11/3, 8, 23, 1, , 8, 3
2022/11/4, 12, 22, 1, , 7, 3
2022/11/5, 7, 17, 1, , 8, 2
2022/11/6, 7, 22, 1, , 7, 3
2022/11/7, 16, 17, 1, , 7, 2
2022/11/8, 10, 22, 1, , 7, 2
2022/11/9, 10, 19, 1, , 8, 2
2022/11/10, 7, 22, 1, , 7, 3
2022/11/11, 8, 27, 1, , 8, 2
2022/11/12, 9, 23, 1, , 8, 2
2022/11/13, 12, 22, 2, , 8, 2
2022/11/14, 13, 18, 1, , 7, 2
2022/11/15, 14, 20, 2, , 7, 2
2022/11/16, 13, 23, 1, , 8, 2
2022/11/17, 8, 23, 3, , 8, 2
2022/11/18, 8, 21, 3, , 7, 2
2022/11/19, 8, 19, 3, , 7, 1
2022/11/20, 7, 22, 4, , 7, 2
2022/11/21, 28, 25, 2, , 7, 2
2022/11/22, 13, 23, 2, , 7, 2
2022/11/23, 9, 22, 2, , 7, 2
2022/11/24, 10, 19, 3, , 5, 2
2022/11/25, 7, 15, 1, , 1, 1
2022/11/26, 5, 14, 1, , 1, 1
2022/11/27, 6, 24, 1, , 1, 2
2022/11/28, 9, 22, 1, , 1, 3
2022/11/29, 7, 33, 1, , 1, 3
2022/11/30, 23, 35, 1, , 1, 4
2022/12/1, 15, 30, 1, , 1, 3
2022/12/2, 13, 21, 1, , 1, 3
2022/12/3, 9, 15, 1, , 1, 1
2022/12/4, 8, 18, 1, , 1, 2
2022/12/5, 12, 20, 1, , 1, 2
2022/12/6, 9, 21, 1, , 1, 2
2022/12/7, 8, 15, 1, , 1, 1
2022/12/8, 16, 19, 4, , 1, 1
2022/12/9, 16, 16, 3, , , 1
2022/12/10, 13, 23, 4, , 1, 1
2022/12/11, 26, 38, 3, , 1, 2
2022/12/12, 39, 51, 1, , 1, 3
2022/12/13, 45, 62, 2, , , 4
2022/12/14, 58, 72, 5, , , 4
2022/12/15, 74, 54, 2, , , 4
2022/12/16, 53, 25, 2, , , 5
2022/12/17, 30, 22, 2, , , 2
2022/12/18, 13, 35, 2, , , 3
2022/12/19, 29, 41, 2, , , 3
2022/12/20, 42, 16, 4, , , 1
2022/12/21, 44, 27, 1, , , 2
2022/12/22, 18, 38, 1, , , 3
2022/12/23, 28, 22, 1, , , 2
2022/12/24, 21, 41, 1, , , 2
2022/12/25, 32, 55, 3, 5, , 2
2022/12/26, 56, 49, 4, 3, , 2
2022/12/27, 61, 54, 13, 9, , 2
2022/12/28, 59, 50, 7, 5, , 3
2022/12/29, 81, 47, 10, , , 2
2022/12/30, 73, 62, 2, , , 4
2022/12/31, 79, 53, , , , 3
2023/1/1, 62, 33, 1, , , 2
2022/7/1, 10, 13, 46, , 7, 1
2022/7/2, 8, 11, 50, , 7, 1
2022/7/3, 11, 16, 42, , 7, 2
2022/7/4, 11, 11, 36, , 7, 2
2022/7/5, 12, 11, 31, , 7, 1
2022/7/6, 7, 13, 27, , 7, 2
2022/7/7, 10, 17, , , 7, 2
2022/7/8, 10, 14, , , 7, 1
2022/7/9, 5, 9, 1, , 7, 1
2022/7/10, 11, 10, , , 7, 2
2022/7/11, 6, 13, , , 7, 2
2022/7/12, 8, 16, , , 7, 2
2022/7/13, 10, 17, 1, , 8, 2
2022/7/14, 6, 16, , , 8, 2
2022/7/15, 12, 12, , , 8, 1
2022/7/16, 9, 7, , , 7, 
2022/7/17, 5, 16, 1, , 7, 1
2022/7/18, 8, 12, 1, , 7, 1
2022/7/19, 4, 12, 1, , 7, 1
2022/7/20, 6, 19, 1, , 7, 1
2022/7/21, 11, 14, , , 7, 2
2022/7/22, 7, 12, 1, , 7, 1
2022/7/23, 5, 7, 1, , 7, 
2022/7/24, 17, 13, , , 7, 2
2022/7/25, 6, 7, , , 7, 3
2022/7/26, 11, 20, , , 7, 3
2022/7/27, 9, 25, , , 7, 3
2022/7/28, 16, 26, , , 7, 3
2022/7/29, 14, 21, 1, , 7, 2
2022/7/30, 12, 10, , , 7, 
2022/7/31, 9, 15, , , 7, 2
2022/8/1, 9, 19, 1, , 7, 2
2022/8/2, 9, 17, 1, , 7, 3
2022/8/3, 9, 14, , , 7, 2
2022/8/4, 7, 14, , , 7, 3
2022/8/5, 9, 12, 2, , 7, 2
2022/8/6, 6, 12, , , 7, 1
2022/8/7, 4, 16, 2, , 7, 2
2022/8/8, 4, 24, 1, , 7, 1
2022/8/9, 4, 17, 1, , 7, 1
2022/8/10, 6, 14, 3, , 7, 2
2022/8/11, 7, 16, 1, , 7, 2
2022/8/12, 4, 10, 1, , 7, 1
2022/8/13, 8, 7, 5, , 7, 1
2022/8/14, 5, 23, 2, , 7, 1
2022/8/15, 6, 41, , , 7, 2
2022/8/16, 20, 30, , , 7, 3
2022/8/17, 15, 23, , , 7, 2
2022/8/18, 10, 14, 1, , 7, 1
2022/8/19, 6, 14, , , 7, 1
2022/8/20, 7, 18, 1, , 7, 1
2022/8/21, 7, 19, 1, , 7, 2
2022/8/22, 9, 15, 7, , 7, 1
2022/8/23, 5, 10, 1, , 7, 1
2022/8/25, 11, 22, 2, , 7, 3
2022/8/26, 10, 19, 3, , 7, 1
2022/8/27, 12, 19, 2, , 7, 1
2022/8/28, 9, 24, 3, , 7, 3
2022/8/29, 14, 30, 3, , 7, 3
2022/8/30, 13, 25, 3, , 7, 3
2022/8/31, 11, 16, 4, , 7, 2
2022/9/1, 11, 14, 3, , 7, 2
2022/9/2, 19, 11, 3, , 7, 1
2022/9/3, 8, 8, 3, , 7, 
2022/9/4, 7, 9, 4, , 7, 1
2022/9/5, 5, 19, 3, , 7, 2
2022/9/6, 8, 18, 5, , 7, 2
2022/9/7, 7, 24, 7, , 7, 2
2022/9/8, 14, 33, 6, , 7, 2
2022/9/9, 17, 18, 6, , 7, 2
2022/9/10, 9, 5, 4, , 7, 
2022/9/12, 5, 10, 4, , 7, 2
2022/9/13, 7, 14, , , 7, 2
2022/9/14, 6, 17, 1, , 7, 2
2022/9/15, 6, 19, 1, , 7, 2
2022/9/16, 10, 24, , , 7, 2
2022/9/17, 9, 16, , , 7, 2
2022/9/18, 9, 13, 1, , 7, 2
2022/9/19, 17, 12, 4, , 7, 1
2022/9/20, 13, 17, 1, , 8, 2
2022/9/21, 7, 22, 1, , 8, 3
2022/9/22, 15, 16, , , 8, 3
2022/9/23, 9, 11, , , 8, 4
2022/9/24, 5, , , , , 
2022/9/26, 18, 18, 1, , 8, 3
2022/9/27, 10, 21, , , 8, 3
2022/9/28, 10, 21, , , 8, 4
2022/9/29, 11, 26, 1, , 8, 4
2022/9/30, 14, 30, 1, , 8, 3
2022/4/1, 37, 62, 45, , 4, 3
2022/4/2, 39, 63, 63, , 4, 2
2022/4/3, 57, 56, 39, , 3, 2
2022/4/4, 62, 62, 4, , 4, 3
2022/4/5, 52, 56, 2, , 4, 3
2022/4/6, 45, 72, 5, , 4, 5
2022/4/7, 53, 72, 22, , 4, 4
2022/4/8, 92, 71, 7, , 4, 4
2022/4/9, 57, 41, 7, , 3, 2
2022/4/10, 31, 40, 6, , 4, 2
2022/4/11, 23, 52, 9, , 4, 2
2022/4/12, 37, 58, 6, , 4, 3
2022/4/13, 50, 42, 6, , 4, 1
2022/4/14, 25, 37, 5, , 4, 1
2022/4/15, 29, 47, 5, , 4, 1
2022/4/16, 31, 41, 6, , 4, 1
2022/4/17, 25, 44, 3, , 5, 2
2022/4/18, 24, 52, 6, , 5, 3
2022/4/19, 35, 22, 5, , 3, 1
2022/4/20, 18, 27, 3, , 4, 2
2022/4/21, 20, 48, 6, , 4, 1
2022/4/22, 70, 41, 6, , 5, 1
2022/4/23, 28, 52, 6, , 5, 1
2022/4/24, 42, 67, 7, , 5, 3
2022/4/25, 58, 70, 7, , 5, 3
2022/4/26, 74, 71, 6, , 6, 3
2022/4/27, 65, 74, 5, , 6, 3
2022/4/28, 64, 74, 5, , 6, 3
2022/4/29, 64, 63, 5, , 5, 2
2022/4/30, 57, 50, 5, , 5, 2
2022/5/1, 43, 45, 6, , 5, 2
2022/5/2, 43, 38, 4, , 4, 1
2022/5/3, 27, 25, 5, , 4, 1
2022/5/4, 10, 35, 5, , 5, 3
2022/5/5, 21, 33, 5, , 5, 3
2022/5/6, 19, 40, 6, , 5, 3
2022/5/7, 22, 41, 6, , 5, 2
2022/5/8, 26, 25, 6, , 5, 2
2022/5/9, 24, 7, 6, , 5, 1
2022/5/10, 5, 22, 8, , 5, 1
2022/5/11, 15, 32, 8, , 5, 1
2022/5/12, 28, 39, 11, , 5, 1
2022/5/13, 31, 42, 24, , 5, 1
2022/5/14, 34, 30, 42, , 6, 1
2022/5/15, 23, 23, 33, , 6, 1
2022/5/16, 14, 20, 20, , 5, 1
2022/5/17, 13, 18, 39, , 5, 1
2022/5/18, 12, 20, 21, , 5, 1
2022/5/19, 17, 29, 2, , 5, 2
2022/5/20, 16, 30, 2, , 5, 1
2022/5/21, 16, 29, 1, , 6, 1
2022/5/22, 16, 39, , , 6, 3
2022/5/23, 24, 36, , , 6, 4
2022/5/24, 20, 28, , , 6, 3
2022/5/25, 17, 39, 1, , 6, 2
2022/5/26, 27, 47, 2, , 6, 2
2022/5/27, 42, 52, 2, , 6, 1
2022/5/28, 42, 50, 1, , 6, 1
2022/5/29, 46, 43, 1, , 6, 2
2022/5/30, 39, 31, 4, , 6, 3
2022/5/31, 22, 27, 5, , 15, 2
2022/6/1, 29, 33, 6, , 7, 1
2022/6/2, 27, 61, 5, , 7, 1
2022/6/3, 159, 59, 4, , 7, 1
2022/6/4, 143, , 5, , 7, 1
2022/6/6, 95, 59, 4, , 7, 2
2022/6/7, 56, 52, 4, , 7, 2
2022/6/8, 51, 41, 5, , 7, 2
2022/6/9, 42, 28, 4, , 7, 2
2022/6/10, 17, 37, 6, , 7, 2
2022/6/11, 29, 44, 6, , 7, 1
2022/6/12, 42, 35, 7, , 7, 1
2022/6/13, 35, 31, 7, , 7, 1
2022/6/14, 30, 25, 7, , 7, 1
2022/6/15, 25, 13, 7, , 7, 
2022/6/16, 15, 7, 7, , 7, 
2022/6/17, 11, 3, 7, , 7, 
2022/6/18, 6, 2, 7, , 7, 
2022/6/19, 8, 7, 11, , 7, 
2022/6/20, 9, 13, 9, , 7, 1
2022/6/21, 22, 14, 12, , 7, 1
2022/6/22, 14, 13, 8, , 7, 1
2022/6/23, 16, 11, 15, , 7, 1
2022/6/24, 14, 10, 24, , 7, 1
2022/6/25, 10, 6, 27, , 7, 1
2022/6/26, 7, 12, 23, , 7, 1
2022/6/27, 9, 10, 19, , 7, 
2022/6/29, 11, 16, 34, , 7, 
2022/6/30, 9, 13, 28, , 7, 1
2022/1/3, 9, 15, 1, , 1, 1
2022/1/4, 7, 11, 1, , 1, 1
2022/1/6, 5, 18, 1, , 1, 2
2022/1/7, 5, 15, 1, , 1, 2
2022/1/8, 9, 17, 1, , 1, 1
2022/1/9, 22, 27, 1, , 1, 2
2022/1/10, 13, 30, 1, , 1, 2
2022/1/11, 11, 29, 3, , 1, 2
2022/1/12, 18, 16, 4, , 1, 1
2022/1/13, 8, 25, 3, , 2, 2
2022/1/14, 12, 23, 2, , 1, 2
2022/1/15, 10, 23, 2, , 2, 1
2022/1/16, 12, 23, 1, , 1, 2
2022/1/17, 6, 22, 1, , 1, 1
2022/1/18, 5, 20, 2, , 1, 1
2022/1/19, 5, 38, 5, , 1, 2
2022/1/20, 37, 65, 5, , 1, 3
2022/1/21, 66, 58, 3, , 2, 3
2022/1/22, 48, 47, 4, , 2, 2
2022/1/23, 40, 39, 5, , 2, 2
2022/1/24, 41, 28, 3, , 2, 1
2022/1/25, 18, 34, 2, , 2, 2
2022/1/26, 16, 43, 3, , 2, 2
2022/1/27, 39, 71, 4, , 2, 3
2022/1/28, 62, 62, 3, , 2, 3
2022/1/29, 50, 57, 3, , 2, 2
2022/1/30, 47, 68, 3, , 2, 3
2022/1/31, 69, 77, 7, , 2, 3
2022/2/1, 78, 65, 9, , 1, 2
2022/2/2, 61, 57, 12, , 2, 2
2022/2/3, 41, 52, 1, , 2, 1
2022/2/4, 43, 29, 5, , 1, 1
2022/2/5, 25, 43, , , 1, 1
2022/2/6, 28, 39, , , 1, 2
2022/2/7, 18, 47, , , 1, 3
2022/2/8, 36, 54, 7, , 1, 3
2022/2/9, 52, 65, 13, , 1, 3
2022/2/10, 42, 59, , , 1, 3
2022/2/11, 46, 56, 1, , 1, 2
2022/2/12, 42, 41, 1, , 1, 2
2022/2/14, 13, 27, , , , 2
2022/2/15, 12, 29, 1, , 1, 2
2022/2/16, 13, 55, 3, , 1, 3
2022/2/17, 59, 53, 2, , 1, 3
2022/2/18, 42, 62, 3, , , 2
2022/2/19, 54, 61, 5, , , 2
2022/2/20, 45, 49, 7, , , 2
2022/2/21, 48, 58, 1, , 1, 3
2022/2/22, 38, 59, 3, , 1, 2
2022/2/23, 42, 67, 4, , 1, 3
2022/2/24, 63, 49, 3, , 1, 2
2022/2/25, 34, 43, 2, , 2, 2
2022/2/26, 25, 57, 3, , 2, 2
2022/2/27, 40, 56, 5, , 2, 2
2022/2/28, 51, 65, 3, , 2, 3
2022/3/1, 51, 54, 3, , 2, 3
2022/3/2, 39, 56, 2, , 2, 3
2022/3/3, 36, 54, 2, , 2, 2
2022/3/4, 33, 60, 2, , 2, 3
2022/3/5, 33, 62, 2, , 2, 3
2022/3/6, 42, 57, 6, , 3, 3
2022/3/7, 49, 60, 3, , 3, 4
2022/3/8, 41, 65, 1, , 3, 4
2022/3/9, 44, 72, 3, , 3, 5
2022/3/10, 54, 92, 5, , 3, 6
2022/3/11, 71, 80, 4, , 3, 5
2022/3/12, 64, 69, 4, , 3, 4
2022/3/13, 59, 81, 4, , 4, 6
2022/3/14, 76, 82, 3, , 4, 6
2022/3/15, 71, 82, 4, , 3, 6
2022/3/16, 64, 83, 3, , 3, 5
2022/3/17, 59, 90, 3, , 3, 5
2022/3/18, 66, 87, 4, , 4, 5
2022/3/19, 75, 71, 4, , 4, 4
2022/3/20, 58, 59, 4, , 4, 3
2022/3/21, 43, 57, 3, , 4, 4
2022/3/22, 34, 83, 4, , 5, 4
2022/3/23, 57, 77, 7, , 4, 3
2022/3/24, 67, 51, 6, , 4, 1
2022/3/25, 32, 45, 7, , 4, 1
2022/3/26, 35, 43, 20, , 4, 2
2022/3/27, 18, 50, 18, , 3, 2
2022/3/28, 38, 66, 99, , 4, 2
2022/3/29, 53, 56, 86, , 1, 2
2022/3/30, 45, 61, 98, , 6, 2
2022/3/31, 49, 56, 83, , 4, 1
2021/10/1, 8, 21, 1, , 9, 2
2021/10/2, 15, 15, 1, , 9, 1
2021/10/3, 15, 14, 1, , 9, 1
2021/10/4, 10, 20, 1, , 9, 2
2021/10/5, 14, 20, 1, , 9, 2
2021/10/6, 33, 21, 1, , 9, 3
2021/10/7, 14, 33, 1, , 9, 3
2021/10/8, 26, 34, 1, , 9, 3
2021/10/9, 24, 26, 1, , 10, 2
2021/10/10, 20, 26, 1, , 11, 3
2021/10/11, 23, 26, 1, , 11, 4
2021/10/12, 19, 17, 1, , 10, 3
2021/10/13, 9, 16, 1, , 10, 3
2021/10/14, 12, 27, 1, , 10, 2
2021/10/15, 10, 16, 1, , 10, 2
2021/10/16, 15, 5, 2, , 10, 1
2021/10/17, 4, 12, 1, , 10, 2
2021/10/18, 6, 8, 2, , 9, 1
2021/10/19, 5, 7, 1, , 9, 1
2021/10/20, 4, 16, 2, , 6, 2
2021/10/21, 16, 44, 1, , 4, 3
2021/10/22, 39, 45, 1, , 4, 3
2021/10/23, 35, 36, 1, , 4, 2
2021/10/24, 32, 27, 1, , 4, 2
2021/10/25, 19, 17, 1, , 4, 2
2021/10/26, 14, 12, 1, , 4, 2
2021/10/27, 6, 15, 1, , 5, 3
2021/10/28, 5, 16, 1, , 5, 3
2021/10/29, 9, 17, 1, , 5, 3
2021/10/30, 9, 26, 1, , 5, 2
2021/10/31, 17, 43, 1, , 4, 3
2021/11/1, 35, 36, 2, , 4, 2
2021/11/2, 38, 28, 1, , 5, 2
2021/11/3, 24, 34, 1, , 5, 2
2021/11/4, 26, 32, 1, , 5, 3
2021/11/5, 33, 26, 1, , 5, 2
2021/11/6, 20, 14, 1, , 5, 1
2021/11/7, 15, 12, 1, , 5, 2
2021/11/8, 7, 11, 1, , 6, 2
2021/11/9, 2, 13, 1, , 6, 2
2021/11/10, 7, 15, 1, , 5, 2
2021/11/11, 9, 22, 1, , 5, 3
2021/11/12, 12, 9, 1, , 5, 2
2021/11/13, 11, 4, 1, , 4, 1
2021/11/14, 6, 4, 1, , 4, 2
2021/11/15, 4, 8, 1, , 5, 3
2021/11/16, 5, 13, 1, , 5, 2
2021/11/17, 10, 12, 1, , 5, 2
2021/11/18, 6, 8, 2, , 21, 1
2021/11/19, 3, 12, 1, , 6, 1
2021/11/20, 5, 26, 2, , 7, 2
2021/11/21, 22, 35, 2, , 7, 3
2021/11/22, 27, 36, 1, , 7, 3
2021/11/23, 25, 40, 2, , 6, 3
2021/11/24, 29, 54, 3, , 6, 3
2021/11/25, 57, 65, 4, , 4, 4
2021/11/26, 63, 46, 1, , 2, 3
2021/11/27, 40, 16, 1, , 2, 2
2021/11/28, 18, 22, 1, , 2, 2
2021/11/29, 12, 18, 1, , 2, 2
2021/11/30, 10, 18, 1, , 2, 3
2021/12/1, 7, 16, 1, , 2, 2
2021/12/2, 10, 14, 1, , 2, 2
2021/12/3, 9, 11, 1, , 2, 2
2021/12/4, 3, 8, 1, , 2, 1
2021/12/5, 9, 2, 1, , 2, 1
2021/12/6, 6, 13, 2, , 2, 2
2021/12/7, 8, 21, 1, , 2, 2
2021/12/8, 15, 16, 1, , 2, 3
2021/12/9, 6, 24, 1, , 2, 3
2021/12/10, 11, 52, 1, , 2, 4
2021/12/11, 46, 34, 2, , 2, 2
2021/12/12, 29, 26, 2, , 2, 2
2021/12/13, 27, 18, 2, , 3, 2
2021/12/14, 6, 18, 1, , 2, 2
2021/12/15, 9, 23, 1, , 2, 3
2021/12/16, 6, 17, 3, , 2, 2
2021/12/17, 12, 14, 1, , 2, 2
2021/12/18, 5, 14, 1, , 2, 1
2021/12/19, 10, 26, 1, , 1, 3
2021/12/20, 12, 25, 1, , 1, 3
2021/12/21, 14, 42, 4, , , 3
2021/12/22, 30, 58, 2, , 1, 3
2021/12/23, 53, 43, 1, , 1, 3
2021/12/24, 35, 26, 2, , 1, 2
2021/12/25, 20, 32, 1, , , 2
2021/12/26, 16, 32, 2, , 1, 2
2021/12/27, 20, 34, 2, , 1, 2
2021/12/28, 20, 35, 2, , 1, 2
2021/12/29, 22, 30, 1, , 1, 2
2021/12/30, 15, 29, 2, , 1, 2
2021/12/31, 13, 34, 1, , 1, 2
2022/1/1, 26, 25, 2, , 1, 1
2022/1/2, 13, 18, 2, , 1, 1
2021/7/1, 8, 18, 2, , 4, 
2021/7/2, 16, 10, 1, , 5, 
2021/7/3, 3, 5, 1, , 4, 
2021/7/4, 8, 15, 2, , 5, 
2021/7/5, 7, 14, 1, , 5, 
2021/7/6, 3, 17, 1, , 5, 
2021/7/7, 18, 11, 1, , 5, 1
2021/7/8, 6, 11, 1, , 5, 1
2021/7/9, 8, 19, , , 5, 1
2021/7/11, 3, 9, 1, , 5, 
2021/7/13, 3, 11, 1, , 5, 1
2021/7/14, 16, 17, 1, , 5, 1
2021/7/15, 24, 13, 1, , 5, 1
2021/7/16, 15, 19, , , 5, 1
2021/7/17, 15, 5, 1, , 5, 
2021/7/18, 11, 5, 1, , 5, 
2021/7/19, 8, 8, 1, , 6, 
2021/7/20, 10, 4, , , 6, 
2021/7/21, 8, 4, 1, , 6, 
2021/7/22, 5, 2, 1, , 6, 
2021/7/23, 6, 9, 2, , 6, 
2021/7/24, 11, 22, 1, , 6, 
2021/7/25, 16, 18, 1, , 6, 
2021/7/26, 13, 3, 1, , 6, 
2021/7/27, 7, 3, 2, , 6, 
2021/7/28, 10, 1, 2, , 6, 
2021/7/29, 7, 2, 2, , 6, 
2021/7/30, 5, 28, 1, , 6, 
2021/7/31, 23, 6, 1, , 6, 
2021/8/1, 15, 7, 1, , 6, 
2021/8/2, 8, 8, 1, , 6, 
2021/8/3, 9, 6, 1, , 7, 
2021/8/4, 7, 6, 1, , 6, 1
2021/8/5, 8, 7, 1, , 6, 1
2021/8/6, 9, 8, 2, , 6, 
2021/8/7, 4, 7, 1, , 6, 
2021/8/8, 10, 11, 1, , 6, 
2021/8/9, 16, 21, 2, , 7, 1
2021/8/10, 24, 18, 1, , 6, 
2021/8/11, 18, 16, 1, , 7, 
2021/8/12, 17, 13, 1, , 6, 
2021/8/13, 18, 9, 1, , 6, 
2021/8/14, 11, 5, , , 7, 
2021/8/15, 9, 4, 1, , 6, 1
2021/8/16, 19, 8, 2, , 7, 
2021/8/17, 25, 7, 1, , 6, 1
2021/8/18, 13, 12, 1, , 7, 
2021/8/19, 10, 12, 1, , 7, 1
2021/8/20, 7, 8, , , 7, 1
2021/8/21, 4, 5, 1, , 7, 
2021/8/22, 3, 11, 2, , 7, 
2021/8/23, 14, 12, 1, , 7, 1
2021/8/24, 22, 15, 1, , 7, 1
2021/8/25, 22, 10, 1, , 7, 1
2021/8/26, 14, 9, 1, , 7, 2
2021/8/27, 8, 6, 1, , 8, 1
2021/8/28, 11, 4, 1, , 8, 1
2021/8/29, 10, 5, 2, , 8, 1
2021/8/30, 9, 8, 1, , 8, 2
2021/8/31, 8, 12, 1, , 8, 2
2021/9/1, 14, 12, 1, , 8, 2
2021/9/2, 19, 13, 1, , 8, 2
2021/9/3, 13, 14, 1, , 8, 2
2021/9/4, 12, 6, , , 8, 1
2021/9/5, 10, 11, 1, , 8, 1
2021/9/6, 6, 7, , , 8, 1
2021/9/7, 5, 13, , , 8, 2
2021/9/8, 10, 11, 1, , 8, 2
2021/9/9, 7, 14, 1, , 8, 1
2021/9/10, 10, 14, 1, , 8, 1
2021/9/11, 12, 6, 1, , 8, 1
2021/9/12, 3, 10, 1, , 8, 1
2021/9/13, 5, 8, , , 8, 1
2021/9/14, 9, 11, 1, , 8, 2
2021/9/15, 9, 9, 1, , 8, 1
2021/9/16, 7, 10, 1, , 8, 2
2021/9/17, 12, 4, 1, , 8, 1
2021/9/18, 7, 8, 1, , 6, 
2021/9/19, 8, 13, 1, , 8, 2
2021/9/20, 11, 16, , , 8, 2
2021/9/21, 11, 16, , , 8, 2
2021/9/22, 8, 12, 1, , 9, 3
2021/9/23, 12, 15, 1, , 9, 2
2021/9/24, 12, 9, 1, , 9, 1
2021/9/25, 5, 5, 1, , 9, 1
2021/9/26, 7, 12, 1, , 9, 1
2021/9/27, 5, 12, 1, , 9, 1
2021/9/28, 12, 12, , , 8, 1
2021/9/30, 7, 17, 1, , 8, 2
2021/4/1, 86, 65, 2, , 11, 2
2021/4/2, 92, 65, 10, , 7, 3
2021/4/3, 102, 52, 3, , 1, 2
2021/4/4, 66, 44, 12, 1, , 2
2021/4/5, 67, 62, 6, 1, , 4
2021/4/6, 102, 70, , , , 6
2021/4/7, 111, 65, , , , 4
2021/4/8, 95, 54, , , , 4
2021/4/9, 73, 56, , , , 4
2021/4/10, 68, 59, , , , 3
2021/4/11, 73, 62, 10, , , 4
2021/4/12, 77, 59, 1, , , 4
2021/4/13, 73, 57, 2, , 1, 3
2021/4/14, 69, 56, 1, , 1, 3
2021/4/15, 67, 51, 1, , 1, 2
2021/4/16, 64, 36, 1, , , 2
2021/4/17, 35, 28, , , 1, 1
2021/4/18, 27, 32, 6, , , 1
2021/4/19, 35, 51, , , , 1
2021/4/20, 53, 52, , , 1, 1
2021/4/21, 56, 55, , , 1, 2
2021/4/22, 64, 56, , , 1, 2
2021/4/23, 67, 39, , , 1, 1
2021/4/24, 37, 49, , , 1, 1
2021/4/25, 53, 62, , , 1, 3
2021/4/26, 70, 60, , , 1, 3
2021/4/27, 73, 59, , , 1, 3
2021/4/28, 71, 50, 13, , 1, 2
2021/4/29, 66, 49, , , 1, 2
2021/4/30, 65, 30, , , , 1
2021/5/1, 32, 36, , , , 1
2021/5/2, 45, 35, , , 1, 1
2021/5/3, 46, 19, 2, , 1, 
2021/5/4, 37, 20, , , 1, 1
2021/5/5, 23, 30, , , 1, 1
2021/5/6, 37, 25, , , 1, 1
2021/5/7, 26, 24, , , 1, 1
2021/5/8, 21, 19, , , 2, 
2021/5/9, 17, 18, , , 2, 
2021/5/10, 15, 18, , , 1, 
2021/5/11, 18, 12, , , 1, 
2021/5/12, 12, 9, , , 1, 
2021/5/13, 8, 9, 1, , 1, 
2021/5/14, 5, 18, 2, , 2, 
2021/5/15, 22, 21, , , 2, 
2021/5/16, 19, 25, , , 2, 
2021/5/17, 18, 24, , , 2, 
2021/5/18, 21, 15, , , 2, 
2021/5/19, 14, 14, , , 2, 
2021/5/20, 14, 14, , , 2, 
2021/5/21, 7, 14, , , 2, 
2021/5/22, 11, 26, 2, , 3, 
2021/5/23, 11, 16, 1, , 3, 
2021/5/24, 14, 11, 2, , 3, 
2021/5/25, 5, 19, 3, , 3, 
2021/5/26, 20, 32, 3, , 3, 
2021/5/27, 25, 31, 2, , 3, 1
2021/5/28, 21, 36, 1, , 3, 
2021/5/29, 26, 36, 2, , 3, 
2021/5/30, 30, 36, 2, , 3, 
2021/5/31, 36, 15, 3, , 2, 
2021/6/1, 18, 14, 2, , 2, 
2021/6/2, 11, 22, 2, , 3, 
2021/6/3, 17, 23, 1, , 3, 
2021/6/4, 20, 17, 4, , 3, 
2021/6/5, 15, 14, 4, , 3, 
2021/6/6, 16, 20, 2, , 3, 
2021/6/7, 15, 15, 1, , 3, 
2021/6/8, 12, 18, 2, , 3, 
2021/6/9, 14, 8, 1, , 3, 
2021/6/10, 4, 14, 2, , 3, 
2021/6/11, 6, 5, 1, , 3, 
2021/6/16, 3, 12, 1, , 3, 
2021/6/17, 3, 10, 1, , 3, 
2021/6/19, 2, 3, 1, , 3, 
2021/6/21, 3, 15, 2, , 4, 
2021/6/22, 13, 15, 2, , 4, 
2021/6/23, 9, 33, 2, , 4, 
2021/6/24, 15, 31, 2, , 4, 
2021/6/25, 12, 31, 1, , 5, 
2021/6/26, 11, 26, 1, , 4, 
2021/6/27, 10, 18, 1, , 4, 
2021/6/28, 14, 20, 2, , 4, 
2021/6/29, 10, 5, 2, , 4, 
2021/6/30, 13, 12, 4, , 4, 
2021/1/4, 15, 18, 1, , 3, 2
2021/1/5, 42, 17, , , 4, 2
2021/1/6, 19, 31, 3, , 4, 2
2021/1/7, 54, 36, 4, , 4, 2
2021/1/8, 72, 45, 2, , 3, 2
2021/1/9, 89, 65, 1, , 3, 3
2021/1/10, 148, 70, 4, , 4, 3
2021/1/11, 152, 67, 8, , 4, 3
2021/1/12, 145, 61, 2, , 4, 3
2021/1/13, 127, 67, 1, , 4, 3
2021/1/14, 144, 66, 1, , 4, 3
2021/1/15, 145, 80, 1, , 4, 3
2021/1/16, 162, 64, , , 4, 3
2021/1/17, 145, 51, , , 4, 2
2021/1/18, 99, 75, 2, , 5, 3
2021/1/19, 158, 90, 6, , 4, 4
2021/1/20, 171, 73, 6, , 5, 3
2021/1/21, 147, 59, , , 5, 3
2021/1/22, 126, 50, 1, , 5, 2
2021/1/23, 100, 58, 1, , 5, 2
2021/1/24, 126, 47, 1, , 5, 3
2021/1/25, 90, 39, , , 5, 2
2021/1/26, 66, 36, , , 5, 2
2021/1/27, 61, 32, 1, , 5, 2
2021/1/28, 54, 23, 1, , 6, 2
2021/1/29, 31, 40, 1, , 5, 2
2021/1/30, 76, 54, 2, , 5, 2
2021/1/31, 112, 63, 4, , 5, 3
2021/2/1, 133, 62, 2, , 6, 3
2021/2/2, 126, 39, 1, , 5, 2
2021/2/3, 73, 38, 1, , 6, 2
2021/2/4, 63, 22, 1, , 4, 1
2021/2/5, 35, 20, 1, , 2, 1
2021/2/6, 30, 19, , , 1, 
2021/2/7, 41, 21, , , 2, 
2021/2/8, 44, 39, 1, , 4, 2
2021/2/9, 67, 45, 2, , 6, 2
2021/2/10, 85, 28, 1, , 4, 1
2021/2/11, 53, 48, 1, , 4, 2
2021/2/12, 105, 68, 1, , 7, 4
2021/2/13, 151, 55, 1, , 7, 3
2021/2/14, 99, 61, 1, , 5, 3
2021/2/15, 123, 81, 2, , 7, 3
2021/2/16, 158, 78, 2, , 8, 4
2021/2/17, 136, 44, 2, , 8, 3
2021/2/18, 95, 58, 2, , 8, 3
2021/2/19, 103, 64, , , 7, 4
2021/2/20, 117, 48, 1, , 8, 3
2021/2/21, 104, 34, 1, , 4, 2
2021/2/22, 76, 41, 10, 2, 7, 2
2021/2/23, 83, 77, 12, , 8, 3
2021/2/24, 146, 88, 6, , 8, 3
2021/2/25, 160, 80, 5, , 8, 3
2021/2/26, 145, 63, 4, , 8, 2
2021/2/27, 111, 62, 5, , 8, 2
2021/2/28, 107, 60, 8, , 8, 2
2021/3/1, 101, 63, 3, , 8, 3
2021/3/2, 86, 69, 8, , 8, 3
2021/3/3, 95, 66, 6, , 8, 2
2021/3/4, 100, 88, 8, , 8, 3
2021/3/5, 126, 64, 6, , 8, 2
2021/3/6, 103, 54, 3, , 9, 2
2021/3/7, 106, 64, 4, , 9, 3
2021/3/8, 121, 60, 6, , 9, 3
2021/3/9, 129, 63, 4, , 9, 3
2021/3/10, 117, 64, 3, , 9, 4
2021/3/11, 114, 82, 2, , 10, 5
2021/3/12, 130, 83, 2, , 10, 5
2021/3/13, 135, 74, 3, , 10, 3
2021/3/14, 145, 64, 2, , 10, 4
2021/3/15, 115, 71, 2, , 10, 4
2021/3/16, 122, 77, 3, 1, 10, 4
2021/3/17, 126, 83, 4, , 10, 3
2021/3/18, 123, 110, 5, , 9, 3
2021/3/19, 144, 110, 4, , 9, 5
2021/3/20, 146, 89, 2, , 9, 4
2021/3/21, 143, 72, 2, , 10, 4
2021/3/22, 123, 68, 3, , 10, 5
2021/3/23, 111, 85, 3, , 10, 5
2021/3/24, 148, 90, 3, , 10, 6
2021/3/25, 148, 70, 3, , 11, 4
2021/3/26, 101, 81, 2, , 11, 5
2021/3/27, 128, 78, 2, , 11, 4
2021/3/28, 130, 97, 7, , 11, 6
2021/3/29, 156, 65, 7, , 11, 3
2021/3/30, 112, 64, 3, , 10, 3
2021/3/31, 99, 59, 4, , 10, 2
2020/10/1, 3, 9, 1, , 9, 1
2020/11/9, 21, 13, 2, , 5, 1
2020/11/10, 10, 15, 2, , , 2
2020/11/11, 21, 18, 2, , , 2
2020/11/12, 25, 15, , , , 2
2020/11/13, 17, 6, , , , 2
2020/11/14, 10, , , , , 
2020/11/16, 10, 44, 1, , 1, 2
2020/11/17, 82, 41, 1, , 1, 2
2020/11/18, 72, 50, , , 1, 2
2020/11/19, 87, 53, 1, , 1, 3
2020/11/20, 104, 41, , , 1, 2
2020/11/21, 83, 42, , , 1, 2
2020/11/22, 95, 36, , , 1, 2
2020/11/23, 72, 12, , , 1, 1
2020/11/24, 25, 12, 1, , 2, 1
2020/11/25, 14, 12, , , 2, 1
2020/11/26, 8, 14, 2, , 1, 1
2020/11/27, 17, 17, , , , 2
2020/11/28, 16, 10, , , , 1
2020/11/29, 8, 15, , , , 1
2020/11/30, 13, 12, , , , 1
2020/12/1, 9, 10, , , , 1
2020/12/2, 10, 12, , , , 1
2020/12/3, 11, 19, 1, , , 1
2020/12/4, 27, 40, , , , 2
2020/12/5, 82, 72, , , , 
2020/12/6, 137, 77, 3, , 1, 4
2020/12/7, 161, 74, 2, , 2, 3
2020/12/8, 158, 71, 2, , 2, 3
2020/12/9, 145, 54, , , 3, 3
2020/12/10, 111, 30, 2, , 3, 2
2020/12/11, 64, 11, , , 1, 
2020/12/12, 16, 8, , , 1, 
2020/12/13, 18, 21, 2, , 1, 1
2020/12/14, 41, 25, 3, , 4, 1
2020/12/15, 49, 32, , , 3, 3
2020/12/16, 55, 39, 1, , 3, 3
2020/12/17, 75, 62, 1, , 3, 3
2020/12/18, 131, 43, , , 4, 2
2020/12/19, 86, 18, , , 4, 1
2020/12/20, 35, 16, , , 4, 1
2020/12/21, 19, 16, 1, , 4, 1
2020/12/22, 20, 23, , , 4, 2
2020/12/23, 39, 25, , , 4, 2
2020/12/24, 50, 22, , , 4, 2
2020/12/25, 47, 18, , , 4, 2
2020/12/26, 32, 6, , , 4, 1
2020/12/27, 9, 7, 1, , 3, 1
2020/12/28, 9, 15, , , 2, 1
2020/12/29, 17, 11, , , 2, 1
2020/12/30, 9, 11, 1, , 3, 1
2020/12/31, 7, 14, 1, , 3, 1
2021/1/1, 24, 15, , , 3, 1
2021/1/2, 28, 14, , , 3, 1
2021/1/3, 30, 12, 2, , 4, 1
2020/7/1, 1, 9, , , 1, 
2020/7/2, 7, 11, , , , 1
2020/7/3, 13, 5, , , , 
2020/7/4, 9, 1, , , , 
2020/7/7, 5, 7, , , 1, 
2020/7/8, 9, 9, , , 1, 
2020/7/9, 8, 4, , , 1, 
2020/7/10, 8, 4, 1, , 1, 
2020/7/11, 4, 3, , , 1, 
2020/7/13, 5, 12, , , 1, 1
2020/7/16, 9, 10, 11, , 2, 
2020/7/17, 4, 8, , , 1, 
2020/7/18, 6, 2, , , 2, 
2020/7/19, 4, 5, 1, , 2, 
2020/7/21, 5, 6, 2, , 2, 1
2020/7/22, 5, 10, 1, , 2, 1
2020/7/23, 6, 12, 1, , 2, 1
2020/7/25, 3, 7, 1, , 2, 1
2020/7/26, 8, 16, 3, , 2, 1
2020/7/27, 18, 13, 1, , 2, 2
2020/7/28, 20, 10, 1, , 2, 1
2020/7/29, 2, 9, 1, , 3, 1
2020/7/31, 12, 10, 1, , 3, 2
2020/8/1, 4, 10, 1, , 3, 1
2020/8/2, 16, 18, 1, , 4, 3
2020/8/3, 25, 16, 2, , 3, 2
2020/8/4, 14, 11, 2, , 4, 1
2020/8/6, 198, 9, 1, , 3, 1
2020/8/10, 2, 3, 2, , 4, 1
2020/8/13, 11, 8, 1, , 4, 2
2020/8/21, 7, 6, 2, , 5, 1
2020/8/22, 7, 5, 1, , 5, 1
2020/8/26, 5, 13, 1, , 5, 1
2020/8/27, 9, 19, 2, , 5, 1
2020/8/28, 20, 18, 2, , 6, 1
2020/8/29, 24, , , , , 
2020/8/31, 36, 14, 1, , 6, 2
2020/9/1, 16, 13, 1, , 6, 1
2020/9/2, 8, 14, 1, , 6, 2
2020/9/3, 17, 19, 1, , 6, 3
2020/9/4, 24, 13, 1, , 6, 3
2020/9/5, 25, , , , , 
2020/9/7, 6, 13, 1, , 7, 2
2020/9/8, 15, 15, 1, , 7, 2
2020/9/9, 25, 5, 2, , 7, 1
2020/9/10, 13, 3, 1, , 7, 1
2020/9/11, 5, 3, 1, , 7, 1
2020/9/17, 17, 9, 1, , 8, 1
2020/9/18, 24, 9, 2, , 8, 1
2020/9/20, 5, 11, 2, , 8, 2
2020/9/21, 10, 3, 2, , 8, 1
2020/9/25, 3, 12, 2, , 8, 1
2020/9/27, 3, 12, 1, , 9, 2
2020/9/28, 3, 13, 1, , 9, 2
2020/9/29, 11, 9, 1, , 9, 1
2020/4/1, 108, 43, 4, , 3, 3
2020/4/2, 103, 35, 6, , 3, 2
2020/4/3, 86, 36, 6, , 3, 1
2020/4/4, 77, 30, 3, , 4, 2
2020/4/5, 82, 39, 3, , 3, 2
2020/4/6, 105, 38, 8, , 4, 2
2020/4/7, 95, 29, 5, , 4, 2
2020/4/8, 81, 42, 3, , 3, 3
2020/4/9, 115, 40, 2, , 1, 3
2020/4/10, 109, 32, 5, , 2, 2
2020/4/11, 89, 24, 3, , 1, 2
2020/4/12, 69, 31, 8, , 2, 2
2020/4/13, 87, 44, 1, , 2, 3
2020/4/14, 127, 41, , , 2, 3
2020/4/15, 113, 26, , , 2, 2
2020/4/16, 75, 15, 1, , 2, 1
2020/4/17, 46, 23, , , 2, 1
2020/4/18, 65, 13, , , 2, 1
2020/4/19, 43, 16, 10, , 3, 1
2020/4/20, 46, 18, 6, , 3, 2
2020/4/21, 41, 9, 1, , 3, 1
2020/4/22, 39, 13, , , 3, 1
2020/4/23, 43, 9, 1, , 3, 1
2020/4/24, 24, 5, , , 3, 1
2020/4/25, 14, 4, , , 3, 1
2020/4/26, 10, 8, , , 3, 1
2020/4/27, 21, 7, , , 3, 1
2020/4/28, 18, 5, , , 3, 1
2020/4/29, 15, 9, , , 2, 2
2020/4/30, 24, 11, , , 2, 2
2020/5/1, 33, 12, , , 3, 1
2020/5/2, 36, 9, , , 3, 1
2020/5/3, 25, 11, , , 3, 1
2020/5/4, 28, 13, , , 3, 1
2020/5/5, 41, 8, 1, , 3, 1
2020/5/6, 28, 7, , , 3, 2
2020/5/7, 19, 16, 1, , 3, 2
2020/5/8, 53, 17, , , 4, 2
2020/5/9, 52, 19, , , 3, 2
2020/5/10, 59, 29, 4, , 4, 3
2020/5/11, 79, 31, , , 4, 3
2020/5/12, 87, 24, , , 4, 2
2020/5/13, 72, 22, 6, , 4, 2
2020/5/14, 71, 18, , , 4, 2
2020/5/15, 54, 11, , , 4, 2
2020/5/16, 37, 16, , , 4, 1
2020/5/17, 49, 23, , , 4, 3
2020/5/18, 63, 21, , , 4, 2
2020/5/19, 62, 9, , , 4, 2
2020/5/20, 28, 13, 1, , 4, 1
2020/5/21, 37, 17, , , 4, 1
2020/5/22, 53, 19, , , 5, 1
2020/5/23, 59, 17, , , 5, 1
2020/5/24, 52, 12, , , 5, 1
2020/5/25, 35, , , , , 
2020/5/30, 14, 7, , , 5, 1
2020/5/31, 16, 8, 4, , 5, 1
2020/6/1, 20, 8, , , 5, 1
2020/6/2, 16, 6, , , 5, 1
2020/6/3, 9, 4, 1, , 6, 1
2020/6/4, 10, 6, 1, , 6, 1
2020/6/5, 10, 6, , , 6, 1
2020/6/6, 13, , , , 5, 1
2020/6/7, 22, 18, , , 6, 3
2020/6/8, 53, 11, , , 6, 2
2020/6/9, 39, 3, , , 6, 1
2020/6/10, 7, 6, 1, , 6, 1
2020/6/12, 4, 5, 1, , 3, 1
2020/6/13, 6, 4, 1, , 4, 1
2020/6/14, 4, 4, 2, , 3, 1
2020/6/15, 5, 5, 2, , 3, 1
2020/6/16, 5, 2, 2, , 2, 1
2020/6/17, 8, 8, , , , 1
2020/6/18, 5, 17, 1, , 1, 1
2020/6/19, 24, 11, , , , 1
2020/6/20, 10, 9, , , , 1
2020/6/21, 10, 12, , , , 1
2020/6/22, 13, 13, 1, , , 
2020/6/23, 13, 29, , , , 
2020/6/24, 36, 26, , , , 
2020/6/25, 32, 6, , , , 
2020/6/26, 5, 3, , , , 
2020/6/27, 1, 1, , , , 
2020/6/28, 1, 8, , , , 
2020/6/29, 1, 8, 1, , , 
2020/6/30, 9, 10, , , , 
2020/3/29, 96, 41, 4, , 3, 3
2020/3/30, 108, 30, 3, , 3, 3
2020/3/31, 82, 43, 3, , 3, 3
2024/12/31, , 39, 2, , 1, 
2024/10/3, , 33, 16, , 1, 1
2024/11/28, , 28, 1, , 1, 
2024/11/30, , 16, 2, , 1, 
2024/12/2, , 29, 5, , 1, 
2024/12/15, , 12, 2, , 1, 
2024/12/16, , 21, 1, , 1, 
2024/12/17, , 20, 1, , 1, 
2024/12/18, , 15, 2, , 1, 
2024/12/19, , 18, 2, , 1, 
2024/7/10, , 15, 5, , 1, 1
2024/7/29, , 32, 1, , 1, 1
2024/8/4, , 22, 9, , , 1
2024/8/5, , 17, 6, , 1, 1
2024/8/9, , 30, 6, , , 1
2024/8/17, , 6, 12, , 1, 1
2024/8/19, , 4, 14, , 1, 1
2024/8/24, , 4, 11, , 1, 1
2024/8/25, , 15, 10, , 1, 1
2024/8/26, , 24, 11, , 1, 2
2024/8/28, , 21, 11, , 1, 2
2024/4/2, , 65, , , 1, 2
2024/4/6, , 89, , , 1, 3
2024/4/12, , 61, , , , 3
2024/4/26, , 56, , , 1, 2
2024/5/12, , 27, 12, , 1, 2
2024/3/15, , 73, , , , 3
2023/10/9, , 52, 3, , , 2
2023/11/21, , 19, 2, , , 1
2023/11/22, , 14, , , , 1
2023/12/6, , 3, , , , 1
2023/12/13, , 46, 9, , , 2
2023/7/9, , 15, , , , 1
2023/7/28, , 15, , , , 1
2023/8/28, , 59, 1, , , 3
2023/4/2, , 39, 1, , , 1
2023/4/23, , 40, 3, , , 1
2023/5/21, , 51, , , , 2
2023/2/28, , 67, 3, 1, , 
2022/10/23, , 6, 3, , 8, 2
2022/8/24, , 18, 1, , 7, 3
2022/9/11, , 7, 5, , 7, 1
2022/9/25, , 25, , , 8, 3
2022/6/5, , 61, 4, , 7, 2
2022/6/28, , 13, 22, , 7, 
2022/1/5, , 11, 1, , 1, 1
2022/2/13, , 29, , , , 2
2021/7/10, , 5, , , 5, 
2021/7/12, , 11, 1, , 5, 
2021/9/29, , 6, , , 9, 1
2021/6/12, , 4, 2, , 3, 
2021/6/13, , 5, 2, , 4, 
2021/6/14, , 4, 3, , 4, 
2021/6/15, , 11, 2, , 3, 
2021/6/18, , 6, 2, , 3, 
2021/6/20, , 14, 2, , 4, 
2020/9/30, , 11, 2, , 9, 2
2020/10/2, , 2, 1, , 9, 1
2020/11/8, , 17, 1, , 11, 3
2020/11/15, , 11, 1, , 1, 1
2020/7/5, , 7, , , 1, 
2020/7/6, , 11, , , 1, 
2020/7/12, , 7, 1, , 1, 
2020/7/14, , 11, , , 2, 
2020/7/15, , 12, , , 2, 
2020/7/20, , 2, 1, , 2, 1
2020/7/24, , 14, 1, , 2, 1
2020/7/30, , 13, 1, , 3, 2
2020/8/5, , 12, 1, , 4, 2
2020/8/7, , 9, 1, , 3, 1
2020/8/8, , 5, 1, , 3, 1
2020/8/9, , 8, 2, , 4, 1
2020/8/11, , 9, 2, , 4, 1
2020/8/12, , 13, 1, , 4, 2
2020/8/20, , 8, 1, , 5, 1
2020/8/23, , 10, 1, , 5, 2
2020/8/24, , 7, 1, , 5, 1
2020/8/25, , 10, 2, , 5, 1
2020/8/30, , 20, 2, , 6, 3
2020/9/6, , 12, 1, , 7, 2
2020/9/12, , 2, 1, , 7, 1
2020/9/13, , 3, 2, , 7, 1
2020/9/14, , 3, 1, , 7, 1
2020/9/15, , 2, 1, , 7, 1
2020/9/16, , 3, 1, , 8, 1
2020/9/19, , 4, 2, , 8, 1
2020/9/22, , 4, 2, , 8, 1
2020/9/23, , 8, 2, , 8, 1
2020/9/24, , 5, 2, , 8, 1
2020/9/26, , 6, 1, , 9, 1
2020/5/29, , 7, , , 5, 1
2020/6/11, , 7, 1, , 5, 1
2020/3/28, , 36, 3, , 3, 2
2023/11/18, , , , , , 1