date, pm10, no2, so2, co
01-04-2025,73,11,4,10
02-04-2025,73,11,4,11
03-04-2025,70,11,4,10
04-04-2025,67,11,4,10
05-04-2025,68,11,4,10
06-04-2025,69,11,4,10
07-04-2025,70,13,4,11
08-04-2025,71,15,3,12
09-04-2025,70,16,2,10
10-04-2025,72,15,3,11
11-04-2025,70,11,4,12
12-04-2025,69,11,4,11
13-04-2025,69,11,4,11
14-04-2025,70,11,4,12
15-04-2025,69,12,5,10
16-04-2025,69,11,4,13
17-04-2025,68,11,4,11
18-04-2025,71,11,4,12
19-04-2025,70,11,4,10
20-04-2025,71,11,4,12
21-04-2025,71,12,4,10
22-04-2025,73,12,4,9
23-04-2025,73,12,3,9
24-04-2025,71,13,4,11
25-04-2025,71,16,3,8
26-04-2025,72,17,2,8
27-04-2025,72, , , 
01-01-2025,69,8,5,9
02-01-2025,68,9,5,10
03-01-2025,68,9,6,10
04-01-2025,68,9,6,8
05-01-2025,67,8,6,9
06-01-2025,68,9,5,6
07-01-2025,65,9,5,7
08-01-2025,62,10,4,8
09-01-2025,62,10,4,6
10-01-2025,62, , , 
15-01-2025,66,12,5,4
16-01-2025,68,11,4,4
17-01-2025,74,9,5,4
18-01-2025,73,9,6,4
19-01-2025,72,8,5,8
20-01-2025,72,7,5,11
21-01-2025,73,7,4,7
22-01-2025,72,8,3,6
23-01-2025,64,8,2,2
24-01-2025,92,8,2,2
25-01-2025,88,8,1,1
26-01-2025,105,8,1,2
27-01-2025,83,8,2,7
28-01-2025,61,9,3,12
29-01-2025,38,11,4,13
30-01-2025,120,11,4,14
31-01-2025,70,11,4,14
01-02-2025,70,11,4,14
02-02-2025,69,11,4,11
03-02-2025,71,11,4,11
04-02-2025,71,11,4,11
05-02-2025,73,11,4,11
06-02-2025,71,11,4,11
07-02-2025,71,11,4,11
08-02-2025,73,12,4,12
09-02-2025,73,13,4,12
10-02-2025,73,14,3,10
11-02-2025,71,15,3,10
12-02-2025,72,15,4,10
13-02-2025,72,15,3,8
14-02-2025,71,17,4,14
15-02-2025,75,15,4,10
16-02-2025,73,11,4,11
17-02-2025,71,11,4,11
18-02-2025,84,13,4,13
19-02-2025,71,16,3,13
20-02-2025,73,16,3,12
21-02-2025,72,17,2,9
22-02-2025,71, , , 
26-02-2025,71,16,3,10
27-02-2025,70,16,3,11
28-02-2025,69,17,3,11
01-03-2025,69,18,3,10
02-03-2025,71,18,3,9
03-03-2025,70,16,3,9
04-03-2025,72,12,4,11
05-03-2025,73,11,4,11
06-03-2025,72,12,4,11
07-03-2025,74,12,4,12
08-03-2025,73,12,4,11
09-03-2025,73,12,4,11
10-03-2025,69,12,4,13
11-03-2025,68,12,4,12
12-03-2025,67,12,4,11
13-03-2025,68,12,4,11
14-03-2025,69,12,4,10
15-03-2025,71,12,4,12
16-03-2025,69,12,4,12
17-03-2025,70,12,4,12
18-03-2025,69,12,4,12
19-03-2025,70,11,4,14
20-03-2025,70,12,4,12
21-03-2025,70,11,4,12
22-03-2025,69,11,4,14
23-03-2025,69,11,4,11
24-03-2025,69,11,4,12
25-03-2025,70,11,4,12
26-03-2025,71,11,3,11
27-03-2025,72,12,4,10
28-03-2025,73,12,4,9
29-03-2025,73,12,3,10
30-03-2025,72,12,4,10
31-03-2025,72,11,4,10
01-10-2024,74,12,6,11
02-10-2024,41,12,7,11
03-10-2024,27,11,7,11
04-10-2024,91,11,6,11
05-10-2024,52,11,5,11
06-10-2024,73,11,7,11
07-10-2024,116,11,6,11
08-10-2024,39,11,5,11
09-10-2024,93,11,5,11
10-10-2024,74,11,5,11
11-10-2024,38,11,5,11
12-10-2024,76,11,5,11
13-10-2024,29,10,6,11
14-10-2024,49,10,6,11
15-10-2024,52,10,5,11
16-10-2024,61,10,5,12
17-10-2024,61,10,5,11
18-10-2024,61,10,4,11
19-10-2024,63,11, ,11
20-10-2024,63,10, ,11
21-10-2024,62,10, ,12
22-10-2024,63,10, ,11
23-10-2024,63,10, ,12
24-10-2024,62,10,10,14
25-10-2024,58,11,6,13
26-10-2024,60,11,5,14
27-10-2024,60,11,4,15
28-10-2024,74,11,5,13
29-10-2024,81,11,6,13
30-10-2024,89,11,8,16
31-10-2024,117,15,6,17
01-11-2024,97,14,6,19
02-11-2024,81,12,5,21
03-11-2024,83,12,5,13
04-11-2024,81,12,5,12
05-11-2024,111,12,5,13
06-11-2024,60,12,6,12
07-11-2024,108,11,6,12
08-11-2024,52,10,6,12
09-11-2024,22,10,6,11
10-11-2024,55,10,6,12
11-11-2024,66,10,6,11
12-11-2024,63,10,6,12
13-11-2024,47,10,6,12
14-11-2024,45,10,6,12
15-11-2024,54,10,6,11
16-11-2024,61,10,6,9
17-11-2024,72,10,7,10
18-11-2024,66,9,5,10
19-11-2024,59,9,5,11
20-11-2024,60,9,5,12
21-11-2024,62,9,6,11
22-11-2024,60,10,5,13
23-11-2024,68,10,5,10
24-11-2024,63,10,5,12
25-11-2024,70,10,5,9
26-11-2024,66,10,5,10
27-11-2024,64,10,4,10
28-11-2024,22,10,5,9
29-11-2024,16,10,5,8
30-11-2024,17,10,4,8
01-12-2024,16, , , 
03-12-2024,35,9,5,10
04-12-2024,56,9,5,10
05-12-2024,56,9,5,11
06-12-2024,57,9,5,10
07-12-2024,57, , , 
09-12-2024,58,10,6,10
10-12-2024,58,9,5,9
11-12-2024,55,9,6,12
12-12-2024,56,9,6,11
13-12-2024,112,9,6,10
14-12-2024,58,9,6,10
15-12-2024,58,9,6,11
16-12-2024,62,9,6,9
17-12-2024,65,9,5,9
23-12-2024,65,9,6,9
24-12-2024,67,9,6,8
25-12-2024,66,9,6,10
26-12-2024,66,9,6,10
27-12-2024,66,9,6,10
28-12-2024,67,9,6,10
29-12-2024,67, , , 
02-07-2024,59,9,6,11
03-07-2024,56,9,6,11
04-07-2024,65,9,6,11
05-07-2024,61,9,6,11
06-07-2024,65,9,6,11
07-07-2024,66,9,6,12
08-07-2024,65,9,6,12
09-07-2024,59,10,6,11
11-07-2024,68,10,6,13
12-07-2024,69,9,7,12
13-07-2024,67,9,8,12
14-07-2024,65,9,8,11
15-07-2024,66,9,7,11
16-07-2024,30,9,7,13
17-07-2024,72,9,6,11
18-07-2024,59,9,6,11
19-07-2024,80,9,6,12
20-07-2024,104,8,6,11
21-07-2024,78,9,6,11
22-07-2024,73,8,6,11
23-07-2024,67,9,6,11
24-07-2024,66,9,8,11
25-07-2024,61,8,8,12
26-07-2024,62,8,8,11
27-07-2024,58,8,8,11
28-07-2024,65,8,8,11
29-07-2024,59,8,8,11
30-07-2024,64,9,8,11
31-07-2024,64,8,6,13
01-08-2024,63,8,5,11
02-08-2024,60,9,5,13
03-08-2024,64,8,5,12
04-08-2024,60,9,5,11
05-08-2024,62,9,4,12
06-08-2024,66,8,4,10
07-08-2024,65,8,4,11
08-08-2024,63,8,4,12
09-08-2024,63,9,4,11
10-08-2024,60,9,5,11
12-08-2024,68,9,5,12
13-08-2024,69,9,5,11
14-08-2024,60,9,4,12
15-08-2024,69,9,6,11
16-08-2024,67,9,5,12
17-08-2024,64,9,5,12
18-08-2024,64,9,5,11
19-08-2024,66,9,6,11
20-08-2024,58,9,6,12
21-08-2024,62,9,5,12
22-08-2024,69,9,6,11
23-08-2024,80,9,6,11
24-08-2024,77,9,6,11
25-08-2024,75,9,6,12
26-08-2024,81,9,6,11
27-08-2024,73,9,5,11
28-08-2024,67,9,6,11
29-08-2024,65,9,6,12
30-08-2024,76,9,6,11
31-08-2024,66,9,5,12
01-09-2024,62,9,5,11
02-09-2024,60,9,5,12
03-09-2024,66,10,5,11
04-09-2024,67,10,5,11
05-09-2024,63,10,6,11
06-09-2024,63,10,5,12
07-09-2024,65,10,5, 
08-09-2024,63,10,5, 
09-09-2024,66,11,6,10
10-09-2024,69,11,6,11
11-09-2024,60,11,5,12
12-09-2024,65,11,5,11
13-09-2024,63,12,5,11
14-09-2024,57,12,6,11
15-09-2024,54,12,6,11
16-09-2024,60,12,6,11
17-09-2024,59,12,6,11
18-09-2024,65,13,6,11
19-09-2024,106,13,5,11
20-09-2024,61,13,6,11
21-09-2024,50,13,7,11
23-09-2024,69,13,6,11
24-09-2024,72,12,6,11
25-09-2024,94,11,6,11
26-09-2024,69,11,5,11
27-09-2024,107,11,6,11
29-09-2024,78,11,7,11
30-09-2024,73,12,5,12
14-06-2024,64,11,7,12
15-06-2024,62,10,7,11
16-06-2024,66,13,7,11
17-06-2024,61,12,7,11
18-06-2024,56,10,7,12
19-06-2024,64,12,7,10
20-06-2024,62,10,7,11
21-06-2024,69,11,7,11
22-06-2024,64,10,7,13
23-06-2024,61,10,7,11
24-06-2024,62,9,8,12
25-06-2024,50,9,7,12
26-06-2024,62,9,7,11
27-06-2024,67,9,7,12
28-06-2024,62,9,7,12
29-06-2024,61,9,7,11
01-01-2024,64,6,4,8
02-01-2024,62,6,3,9
03-01-2024,61,6,3,8
04-01-2024,62,5,4,8
05-01-2024,68,7,4,7
06-01-2024,189, , , 
11-01-2024,36,6,5,12
12-01-2024,51,7,5,13
13-01-2024,52,8,5,12
14-01-2024,53,8,5,12
15-01-2024,50,7,5,12
16-01-2024,51,7,5,13
17-01-2024,51,8,5,11
18-01-2024,51,8,5,12
19-01-2024,50,8,6,12
20-01-2024,59,9,6,12
21-01-2024,62,9,5,12
22-01-2024,61,9,5,12
23-01-2024,60,8,5,12
24-01-2024,58,8,5,12
25-01-2024,60,8,6,12
26-01-2024,60,9,6,12
27-01-2024,61, , , 
29-01-2024,60,9,6,12
30-01-2024,57,8,5,19
31-01-2024,59,8,5,11
01-02-2024,58,9,5,14
02-02-2024,62,11,5,14
03-02-2024,58,10,5,11
04-02-2024,61,8,5,11
05-02-2024,59,9,5,12
06-02-2024,59,8,5,12
07-02-2024,58,9,5,12
08-02-2024,57,8,5,12
09-02-2024,59,9,5,12
10-02-2024,58,9,5,11
11-02-2024,60,10,5,11
12-02-2024,56,9,5,12
13-02-2024,58,9,4,13
14-02-2024,57,9,5,11
15-02-2024,59,10,5,13
16-02-2024,59,9,5,13
17-02-2024,56,14,5,13
18-02-2024,62,10,5,11
19-02-2024,59,9,5,10
20-02-2024,60,10,5,12
21-02-2024,60,12,5,12
22-02-2024,61,12,5,11
23-02-2024,57,12,5,13
24-02-2024,61,14,5,11
25-02-2024,59,12,5,12
26-02-2024,59,10,5,11
27-02-2024,56,9,5,10
28-02-2024,56,9,5,11
29-02-2024,59,10,5,12
01-03-2024,62,10,5,13
02-03-2024,60,13,5,12
03-03-2024,59,12,5,12
04-03-2024,57,13,7,12
05-03-2024,57, , , 
01-10-2023,61,15,10,7
02-10-2023,66,15,10,7
03-10-2023,64,14,10,8
04-10-2023,62,13,10,7
05-10-2023,63,10,10,8
06-10-2023,61,10,10,7
07-10-2023,60,10,10,7
08-10-2023,63,10,10,10
09-10-2023,61,10,10,10
10-10-2023,65,10,10,9
11-10-2023,61,10,10,7
12-10-2023,63,10,10,8
13-10-2023,63,10,10,8
14-10-2023,64,10,10,7
15-10-2023,63,9,10,8
16-10-2023,62,11,10,9
17-10-2023,63,12,10,9
18-10-2023,64,12,10,6
19-10-2023,61,9,10,10
20-10-2023,63,9,10,7
21-10-2023,63,13,10,8
22-10-2023,62,15,10,9
23-10-2023,63,15,10,8
24-10-2023,57,14,10,10
25-10-2023,59,13,10,10
26-10-2023,63,13,10,9
27-10-2023,59,14,10,8
28-10-2023,61,16,10,8
29-10-2023,60,13,8,8
30-10-2023,61,10,7,8
31-10-2023,60,11,7,9
01-11-2023,55,11,7,10
02-11-2023,60,13,7,9
03-11-2023,61,12,7,8
04-11-2023,62,10,7,8
05-11-2023,62,10,5,9
06-11-2023,61,10,3,9
07-11-2023,62,9,3,8
08-11-2023,61,9,4,9
09-11-2023,60,9,5,14
10-11-2023,50,9,6,9
11-11-2023,64, , , 
19-11-2023,69,9,5,11
20-11-2023,67, , , 
22-11-2023,60,8,4,9
23-11-2023,63,11,4,4
24-11-2023,65,12,4,12
25-11-2023,67,13,4,5
26-11-2023,65,11,4,5
27-11-2023,63,12,4,8
28-11-2023,65,12,4,6
29-11-2023,61,12,4,7
30-11-2023,61,11,5,9
01-12-2023,63,11,5,9
02-12-2023,61,13,5,7
03-12-2023,60,12,4,8
04-12-2023,64,11,4,7
05-12-2023,59, , , 
07-12-2023,64,11,4,7
08-12-2023,165,13,4,7
09-12-2023,35, , , 
11-12-2023,31,12,4,7
12-12-2023,33, , , 
14-12-2023,57, , , 
16-12-2023,50, , , 
19-12-2023,64,8,4,7
20-12-2023,58,8,4,10
21-12-2023,59,8,4,8
22-12-2023,69,5,4,8
23-12-2023,56,7,4,7
24-12-2023,61,8,4,7
25-12-2023,61, , , 
28-12-2023,62,7,4,8
29-12-2023,64,8,4,7
30-12-2023,62,8,4,8
31-12-2023,64,7,4,7
01-07-2023,56,11,9,7
02-07-2023,53,11,9,6
03-07-2023,60,11,9,8
04-07-2023,47,11,10,7
05-07-2023,35,11,9,6
06-07-2023,35,11,9,7
07-07-2023,43,11,9,9
08-07-2023,39, , , 
10-07-2023,35,11,9,7
11-07-2023,47,11,9,7
12-07-2023,51,11,9,7
13-07-2023,48,11,9,7
14-07-2023,51,11,9,6
15-07-2023,51, , , 
17-07-2023,67,16,9,7
18-07-2023,58,16,8,7
19-07-2023,55,17,9,8
20-07-2023,60,18,9,7
21-07-2023,57,18,9,7
22-07-2023,51, , , 
24-07-2023,46,15,9,7
25-07-2023,40,15,9,8
26-07-2023,73,15,9,8
27-07-2023,99,16,9,7
28-07-2023,57,16,9,7
29-07-2023,48,18,9,7
30-07-2023,46,18,9,7
31-07-2023,46,17,9,7
01-08-2023,41, , , 
04-08-2023,45,18,9,8
05-08-2023,44,19,9,8
06-08-2023,47,18,9,7
07-08-2023,48,17,9,7
08-08-2023,48,17,9,7
09-08-2023,46,17,9,8
10-08-2023,50,18,9,7
11-08-2023,50, , , 
14-08-2023,48,19,9,7
15-08-2023,49,18,9,8
16-08-2023,50,15,9,7
17-08-2023,46,15,9,7
18-08-2023,47,15,9,8
19-08-2023,48,16,9,5
20-08-2023,45,17,8,11
21-08-2023,44,17,9,7
22-08-2023,47,16,9,7
23-08-2023,48,15,9,8
24-08-2023,45,16,9,6
25-08-2023,47, , , 
28-08-2023,49,15,9,8
29-08-2023,48,17,9,7
30-08-2023,46,18,9,7
31-08-2023,46,17,8,8
01-09-2023,46,17,9,6
02-09-2023,48,18,9,6
03-09-2023,48,16,8,7
04-09-2023,46,15,9,7
05-09-2023,46, , , 
08-09-2023,37,16,9, 
09-09-2023,44, , , 
11-09-2023,55,15,10,40
12-09-2023,63,15,10,6
13-09-2023,63,14,10,8
14-09-2023,62,15,10,8
15-09-2023,64,14,10,7
16-09-2023,64, , , 
19-09-2023,62, , , 
21-09-2023,63,15,10,7
22-09-2023,63, , , 
25-09-2023,59,13,10,8
26-09-2023,61,14,10,7
27-09-2023,63,13,10,7
28-09-2023,66,13,10,7
29-09-2023,65,13,10,6
30-09-2023,62,15,10,8
03-04-2023,70,11,9,10
04-04-2023,69,12,9,10
05-04-2023,68,11,9,9
06-04-2023,71,11,9,9
07-04-2023,67, , , 
10-04-2023,70,11,9,9
11-04-2023,68,12,9,10
12-04-2023,73,12,7,11
13-04-2023,84,14,7,13
14-04-2023,84,14,7,9
15-04-2023,73,14,7,8
16-04-2023,77,14,7,9
17-04-2023,69,13,7,11
18-04-2023,69,12,7,9
19-04-2023,98,12,8,11
20-04-2023,83,13,9,10
21-04-2023,76,14,9,9
22-04-2023,90,13,9,10
23-04-2023,66,11,9,11
24-04-2023,68,13,9,10
25-04-2023,70,12,9,10
26-04-2023,67,12,9,10
27-04-2023,75,13,9,10
28-04-2023,66,13,9,12
29-04-2023,78,14,8,10
30-04-2023,83,14,9,9
01-05-2023,62,13,9,11
02-05-2023,54,13,9,10
03-05-2023,53,13,9,10
04-05-2023,52,14,9,10
05-05-2023,50,13,9,10
06-05-2023,60,13,9,8
07-05-2023,53, , , 
09-05-2023,60, , , 
12-05-2023,54, , , 
14-05-2023,60,2,9,9
15-05-2023,65,5,9,10
16-05-2023,68,4,9,9
17-05-2023,65,11,9,10
18-05-2023,62,11,9,11
19-05-2023,65, , , 
22-05-2023,58,11,9,10
23-05-2023,59,11,9,11
24-05-2023,56,11,9,10
25-05-2023,58,11,9,15
26-05-2023,36, , , 
29-05-2023,65,11,9,10
30-05-2023,56, , , 
01-06-2023,58,11,9,10
02-06-2023,61,11,9,8
03-06-2023,64,11,8,7
04-06-2023,69,11,9,7
05-06-2023,57,11,9,8
06-06-2023,64,11,9,8
07-06-2023,56,11,9,8
08-06-2023,48,11,9,8
09-06-2023,59,11,9,7
10-06-2023,63,11,9,7
11-06-2023,56,11,9,8
12-06-2023,56,11,9,7
13-06-2023,56,11,9,7
14-06-2023,75,11,8,7
15-06-2023,50,11,8,8
16-06-2023,72,11,9,8
17-06-2023,54, , , 
19-06-2023,64,11,9,7
20-06-2023,65,11,9,7
21-06-2023,57,11,9,7
22-06-2023,53,11,9,7
23-06-2023,56,11,9,6
24-06-2023,53, , , 
27-06-2023,59,11,9,6
28-06-2023,51,11,9,7
29-06-2023,53,11,9,7
30-06-2023,53,11,9,7
02-01-2023,69,12,6,22
03-01-2023,64,12,6,22
04-01-2023,64,12,6,22
05-01-2023,63,11,6,22
06-01-2023,64,11,6,22
07-01-2023,65,11,6,22
08-01-2023,70,11,6,22
09-01-2023,63,11,6,19
10-01-2023,67,11,6,16
11-01-2023,67,11,6,16
12-01-2023,66,11,6,16
13-01-2023,68, , , 
17-01-2023,68,12,6,16
18-01-2023,66,12,6,16
19-01-2023,65,12,6,16
20-01-2023,67,11,6,16
21-01-2023,72,12,6,16
22-01-2023,67,11,6,16
23-01-2023,66,11,6,16
24-01-2023,62,11,6,16
25-01-2023,63,11,6,16
26-01-2023,68,12,6,16
27-01-2023,66, , , 
30-01-2023,66,11,6,16
31-01-2023,65,12,6,16
01-02-2023,70,12,6,16
02-02-2023,70,12,7,17
03-02-2023,67,12,9,17
04-02-2023,66,12,9,17
05-02-2023,67,12,9,17
06-02-2023,69,12,9,17
07-02-2023,71,11,10,16
08-02-2023,71,11,11,14
09-02-2023,70,14,9,13
10-02-2023,70,14,8,9
11-02-2023,74,29,8,8
12-02-2023,74,17,8,9
13-02-2023,70,11,8,8
14-02-2023,73,11,9,8
15-02-2023,71,11,9,9
16-02-2023,70,11,9,9
17-02-2023,68,12,9,7
18-02-2023,70,11,9,8
19-02-2023,66,12,9,9
20-02-2023,65,12,9,9
21-02-2023,68,12,9,7
22-02-2023,73,11,9,8
23-02-2023,70,11,9,9
24-02-2023,65,11,9,5
25-02-2023,61, , , 
28-02-2023,68,11,9,7
01-03-2023,66,12,9,7
02-03-2023,68,11,9,7
03-03-2023,71,11,9,7
04-03-2023,68,12,9,7
05-03-2023,68,11,9,10
06-03-2023,66,11,9,10
07-03-2023,67,11,9,10
08-03-2023,63,11,9,11
09-03-2023,66,11,9,10
10-03-2023,63,11,9,10
11-03-2023,68,11,9,9
12-03-2023,64,12,9,11
13-03-2023,64,12,9,9
14-03-2023,66,11,9,11
15-03-2023,70,11,9,10
16-03-2023,75,12,9,11
17-03-2023,64,12,9,10
18-03-2023,61,11,9,9
19-03-2023,66,11,9,10
20-03-2023,75,11,9,11
21-03-2023,65,12,9,13
22-03-2023,80,11,9,14
23-03-2023,76,11,9,10
24-03-2023,65, , , 
27-03-2023,68,11,9,11
28-03-2023,69,11,9,9
29-03-2023,64,11,9,12
30-03-2023,65,12,9,10
31-03-2023,61, , , 
01-10-2022,117,10,9,13
02-10-2022,50,10,9,12
03-10-2022,188,10,9,13
04-10-2022,119,10,9,10
05-10-2022,134,10,9,14
06-10-2022,100,10,9,11
07-10-2022,64,10,9,11
08-10-2022,142, , , 
10-10-2022,50,10,9,12
11-10-2022,47,10,9,12
12-10-2022,96,10,9,13
13-10-2022,28,10,9,13
14-10-2022,39,10,9,7
15-10-2022,35,10,9,10
24-10-2022,62,9,10,16
25-10-2022,68,11,14,17
26-10-2022,86,12,10,21
27-10-2022,71,10,7,12
28-10-2022,48,9,7,11
29-10-2022,48,10,8,12
30-10-2022,58,10,8,13
31-10-2022,68,10,8,13
01-11-2022,59,10,8,13
02-11-2022,46,10,8,12
03-11-2022,53,10,8,13
04-11-2022,54,10,8,13
05-11-2022,52, , , 
08-11-2022,68,10,8,12
09-11-2022,68,10,8,17
10-11-2022,68,10,8,5
11-11-2022,75, , , 
14-11-2022,98, , , 
16-11-2022,92,10,11,6
17-11-2022,78,10,11,4
18-11-2022,74,10,11,4
19-11-2022,68,10,11,7
20-11-2022,67,10,11,4
21-11-2022,65,10,11,4
22-11-2022,57,10,11,4
23-11-2022,46,10,11,5
24-11-2022,49,10,11,3
25-11-2022,55, , , 
30-11-2022,69,10,11,3
01-12-2022,61,10,11,6
02-12-2022,58,11,10,8
03-12-2022,53,12,9,10
04-12-2022,43,13,9,13
05-12-2022,70,12,9,16
06-12-2022,70,12,9,10
07-12-2022,70,12,9,10
08-12-2022,62,13,9,12
09-12-2022,64,12,9,12
10-12-2022,59, , , 
12-12-2022,62,14,12,18
13-12-2022,62,13,9,14
14-12-2022,63,11,7,20
15-12-2022,68,12,7,15
16-12-2022,75, , , 
18-12-2022,84,12,7,19
19-12-2022,90,12,7,19
20-12-2022,76,12,7,19
21-12-2022,83,12,7,19
22-12-2022,86,11,7,19
23-12-2022,76,11,7,19
24-12-2022,63, , , 
27-12-2022,39,12,7,19
28-12-2022,37,11,8,22
29-12-2022,52,11,8,22
30-12-2022,52,11,6,22
31-12-2022,45,11,6,22
01-07-2022,60,10,8,25
02-07-2022,64,10,8,15
03-07-2022,62,11,8,26
04-07-2022,64,9,8,19
05-07-2022,62,10,8,21
06-07-2022,69,9,8,20
07-07-2022,68,10,8,16
08-07-2022,69,11,8,16
09-07-2022,69,10,8,12
10-07-2022,69,11,8,15
11-07-2022,73,11,9,16
12-07-2022,77,10,9,18
13-07-2022,74,11,9,17
14-07-2022,74,12,8,16
15-07-2022,80,11,8,18
16-07-2022,73,10,8,16
17-07-2022,70,10,8,18
18-07-2022,62,10,8,15
19-07-2022,55,10,8,16
20-07-2022,54,10,8,18
21-07-2022,48,10,8,16
22-07-2022,54,10,8,17
23-07-2022,52,10,8,17
24-07-2022,52,10,8,19
25-07-2022,58,9,8,16
26-07-2022,48,11,8,18
27-07-2022,47,12,8,16
28-07-2022,51,14,8,20
29-07-2022,58,11,8,14
30-07-2022,49,10,8,13
31-07-2022,38,13,8,7
01-08-2022,36,11,8,17
02-08-2022,36,11,8,18
03-08-2022,36,11,8,21
04-08-2022,37,12,8,22
05-08-2022,39,11,8,25
06-08-2022,39,11,8,16
07-08-2022,39,12,8,16
08-08-2022,39,12,8,24
09-08-2022,39,11,8,21
10-08-2022,39,11,8,19
11-08-2022,38,10,8,21
12-08-2022,32,10,8,19
13-08-2022,31,11,8,22
14-08-2022,37,10,8,22
15-08-2022,37,10,8,24
16-08-2022,43,9,8,26
17-08-2022,48,9,8,18
18-08-2022,51,8,8,71
19-08-2022,55,11,8,34
20-08-2022,60,10,8,14
21-08-2022,52,10,8,17
22-08-2022,55, , , 
02-09-2022,55, , , 
05-09-2022,50,12,4,17
06-09-2022,49,12,4,18
07-09-2022,49,11,4,18
08-09-2022,49,11,4,17
09-09-2022,57,11,4,15
10-09-2022,60, , , 
12-09-2022,80,11,4,12
13-09-2022,65,11,4,12
14-09-2022,55,11,4,12
15-09-2022,61, , , 
19-09-2022,57,10,4,10
20-09-2022,53,9,5,10
21-09-2022,172, , , 
27-09-2022,45,10,9,12
28-09-2022,54,10,9,13
29-09-2022,53,10,9,12
30-09-2022,136,10,9,8
01-04-2022,65,7,11,16
02-04-2022,65,7,11,16
03-04-2022,64,7,11,16
04-04-2022,66,7,11,16
05-04-2022,56,7,11,16
06-04-2022,71,7,11,16
07-04-2022,65,7,11,16
08-04-2022,62,7,11,16
09-04-2022,57,7,11,16
10-04-2022,47,7,11,16
11-04-2022,78,7,11,15
12-04-2022,93,7,11,16
13-04-2022,52,7,11,16
14-04-2022,38, , , 
16-04-2022,56,7,11,16
17-04-2022,49,7,11,16
18-04-2022,44,7,12,16
19-04-2022,67,7,11,16
20-04-2022,64,7,11,16
21-04-2022,75,7,11,16
22-04-2022,73,7,11,16
23-04-2022,63,7,11,16
24-04-2022,59,7,11,16
25-04-2022,63,7,11,16
26-04-2022,60,7,11,16
27-04-2022,70,7,11,16
28-04-2022,67,7,11,16
29-04-2022,68,7,11,16
30-04-2022,56, , , 
02-05-2022,56,7,11,15
03-05-2022,53,7,11,16
04-05-2022,45,7,11,16
05-05-2022,53,7,11,16
06-05-2022,56,8,10,18
07-05-2022,58,9,8,22
08-05-2022,61,9,8,22
09-05-2022,63,9,8,17
10-05-2022,52,9,8,13
11-05-2022,56,9,8,13
12-05-2022,48,9,8,13
13-05-2022,51,9,8,13
14-05-2022,64,9,8,13
15-05-2022,57,9,8,13
16-05-2022,57,9,8,13
17-05-2022,37,9,8,13
18-05-2022,34,9,8,13
19-05-2022,40,9,8,13
20-05-2022,56,9,8,13
21-05-2022,67,9,8,13
22-05-2022,74,9,8,13
23-05-2022,58,9,8,13
24-05-2022,59,9,8,13
25-05-2022,59,9,8,13
26-05-2022,73,9,8,13
27-05-2022,58, , , 
30-05-2022,67,9,8,13
31-05-2022,45,9,8,13
01-06-2022,52,10,9,16
02-06-2022,57,10,12,22
03-06-2022,59,7,10,19
04-06-2022,46,8,10,22
05-06-2022,58,8,10,23
06-06-2022,40,7,11,21
07-06-2022,49,6,14,9
08-06-2022,49,7,13,12
09-06-2022,50,10,12,20
10-06-2022,52,13,14,17
11-06-2022,43, , , 
13-06-2022,31,8,9,18
14-06-2022,45,6,7,14
15-06-2022,45,5,8,11
16-06-2022,62,4,7,13
17-06-2022,18,3,6,12
18-06-2022,19,4,7,12
19-06-2022,16,4,8,13
20-06-2022,47,3,7,14
21-06-2022,48,2,7,12
22-06-2022,53,5,8,12
23-06-2022,51,10,9,11
24-06-2022,58,9,9,14
25-06-2022,61,10,9,14
26-06-2022,64,10,8,17
27-06-2022,64,9,9,17
28-06-2022,62,9,8,21
29-06-2022,58,9,9,21
30-06-2022,59,8,8,19
03-01-2022,60,10,7,11
04-01-2022,61,10,5,11
05-01-2022,69,10,5,11
06-01-2022,64,10,6,12
07-01-2022,67,10,6,14
08-01-2022,56,10,7,14
09-01-2022,53,10,7,14
10-01-2022,63,10,5,12
11-01-2022,60,11,5,12
12-01-2022,60,11,6,12
13-01-2022,60,11,6,16
14-01-2022,63,11,6,21
15-01-2022,52,10,8,21
16-01-2022,43,11,9,18
17-01-2022,50,11,6,17
18-01-2022,53,11,7,17
19-01-2022,56,11,6,17
20-01-2022,62,11,6,17
21-01-2022,69,11,6,17
22-01-2022,68,11,7,17
23-01-2022,55,11,7,17
24-01-2022,64,11,7,14
25-01-2022,72,11,6,12
26-01-2022,68,11,6,15
27-01-2022,62,11,5,19
28-01-2022,63,11,6,19
29-01-2022,68,11,6,17
30-01-2022,64,10,6,17
31-01-2022,67,11,7,18
01-02-2022,70,10,5,16
02-02-2022,70,11,6,16
03-02-2022,70,11,7,21
04-02-2022,60,11,5,22
05-02-2022,70,11,5,16
06-02-2022,63,11,5,20
07-02-2022,62,11,5,21
08-02-2022,66,11,5,20
09-02-2022,63,11,6,22
10-02-2022,59,11,6,25
11-02-2022,58,11,6,24
12-02-2022,54,11,7,24
13-02-2022,53,11,6,21
14-02-2022,60,11,7,20
15-02-2022,63,11,5,19
16-02-2022,64,11,6,19
17-02-2022,65,11,6,20
18-02-2022,60,11,6,20
19-02-2022,59,11,5,20
20-02-2022,58,10,7,20
21-02-2022,65,11,6,20
22-02-2022,74,11,6,20
23-02-2022,58,11,9,20
24-02-2022,48,11,9,19
25-02-2022,57,11,9,19
26-02-2022,60,11,9,19
27-02-2022,50,11,9,19
28-02-2022,54,11,9,20
01-03-2022,51,11,9,20
02-03-2022,54,11,9,19
03-03-2022,59,11,9,19
04-03-2022,56,11,9,19
05-03-2022,55, , , 
07-03-2022,53,11,9,19
08-03-2022,59,11,9,20
09-03-2022,73,11,9,23
10-03-2022,67,11,9,22
11-03-2022,61,11,9,22
12-03-2022,63,11,9,22
13-03-2022,63,11,9,22
14-03-2022,68,11,9,23
15-03-2022,51,11,9,23
16-03-2022,89,11,9,22
17-03-2022,75,11,9,22
18-03-2022,100,10,9,22
19-03-2022,59,11,9,22
21-03-2022,46,8,10,18
22-03-2022,59,7,11,16
23-03-2022,65,7,11,16
24-03-2022,72,7,11,16
25-03-2022,74,7,11,16
26-03-2022,63, , , 
28-03-2022,70,7,11,16
29-03-2022,53,7,11,16
30-03-2022,41,7,11,16
31-03-2022,76,7,11,16
01-10-2021,50,8,4,24
02-10-2021,56,8,4,24
03-10-2021,50,8,4,30
04-10-2021,50,8,3,15
05-10-2021,55,8,4,27
06-10-2021,36,8,4,22
07-10-2021,49,8,3,31
08-10-2021,31,8,4,17
09-10-2021,19,8,3,17
10-10-2021,19,8,4,20
11-10-2021,19,8,4,20
12-10-2021,19,8,3,18
13-10-2021,19,8,4,18
14-10-2021,20,8,3,24
15-10-2021,20,8,3,25
16-10-2021,20,8,3,24
17-10-2021,20,8,3,24
18-10-2021,20,7,2,23
19-10-2021,19,8,5,21
20-10-2021,63,8,4,27
21-10-2021,59,8,4,37
22-10-2021,77, , , 
25-10-2021,86,8,5,18
26-10-2021,77,8,4,28
27-10-2021,80,8,5,11
28-10-2021,76, , , 
30-10-2021,63,8,5,47
31-10-2021,55,8,4,17
01-11-2021,49,8,4,11
02-11-2021,51,8,4,19
03-11-2021,59,10,8,13
04-11-2021,58,9,6,9
05-11-2021,59,10,6,18
06-11-2021,64,10,6,15
07-11-2021,68,10,6,16
08-11-2021,69,10,6,12
09-11-2021,66,9,5,21
10-11-2021,55,10,5,16
11-11-2021,31,10,6,14
12-11-2021,12,10,6,24
13-11-2021,40,10,5,19
14-11-2021,24,10,6,23
15-11-2021,30,10,5,28
16-11-2021,35,10,6,12
17-11-2021,30,10,6,12
18-11-2021,9,10,7,13
19-11-2021,14,10,5,6
20-11-2021,33, , , 
22-11-2021,65,10,7,6
23-11-2021,77,10,7,6
24-11-2021,68,10,6,7
25-11-2021,63,10,6,8
26-11-2021,75,10,6,8
27-11-2021,71,10,7,8
28-11-2021,64,9,5,7
29-11-2021,49,10,5,8
30-11-2021,72,10,6,8
01-12-2021,65,10,6,8
02-12-2021,76,10,6,8
03-12-2021,73,9,6,7
04-12-2021,70,10,6,8
05-12-2021,54,10,5,8
06-12-2021,74,10,6,8
07-12-2021,81,10,6,8
08-12-2021,71,10,6,8
09-12-2021,57,10,5,8
10-12-2021,86,10,6,8
11-12-2021,61,10,6,8
12-12-2021,39,10,5,7
13-12-2021,59,10,5,7
14-12-2021,53,10,5,8
15-12-2021,63,10,5,8
16-12-2021,86,10,6,9
17-12-2021,75,10,7,11
18-12-2021,82,10,5,11
19-12-2021,67,10,6,11
20-12-2021,77,10,7,11
21-12-2021,82,10,5,11
22-12-2021,82,10,6,11
23-12-2021,81,10,6,11
24-12-2021,77, , , 
27-12-2021,73,10,7,11
28-12-2021,63,10,6,11
29-12-2021,61,10,7,11
30-12-2021,86,10,4,11
31-12-2021,74,10,6,11
01-01-2022,47,10,5,11
02-01-2022,49,10,6,11
01-07-2021,44,9,3,10
02-07-2021,40,10,2,11
03-07-2021,48,8,2,13
04-07-2021,20,9,2,9
05-07-2021,23,10,3,12
06-07-2021,43,9,2,9
07-07-2021,49,9,3,12
08-07-2021,52,10,3,11
09-07-2021,64,10,3,14
10-07-2021,53,10,3,13
11-07-2021,52,9,3,13
12-07-2021,60,9,2,12
13-07-2021,49,9,2,12
14-07-2021,34,28,3,9
15-07-2021,35,47,2,12
16-07-2021,38,107,3,12
17-07-2021,35, ,3,14
18-07-2021,26,114,3,7
19-07-2021,36, ,1,8
20-07-2021,50, ,2,11
21-07-2021,49,10,2,9
22-07-2021,30,2,2,14
23-07-2021,45,2,3,33
24-07-2021,51,3,3,29
25-07-2021,7,3,3,11
26-07-2021,38,8,2,10
27-07-2021,51,3,3,25
28-07-2021,53,4,3,15
29-07-2021,49,7,3,7
30-07-2021,39,7,3,15
31-07-2021,34, , , 
03-08-2021,9,7,2,14
05-08-2021,41,6,2,13
06-08-2021,50,6,4,18
07-08-2021,58, , , 
09-08-2021,52,6,1,6
10-08-2021,56,5,3,6
11-08-2021,51,6,2,20
12-08-2021,39,6,3,9
13-08-2021,46,8,2,9
14-08-2021,54,8,2,8
15-08-2021,54,8,3,11
16-08-2021,53,8,3,9
17-08-2021,52,8,4,12
18-08-2021,52,7,3,8
19-08-2021,53,7,3,10
20-08-2021,55,7,2,14
21-08-2021,53,7,3,10
22-08-2021,52,7,2,6
23-08-2021,58,6,2,10
24-08-2021,56,6,3,17
25-08-2021,19,6,4,22
26-08-2021,51,6,3,26
27-08-2021,20,6,4,13
28-08-2021,21,6,3,23
29-08-2021,19,12,4,8
30-08-2021,38,12,3,17
31-08-2021,44,12,4,10
01-09-2021,36,13,5,7
02-09-2021,28, , , 
07-09-2021,49,8,4,23
08-09-2021,35,8,4,18
09-09-2021,42,8,4,16
10-09-2021,38,8,4,21
11-09-2021,44,8,4,20
12-09-2021,41,8,4,23
13-09-2021,46,8,3,29
14-09-2021,57,8,3,23
15-09-2021,41,8,3,21
16-09-2021,55,8,3,23
17-09-2021,44,7,4,15
18-09-2021,53,8,4,17
19-09-2021,50,8,4,43
20-09-2021,54,8,4,9
21-09-2021,38, , , 
23-09-2021,39,8,4,13
24-09-2021,25, , , 
26-09-2021,22,8,5,13
27-09-2021,22,8,4,23
28-09-2021,26,8,4,16
29-09-2021,45,7,4,22
30-09-2021,48,8,3,19
01-04-2021,64,10,3,2
02-04-2021,64, , , 
05-04-2021,64,10,4,19
06-04-2021,64,9,4,15
07-04-2021,65,10,4, 
08-04-2021,65,22,3,7
09-04-2021,64,14,4, 
10-04-2021,65,15,3, 
11-04-2021,64,34,4, 
12-04-2021,64,87,4, 
13-04-2021,64,15,4,10
14-04-2021,64,14,4,18
15-04-2021,62,15,3,8
16-04-2021,63,15,4,8
17-04-2021,63,16,3,5
18-04-2021,64,16,4,2
19-04-2021,64, , , 
30-04-2021,58,10,6,15
01-05-2021,63,9,4,20
02-05-2021,46,9, ,20
03-05-2021,36,9,1,20
04-05-2021,39,9, ,17
05-05-2021,47,9, ,13
06-05-2021,42,9,3,19
07-05-2021,41,9,3,16
08-05-2021,36,10,4,15
09-05-2021,42,9,2,17
10-05-2021,33,10,1,14
11-05-2021,38,9,1,13
12-05-2021,35,9,1,12
13-05-2021,30,9,1,11
14-05-2021,29,9, ,14
15-05-2021,22,9,2,18
16-05-2021,26,9,2,12
17-05-2021,28,9,2,15
18-05-2021,26,9,2,8
19-05-2021,37,9,1,8
20-05-2021,22,9,2,7
21-05-2021,25,9,1,5
22-05-2021,24, , , 
24-05-2021,38,9,1,7
25-05-2021,34,9,1,6
26-05-2021,35,10,1,7
27-05-2021,30,9,2,7
28-05-2021,39,9,1,9
29-05-2021,21,9,1,9
30-05-2021,13,10,1,10
31-05-2021,24,10,1,7
01-06-2021,20,10,1,9
02-06-2021,16,9,2,11
03-06-2021,12,10,2,11
04-06-2021,10,9, ,8
05-06-2021,10,9, ,4
06-06-2021,11,9,2,6
07-06-2021,29,10,2,7
08-06-2021,55,10,2,8
09-06-2021,49,10,2,7
10-06-2021,48,27,2,7
11-06-2021,104,66,2,7
12-06-2021,50, ,2,24
13-06-2021,35,7,2,14
14-06-2021,22,5,2,2
15-06-2021,26,6,2,6
16-06-2021,31,3,3,12
17-06-2021,52,7,2,8
18-06-2021,54,10,2,5
19-06-2021,52,10,2,4
20-06-2021,47,9,2,3
21-06-2021,43,9,3,7
22-06-2021,63,10,4,12
23-06-2021,70,9,4,9
24-06-2021,59,17,4,10
25-06-2021,75,9,5,14
26-06-2021,51,9,3,13
27-06-2021,34,9,3,12
28-06-2021,45,10,3,9
29-06-2021,57,10,2,11
30-06-2021,47,9,2,12
04-01-2021,123,7,3,16
05-01-2021,106,7,3,20
06-01-2021,101,7,4,16
07-01-2021,42,7,4,15
08-01-2021,55,7,1, 
09-01-2021,61,8,1, 
10-01-2021,61,7,2, 
11-01-2021,77,7,2,6
12-01-2021,76,6,3, 
13-01-2021,74,6,2, 
14-01-2021,68,6,2,7
15-01-2021,79,6,3,5
16-01-2021,77,6,3, 
17-01-2021,66,6,3, 
18-01-2021,71,6,2, 
19-01-2021,72,6,3, 
20-01-2021,86,6,2, 
21-01-2021,83,6,3, 
22-01-2021,77,7,3, 
23-01-2021,82,7,2, 
24-01-2021,83,7,2, 
25-01-2021,75,7,3, 
26-01-2021,71,7,3,9
27-01-2021,77,7,2,11
28-01-2021,82,7,2,10
29-01-2021,86,7,3,10
30-01-2021,84,7,3,9
31-01-2021,79,7,3,11
01-02-2021,127,7,3,18
02-02-2021,134,7,3, 
03-02-2021,117,7,2,11
04-02-2021,89,7,2, 
05-02-2021,34,7,4, 
06-02-2021,30,7,3, 
08-02-2021,31,7,3,11
09-02-2021,32,11,3,13
10-02-2021,96,14,4, 
11-02-2021,107,14,4, 
12-02-2021,109,14,5, 
13-02-2021,104,15,5, 
14-02-2021,103,14,4, 
15-02-2021,110,10,2, 
16-02-2021,40,12,4,9
17-02-2021,49,12,3,11
18-02-2021,53,12,3, 
19-02-2021,50,12,3, 
20-02-2021,18,12,4, 
22-02-2021,20,11,3,15
23-02-2021,43,12,3, 
24-02-2021,66,12,3, 
25-02-2021,53,12,2,23
26-02-2021,99,12,3, 
27-02-2021,61, , , 
05-03-2021,58,13,4,5
06-03-2021,58,16,3,33
22-03-2021,71,10,3,10
23-03-2021,69,9,4,20
24-03-2021,67,9,4,19
25-03-2021,67,9,4, 
26-03-2021,67,10,3, 
27-03-2021,68,10,4, 
28-03-2021,68,16,4,12
29-03-2021,66,9,3,9
30-03-2021,62,9,4,12
31-03-2021,63,9,4,9
01-10-2020,58,11, ,9
02-10-2020,56,11, ,12
03-10-2020,67,11, ,10
04-10-2020,67,11, ,11
05-10-2020,70,11, ,12
06-10-2020,65,11, ,3
07-10-2020,60,12, ,10
08-10-2020,61,12, ,11
09-10-2020,61,12, ,10
10-10-2020,56, , , 
16-10-2020,82,7, ,11
17-10-2020,67,7, ,9
18-10-2020,52,7, ,14
19-10-2020,52,7, ,9
20-10-2020,60,7, ,10
21-10-2020,58,7, ,11
22-10-2020,67,8, ,10
23-10-2020,51, , , 
27-10-2020,95,7, ,10
28-10-2020,91,7, ,10
29-10-2020,78,6, ,11
30-10-2020,75,7, ,9
31-10-2020,75, , , 
02-11-2020,76,7, ,10
03-11-2020,69,7, ,10
04-11-2020,60,7, ,10
05-11-2020,66,7, ,8
06-11-2020,74,8, ,9
07-11-2020,80,8, ,9
08-11-2020,95,8, ,10
09-11-2020,108,7, ,9
10-11-2020,119,7, ,6
11-11-2020,97,7, ,10
12-11-2020,85,7, ,12
13-11-2020,66,8,29,11
14-11-2020,78,11,7,9
15-11-2020,64,11, ,7
16-11-2020,36,11, ,7
17-11-2020,51,12, ,7
18-11-2020,68,11, ,7
19-11-2020,77,11, ,7
20-11-2020,69,11, ,8
21-11-2020,82,11, ,7
22-11-2020,89,11, ,7
23-11-2020,81,12, ,6
24-11-2020,77,12, ,7
25-11-2020,70,13, ,7
26-11-2020,30,12, ,20
27-11-2020,26,14,4,4
28-11-2020,65,14,3, 
29-11-2020,67,11,3, 
30-11-2020,62,14,3, 
01-12-2020,65,14,3, 
02-12-2020,55,15,3,1
03-12-2020,34,17,3,6
04-12-2020,24,17,3,4
05-12-2020,22,17,3, 
06-12-2020,30,18,3, 
07-12-2020,26,17,4, 
08-12-2020,34,17,3, 
09-12-2020,25,17,3, 
10-12-2020,24,18,3, 
11-12-2020,34,18,3, 
12-12-2020,31,19,3, 
13-12-2020,33,17,2, 
14-12-2020,32,17,4,9
15-12-2020,102,17,4,8
16-12-2020,79,18,4,8
17-12-2020,76,18,3,7
18-12-2020,81,18,3,11
19-12-2020,64,18,3, 
21-12-2020,50,17,3,28
22-12-2020,40,17,3, 
23-12-2020,38,19,3, 
24-12-2020,35,19,3,15
25-12-2020,30,18,2,6
26-12-2020,34,13,2, 
28-12-2020,26, ,2, 
29-12-2020,26,4,3, 
30-12-2020,81,3,3, 
31-12-2020,23,5,3, 
01-01-2021,74,7,3,29
02-01-2021,41,7,4, 
03-01-2021,170,7,4,11
03-07-2020,62,7,3,6
04-07-2020,37,8,3,5
05-07-2020,50,8,3,7
06-07-2020,42,8,3,7
07-07-2020,48,8,3,6
08-07-2020,39,9,3,6
09-07-2020,33,10,3,7
10-07-2020,41,10,3,7
11-07-2020,38,11,3,6
12-07-2020,35,11,3,5
13-07-2020,34, , , 
21-07-2020,33,7,3,7
22-07-2020,61,10,3,5
23-07-2020,58,14,3,5
24-07-2020,42,14,3,5
25-07-2020,45,14,3,4
26-07-2020,37,14,4,5
27-07-2020,58,14,3,4
28-07-2020,32,14,3,5
29-07-2020,55,14,3,5
30-07-2020,34,14,3,5
31-07-2020,37,14,3,6
01-08-2020,39,14,3,4
02-08-2020,32,14,4,6
03-08-2020,35,14,3,4
04-08-2020,39,13,3,6
05-08-2020,47,12,3,6
06-08-2020,44,12,3,6
07-08-2020,42,12,3,4
08-08-2020,44, , , 
10-08-2020,36,25,3,6
11-08-2020,63,13,3,5
12-08-2020,49,30,3,4
13-08-2020,55,18,4,6
14-08-2020,72,9,3,6
15-08-2020,69,9,3,5
16-08-2020,72,11,3,6
17-08-2020,66,10,3,5
18-08-2020,48,11,3,5
19-08-2020,59,12,3,6
20-08-2020,71,12,3,6
21-08-2020,79,12,4,5
22-08-2020,64,12,3,5
23-08-2020,35,11,3,6
24-08-2020,71,11,3,5
26-08-2020,54,11,3,5
27-08-2020,62,11,3,5
28-08-2020,58,11,3, 
29-08-2020,69,11,3, 
30-08-2020,59,11,3, 
31-08-2020,58,11,3,8
01-09-2020,51,11,3,4
02-09-2020,78,11,3,9
03-09-2020,45,11,4,11
04-09-2020,71,11,4,10
05-09-2020,97,11,3,10
06-09-2020,82,11,4,11
07-09-2020,67,11,4,2
08-09-2020,38,11,3,11
09-09-2020,73,11,3,10
10-09-2020,28,10,168,9
11-09-2020,649,11,81,11
14-09-2020,63,11,200,10
15-09-2020,35,11,46,8
16-09-2020,35,11,3,11
17-09-2020,82,11,3,8
18-09-2020,81,11,3,11
19-09-2020,79, , , 
21-09-2020,69,7,3,10
22-09-2020,67,8,3,10
23-09-2020,65,8,3,11
24-09-2020,62,9,3,2
25-09-2020,81,9,2,10
26-09-2020,74,10,3,10
27-09-2020,66,10,3,11
28-09-2020,66,10,3,14
29-09-2020,51,10,4,10
30-09-2020,60,10,3,10
21-04-2020,29,4,3,8
22-04-2020,63,5,3,8
23-04-2020,61,6,3,8
24-04-2020,89,6,3,8
25-04-2020,63,6,3,8
26-04-2020,47,6,3,8
27-04-2020,55,6,3,8
28-04-2020,58,6,3,8
29-04-2020,65,6,3,8
30-04-2020,59,6,3,8
01-05-2020,60,6,3,8
02-05-2020,55,6,3,8
03-05-2020,61,6,3,9
04-05-2020,56,6,3,9
05-05-2020,75,5,3,7
06-05-2020,70,3,2,5
07-05-2020,72,4,2,4
08-05-2020,56,3,2,5
09-05-2020,61,3,2,4
10-05-2020,61,3,2,5
11-05-2020,59,3,2,4
12-05-2020,59,4,2,5
13-05-2020,52,4,1,5
14-05-2020,65,4,2,6
15-05-2020,50, , , 
17-05-2020,112,4,2,4
18-05-2020,72,10,1,5
19-05-2020,109,11,2,6
20-05-2020,58,12,1,6
21-05-2020,54,11,2,5
22-05-2020,60,12,2,5
23-05-2020,62,12,2,5
24-05-2020,105,11,2,5
25-05-2020,58,11,2,5
26-05-2020,116,11,2,6
27-05-2020,69,12,2,5
28-05-2020,61,15,2,5
29-05-2020,70,11,2,5
30-05-2020,30, , , 
02-06-2020,14, , , 
04-06-2020,55,8,3,5
05-06-2020,49,8,4,5
06-06-2020,66,8,3,4
07-06-2020,62,8,3,7
08-06-2020,32,21,3,6
09-06-2020,59,8,3,5
10-06-2020,59,9,3,5
11-06-2020,50,8,3,5
12-06-2020,30,8,3,6
13-06-2020,60,8,3,5
14-06-2020,40,8,3,5
15-06-2020,55,8,3,6
16-06-2020,66,8,4,7
17-06-2020,67,8,3,6
18-06-2020,60,8,3,6
19-06-2020,61,8,3,5
20-06-2020,51,8,3,5
21-06-2020,53,7,3,5
22-06-2020,48,8,3,5
23-06-2020,54,7,3,5
24-06-2020,76,7,3,5
25-06-2020,54,7,3,5
26-06-2020,30, , , 
01-01-2020,67,18,4,18
02-01-2020,70,19,4,17
03-01-2020,70,23,4,17
04-01-2020,75,21,4,14
05-01-2020,75,19,4,15
06-01-2020,62,20,4,15
07-01-2020,61,13,4,13
08-01-2020,64,20,5,18
09-01-2020,79,20,4,15
10-01-2020,70, ,4,11
11-01-2020,56, , , 
13-01-2020,82,30,4,17
14-01-2020,79,20,4,15
15-01-2020,68,24,4,16
16-01-2020,71,29,4,17
17-01-2020,70,19,4,15
18-01-2020,61,21,4,16
19-01-2020,59,25,4,16
20-01-2020,66,22,4,14
21-01-2020,64,22,4,15
22-01-2020,61,17,4,16
23-01-2020,57,30,4,16
24-01-2020,65,35,4,17
25-01-2020,69,33,4,16
26-01-2020,72,31,5,18
27-01-2020,77,21,4,16
28-01-2020,76,23,4,15
29-01-2020,80,24,4,17
30-01-2020,73,24,4,16
31-01-2020,75,24,4,16
01-02-2020,75,15,4,13
02-02-2020,61,27,4,17
03-02-2020,72,23,4,17
04-02-2020,65,22,4,16
05-02-2020,71,22,4,15
06-02-2020,74,19,4,16
07-02-2020,96,21,4,15
08-02-2020,107,20,4,15
09-02-2020,93,18,4,15
10-02-2020,83,20,4,16
11-02-2020,102,21,4,17
12-02-2020,67,28,4,17
13-02-2020,97,19,4,15
14-02-2020,94,36,4,20
15-02-2020,127,11,4,11
16-02-2020,87,22,4,12
17-02-2020,95,31,4,16
18-02-2020,264,24,4,14
19-02-2020,83, , , 
21-02-2020,82,20,4,13
22-02-2020,82,23,4,14
23-02-2020,79,25,4,14
24-02-2020,81,22,4,15
25-02-2020,82,28,4,15
26-02-2020,84,24,4,14
27-02-2020,84,22,4,14
28-02-2020,82,24,4,14
29-02-2020,85,15,4,13
01-03-2020,72,28,4,19
02-03-2020,102,31,5,21
03-03-2020,128,15,4,13
04-03-2020,87,18,4,14
05-03-2020,95,19,4,13
06-03-2020,84,23,4,14
07-03-2020,86,19,4,13
08-03-2020,82,18,4,14
09-03-2020,84,18,4,14
10-03-2020,92,20,4,14
11-03-2020,67,22,4,13
12-03-2020,62,20,4,13
13-03-2020,59,37,4,16
14-03-2020,61,24,4,12
15-03-2020,51,23,4,13
16-03-2020,87,19,4,13
17-03-2020,107,21,4,15
18-03-2020,85,30,4,16
19-03-2020,106,19,4,13
20-03-2020,125,21,4,15
21-03-2020,103,6,4,11
22-03-2020,76,8,4,13
23-03-2020,92, , , 
01-10-2019,89, , , 
03-10-2019,94,34,3,12
04-10-2019,69,28,3,16
05-10-2019,83,18,2,12
06-10-2019,78, , , 
22-10-2019,44,5,2,13
23-10-2019,41,8,3,14
24-10-2019,72,11,3,13
25-10-2019,64,11,2,14
26-10-2019,65,14,3,15
27-10-2019,69,16,4,15
28-10-2019,72,12,4,15
29-10-2019,76,34,4,16
30-10-2019,42,29,4,15
31-10-2019,60,23,4,14
01-11-2019,90,22,4,15
02-11-2019,90, , , 
04-11-2019,158,14,4,16
05-11-2019,140,21,4,16
06-11-2019,119,40,4,17
07-11-2019,97,30,4,15
08-11-2019,81,34,4,13
09-11-2019,84, , , 
11-11-2019,96,31,4,16
12-11-2019,70,19,4,16
13-11-2019,130,30,4,16
14-11-2019,72,27,4,16
15-11-2019,58,29,4,16
16-11-2019,59,35,4,13
17-11-2019,56,34,4,16
18-11-2019,55,27,4,14
19-11-2019,44,25,4,14
20-11-2019,41,36,4,18
21-11-2019,57,37,4,16
22-11-2019,64,40,4,14
23-11-2019,54, , , 
25-11-2019,65,34,4,15
26-11-2019,56,40,4,16
27-11-2019,50,29,4,15
28-11-2019,48,17,4,15
29-11-2019,59,17,4,15
30-11-2019,52, ,4,15
01-12-2019,37,10,4,14
02-12-2019,34,29,4,14
03-12-2019,58,15,4,16
04-12-2019,61, , , 
06-12-2019,96,16,4,16
07-12-2019,72, , , 
09-12-2019,72, , , 
11-12-2019,69,12,4,22
12-12-2019,78,9,4,17
13-12-2019,79,21,3,18
14-12-2019,53, , , 
18-12-2019,75, , , 
20-12-2019,86,16,4,13
21-12-2019,66,21,4,15
22-12-2019,77,22,4,16
23-12-2019,77,23,4,17
24-12-2019,77, , , 
26-12-2019,82,22,4,15
27-12-2019,76,21,4,15
28-12-2019,69,21,4,15
29-12-2019,72, , , 
01-07-2019,102,15,5,12
02-07-2019,86,14,6,12
03-07-2019,85,22,6,14
04-07-2019,94,19,7,12
05-07-2019,89,25,6,12
06-07-2019,86,24,7,11
07-07-2019,114,15,7,11
08-07-2019,90,14,9,11
09-07-2019,76,15,11,11
10-07-2019,73,14,14,11
11-07-2019,74,14,16,10
12-07-2019,75,17,7,12
13-07-2019,82,17,11,11
14-07-2019,73,12,9,10
15-07-2019,74,14,3,10
16-07-2019,49, , , 
21-07-2019,78,23,3,12
22-07-2019,72,20,3,13
23-07-2019,61,17,3,13
24-07-2019,82,14,2,12
25-07-2019,74,19,3,12
26-07-2019,72, , , 
29-07-2019,93,14,3,12
30-07-2019,80,10,4,9
31-07-2019,74,13,3,11
01-08-2019,84,15,3,12
02-08-2019,73,22,3,14
03-08-2019,100,25,3,11
04-08-2019,91,15,3,10
05-08-2019,64,15,3,12
06-08-2019,60,13,3,11
07-08-2019,47,6,3,8
08-08-2019,38,31,3,16
09-08-2019,73,19,3,12
10-08-2019,67,12,3,10
11-08-2019,56,13,3,13
12-08-2019,76,13,3,11
13-08-2019,58,14,3,13
14-08-2019,69, , , 
19-08-2019,75,11,3,12
20-08-2019,49,11,3,12
21-08-2019,47,11,3,13
22-08-2019,69,11,3,12
23-08-2019,56,15,3,14
24-08-2019,71,13,3,13
25-08-2019,74,18,4,13
26-08-2019,104,18,3,14
27-08-2019,84,14,3,12
28-08-2019,78,20,4,15
29-08-2019,104,22,3,16
30-08-2019,102,20,4,13
31-08-2019,89,17,4,12
01-09-2019,71, , , 
03-09-2019,68,18,4,14
04-09-2019,70,15,4,13
05-09-2019,63,14,4,12
06-09-2019,63,18,4,15
07-09-2019,72,14,4,12
08-09-2019,69,15,3,13
09-09-2019,69, ,4,13
10-09-2019,87,16,3,13
11-09-2019,86,12,3,12
12-09-2019,76,14,3,11
13-09-2019,72,19,3,12
14-09-2019,78,20,3,10
15-09-2019,61,19,3,12
16-09-2019,57,16,3,11
17-09-2019,45,16,3,13
18-09-2019,69,19,3,13
19-09-2019,81,17,3,13
20-09-2019,72,20,3,13
21-09-2019,89,24,3,13
22-09-2019,66,30,3,13
23-09-2019,61,21,2,14
24-09-2019,43,38,2,10
25-09-2019,53,26,2,17
26-09-2019,84,30,2,17
27-09-2019,91,33,2,15
28-09-2019,102,30,2,14
29-09-2019,110, , , 
02-04-2019,199,30,3,12
03-04-2019,132,23,3,12
04-04-2019,108,24,3,12
05-04-2019,105,23,3,11
06-04-2019,111,21,3,11
07-04-2019,102,19,3,11
08-04-2019,95,20,3,11
09-04-2019,120,19,3,11
10-04-2019,86,34,4,12
11-04-2019,134,24,2,11
12-04-2019,111,24,3,12
13-04-2019,106,20,3,11
14-04-2019,102,23,3,12
15-04-2019,100,19,3,11
16-04-2019,96,14,2,11
17-04-2019,110,21,2,11
18-04-2019,112,28,3,23
19-04-2019,133,17,2,14
20-04-2019,87,16,2,15
21-04-2019,85,17,3,11
22-04-2019,99,20,3,11
23-04-2019,92,23,3,11
24-04-2019,92,26,3,11
25-04-2019,114,20,2,11
26-04-2019,99,30,3,16
27-04-2019,131,25,3,14
28-04-2019,111,16,2,13
29-04-2019,104,12,2,16
30-04-2019,99,11,2,18
01-05-2019,80,11,2,12
02-05-2019,105,15,3,12
03-05-2019,118,12,2,11
04-05-2019,117,17,2,11
05-05-2019,118,17,2,11
06-05-2019,115,12,2,11
07-05-2019,94,8,2,12
08-05-2019,72,15,2,13
09-05-2019,102,13,2,11
10-05-2019,99,15,2,11
11-05-2019,112,16,2,12
12-05-2019,103,14,2,12
13-05-2019,101,13,2,12
14-05-2019,93,13,3,19
15-05-2019,96,19,2,15
16-05-2019,99,13,2,14
17-05-2019,97, , , 
20-05-2019,107,20,2,11
21-05-2019,76,15,2,11
22-05-2019,57,21,3,11
23-05-2019,79,17,2,11
24-05-2019,51,15,2,11
25-05-2019,90,17,2,11
26-05-2019,39,20,3,12
27-05-2019,69,15,2,11
28-05-2019,60, , , 
14-06-2019,69,17,6,11
15-06-2019,60,14,6,10
16-06-2019,58,18,5,14
17-06-2019,69,15,5,11
18-06-2019,60,15,6,13
19-06-2019,62,16,6,12
20-06-2019,57,16,6,11
21-06-2019,60,21,5,12
22-06-2019,64,21,6,13
23-06-2019,59,21,6,15
24-06-2019,70,22,6,13
25-06-2019,86,15,6,12
26-06-2019,68,15,6,11
27-06-2019,71,13,5,11
28-06-2019,81,19,5,12
29-06-2019,104,10,3,9
30-06-2019,96,13,5,12
01-01-2019,85,18,2,17
02-01-2019,78,19,2,17
03-01-2019,77,19,2,16
04-01-2019,79,20,2,12
05-01-2019,78,19,2,11
06-01-2019,82,23,3,12
07-01-2019,86,18,2,12
08-01-2019,76,21,3,12
09-01-2019,89,25,3,13
10-01-2019,90,30,3,13
11-01-2019,94,23,2,12
12-01-2019,93,21,3,12
13-01-2019,84,20,3,12
14-01-2019,86,23,2,12
15-01-2019,80,30,3,14
16-01-2019,97,21,2,12
17-01-2019,90,21,2,12
18-01-2019,88,12,2,11
19-01-2019,81, , , 
21-01-2019,100,13,2,11
22-01-2019,85,30,3,14
23-01-2019,115,19,3,18
24-01-2019,91,20,3,13
25-01-2019,85,18,3,12
26-01-2019,86,16,3,11
27-01-2019,78,12,3,11
28-01-2019,77,12,2,11
29-01-2019,47, , , 
31-01-2019,107,7,1,10
01-02-2019,95,26,3,13
02-02-2019,130,13,2,11
03-02-2019,99, , , 
06-02-2019,138,14,2,11
07-02-2019,108, , , 
09-02-2019,125, , , 
13-02-2019,126,27,4,13
14-02-2019,114,20,2,12
15-02-2019,105,18,1,12
16-02-2019,108,13,2,11
17-02-2019,108,20,3,12
18-02-2019,102,17,2,11
19-02-2019,109,23,2,12
20-02-2019,107,20,2,12
21-02-2019,106,24,2,12
22-02-2019,113,31,3,12
23-02-2019,117,29,2,12
24-02-2019,106,27,4,12
25-02-2019,99,18,2,11
26-02-2019,111,23,2,16
28-02-2019,113,29,2,12
01-03-2019,123,21,2,11
02-03-2019,97,22,2,11
03-03-2019,97,17,2,11
04-03-2019,98,15,2,11
05-03-2019,98,11,2,10
06-03-2019,94,22,2,13
07-03-2019,136,26,2,12
08-03-2019,120,18,3,11
09-03-2019,105, , , 
12-03-2019,124,23,3,12
13-03-2019,112,24,2,13
14-03-2019,116,26,2,17
15-03-2019,107,26,2,17
16-03-2019,109,27,2,15
17-03-2019,108,19,1,11
18-03-2019,134, , , 
25-03-2019,125,21,3,11
26-03-2019,103,21,2,12
27-03-2019,103,26,3,12
28-03-2019,112,26,3,12
29-03-2019,111,18,2,11
30-03-2019,87, , , 
01-12-2018,102,9,2,14
02-12-2018,82,8,2,14
03-12-2018,85,8,2,14
04-12-2018,81,6,2,13
05-12-2018,55,9,3,14
07-12-2018,415,7,1,10
08-12-2018,23, , , 
10-12-2018,130,10,2,11
11-12-2018,284, , , 
17-12-2018,110,21,3,13
18-12-2018,108,17,3,12
19-12-2018,76,25,3,12
20-12-2018,103,17,3,11
21-12-2018,80,21,3,12
22-12-2018,84,15,2,11
23-12-2018,71,18,3,12
24-12-2018,79,18,2,11
25-12-2018,80,19,3,11
26-12-2018,82,12,3,11
27-12-2018,81,18,3,12
28-12-2018,85,18,2,12
29-12-2018,84,9,2,11
30-12-2018,74, , , 
01-04-2018,95,29,1,17
02-04-2018,111,34,4,17
03-04-2018,91,44,38,11
04-04-2018,121,61,4,18
05-04-2018,117,34,14,13
06-04-2018,100,32,3,10
07-04-2018,102, , , 
10-04-2018,88,28,2,12
11-04-2018,77,28,5,10
12-04-2018,76,30,4,12
13-04-2018,80,27, ,15
14-04-2018,80,15, ,11
15-04-2018,90, , , 
17-04-2018,99,26, ,12
18-04-2018,93,7,14,10
19-04-2018,91,6,2,4
20-04-2018,73, , , 
01-01-2018,71,14,1,8
02-01-2018,68,16,2,9
03-01-2018,62,20,2,8
04-01-2018,70,22,2,9
05-01-2018,77,20,2,8
06-01-2018,72,20,2,8
07-01-2018,78,19,2,9
08-01-2018,69,17,2,9
09-01-2018,69,15,2,8
10-01-2018,64,29,2,9
11-01-2018,61,21,2,9
12-01-2018,71,24,2,8
13-01-2018,95,21,2,8
14-01-2018,106,17,2,8
15-01-2018,98,17,2,8
16-01-2018,89,17,2,9
17-01-2018,103,20,4,11
18-01-2018,100,18,3,18
19-01-2018,90,21,4,17
20-01-2018,110,18,4,17
21-01-2018,98,17,4,17
22-01-2018,110,14,4,18
23-01-2018,117,16,4,17
24-01-2018,113,16,3,13
25-01-2018,109,19,2,6
26-01-2018,109,16,2,8
27-01-2018,125,21,2,10
28-01-2018,111,25,1,12
29-01-2018,106,16,2,10
30-01-2018,104,16,2,11
31-01-2018,105,20,2,11
01-02-2018,98,17,2,12
02-02-2018,98,17,2,12
03-02-2018,100,16,2,12
04-02-2018,94,17,2,11
05-02-2018,94,14,2,10
06-02-2018,115,10,2,11
07-02-2018,89,16,2,12
08-02-2018,83,13,1,11
09-02-2018,100,15,2,11
10-02-2018,84,12,1,11
11-02-2018,96,12,2,13
12-02-2018,90,11,2,12
13-02-2018,93,11,2,11
14-02-2018,94,13,2,11
15-02-2018,89,15,2,11
16-02-2018,83,17,2,12
17-02-2018,101,15,2,11
18-02-2018,107,15,2,12
19-02-2018,96,17,2,12
20-02-2018,95,17,1,12
21-02-2018,102,17,2,10
22-02-2018,104,19,2,10
23-02-2018,92,14,3,11
24-02-2018,80,14, ,11
25-02-2018,75,16, ,12
26-02-2018,72,17,2,10
27-02-2018,85,16,2,11
28-02-2018,130,16,2,11
01-03-2018,101,19,1,12
02-03-2018,120,58,3,11
03-03-2018,90,73,1,9
04-03-2018,112,88,2,13
05-03-2018,96,52,3,10
06-03-2018,100,25,2,10
07-03-2018,102,20,2,8
08-03-2018,108,33,3,12
09-03-2018,122,32,5,10
10-03-2018,128,28,12,8
11-03-2018,116,26,5,14
12-03-2018,103,16,1,16
13-03-2018,87,16, ,17
14-03-2018,79,18,3,17
15-03-2018,75,24,1,14
16-03-2018,72,38,6,16
17-03-2018,90,26,2,19
18-03-2018,80,29, ,15
19-03-2018,99,34,2,15
20-03-2018,109,28, ,17
21-03-2018,104, , , 
24-03-2018,105,31,4,15
25-03-2018,108, , , 
28-03-2018,108,28,2,17
29-03-2018,119,22,5,14
30-03-2018,122,18,2,16
31-03-2018,80,21,5,32
01-10-2017,52,21,2,12
02-10-2017,44,20,3,11
03-10-2017,56,17,3,9
04-10-2017,53,31,3,12
05-10-2017,40,25,3,12
06-10-2017,50,23,3,12
07-10-2017,58,19,2,12
08-10-2017,57,17,3,9
09-10-2017,60,19,2,11
10-10-2017,56,24,3,12
11-10-2017,52,23,3,11
12-10-2017,45,23,2,11
13-10-2017,43,19,3,11
14-10-2017,38,25,3,11
15-10-2017,41,19,2,10
16-10-2017,57,25,3,11
17-10-2017,74,36,3,14
18-10-2017,119,20,3,12
19-10-2017,124,29,3,15
20-10-2017,159,21,4,21
21-10-2017,110,18,4,20
22-10-2017,79,23,4,22
23-10-2017,88,48,4,21
24-10-2017,113,36,3,20
25-10-2017,91,32,3,20
26-10-2017,66,29,2,19
27-10-2017,67,33,2,21
28-10-2017,64,32,2,17
29-10-2017,73,28,2,16
30-10-2017,62,34,2,10
31-10-2017,67,25,2,8
01-11-2017,64,33,2,7
02-11-2017,74,29,2,8
03-11-2017,75,36,2,9
04-11-2017,65,31,2,8
05-11-2017,41,44,2,9
06-11-2017,51,40,2,11
07-11-2017,58,55,2,19
08-11-2017,71,45,2,19
09-11-2017,68,59,2,16
10-11-2017,79,38,3,12
11-11-2017,68,36,3,11
12-11-2017,67,38,3,10
13-11-2017,61,30,3,11
14-11-2017,63,23,3,11
15-11-2017,59,34,3,12
16-11-2017,68,30,3,12
17-11-2017,67,52,3,14
18-11-2017,81,38,3,12
19-11-2017,63,40,3,12
20-11-2017,63,37,3,13
21-11-2017,49,39,3,12
22-11-2017,49,42,3,13
23-11-2017,60,41,3,12
24-11-2017,70,48,3,12
25-11-2017,74,51,3,12
26-11-2017,68,48,3,11
27-11-2017,59,45,3,12
28-11-2017,64,39,3,9
29-11-2017,64,25,3,11
30-11-2017,44,37,2,11
01-12-2017,27,47,3,10
02-12-2017,77,36,3,10
03-12-2017,66,42,3,12
04-12-2017,77,25,3,11
05-12-2017,62,32,3,12
06-12-2017,77,38,3,11
07-12-2017,73,55,3,10
08-12-2017,84,58,3,11
09-12-2017,86,50,3,11
10-12-2017,95,42,3,11
11-12-2017,81,58,3,10
12-12-2017,97,49,3,13
13-12-2017,105,38,2,12
14-12-2017,72,79,1,11
15-12-2017,58,46,1,12
16-12-2017,74,36,2,11
17-12-2017,69,51,2,10
18-12-2017,74,36,2,11
19-12-2017,68,37,6,12
20-12-2017,68,26,4,11
21-12-2017,61,33,2,10
22-12-2017,60,37,2,10
23-12-2017,65, , , 
26-12-2017,64,21,2,11
27-12-2017,77,18,1,11
28-12-2017,74,22,2,11
29-12-2017,70,19,2,10
30-12-2017,67,26,2,10
31-12-2017,78,17,2,8
01-07-2017,86,24,3,11
02-07-2017,78,21,3,11
03-07-2017,70,16,3,9
04-07-2017,47, , , 
07-07-2017,87,22,3,11
08-07-2017,83,21,3,10
09-07-2017,78,19,3,11
10-07-2017,75,20,3,10
11-07-2017,66,15,3,10
12-07-2017,57,19,3,10
13-07-2017,70,17,3,11
14-07-2017,70,20,4,10
15-07-2017,77,18,6,8
16-07-2017,72,17,4,10
17-07-2017,76,16,3,10
18-07-2017,64,18,3,11
19-07-2017,53,18,3,11
20-07-2017,64,19,3,11
21-07-2017,74,21,3,11
22-07-2017,82,19,3,10
23-07-2017,83,17,3,10
24-07-2017,78,16,3,10
25-07-2017,73,17,3,10
26-07-2017,75,16,3,9
27-07-2017,70,15,3,10
28-07-2017,59,16,3,12
29-07-2017,64,16,3,10
30-07-2017,70,15,3,10
31-07-2017,62,14,3,12
01-08-2017,68,14,3,9
02-08-2017,67,15,3,11
03-08-2017,60,15,3,10
04-08-2017,52,16,3,11
05-08-2017,60,14,3,9
06-08-2017,61,17,3,11
07-08-2017,65,15,3,10
08-08-2017,71,20,3,11
09-08-2017,66,16,3,10
10-08-2017,58,21,3,10
11-08-2017,57,16,3,9
12-08-2017,44,17,3,9
13-08-2017,80,18,3,11
14-08-2017,80,17,3,11
15-08-2017,55,13,2,16
16-08-2017,47,43,2,17
17-08-2017,58,22,3,10
18-08-2017,45,17,3,11
19-08-2017,47,17,3,11
20-08-2017,49,16,3,11
21-08-2017,62,14,3,12
22-08-2017,68,14,3,10
23-08-2017,60,16,2,11
24-08-2017,50,13,3,9
25-08-2017,38,14,2,10
26-08-2017,57,14,3,10
27-08-2017,42,17,3,12
28-08-2017,64,16,3,13
29-08-2017,71,14,3,11
30-08-2017,68,13,3,10
31-08-2017,76,15,3,10
01-09-2017,59,21,3,12
02-09-2017,69,20,3,11
03-09-2017,49,18,2,11
04-09-2017,52,20,3,13
05-09-2017,85,14,3,10
06-09-2017,64, , , 
11-09-2017,80,28,3,12
12-09-2017,76,26,3,11
13-09-2017,74,19,3,11
14-09-2017,68,23,3,11
15-09-2017,51,25,3,11
16-09-2017,70,23,3,11
17-09-2017,47,19,3,11
18-09-2017,51,18,3,10
19-09-2017,64,16,3,12
20-09-2017,61,20,3,10
21-09-2017,65,18,3,12
22-09-2017,58,21,3,10
23-09-2017,67,28,3,11
24-09-2017,78,21,3,10
25-09-2017,43,17,2,10
26-09-2017,56,25,3,10
27-09-2017,45,24,3,12
28-09-2017,66,24,3,11
29-09-2017,54,20,3,11
30-09-2017,53,24,3,9
01-04-2017,77,22,1,7
02-04-2017,75,22,1,8
03-04-2017,74,15,1,7
04-04-2017,73,11,1,7
05-04-2017,63,18,1,7
06-04-2017,66,13,1,7
07-04-2017,61,17,1,8
08-04-2017,74,17,1,7
09-04-2017,67,16,2,11
10-04-2017,68,17,1,7
11-04-2017,69,9,7,6
12-04-2017,65,18,3,8
13-04-2017,75,23,3,8
14-04-2017,75,20,3,8
15-04-2017,70,20,3,8
16-04-2017,76,10,3,7
17-04-2017,60,9,3,6
18-04-2017,50,9,3,6
19-04-2017,64,10,3,5
20-04-2017,46,8,3,6
21-04-2017,61,6,4,6
22-04-2017,48,5,4,6
23-04-2017,65, , , 
25-04-2017,84,20,3,13
26-04-2017,67,21,3,10
27-04-2017,75,14,3,8
28-04-2017,66,17,3,7
29-04-2017,60,25,3,8
30-04-2017,74,20,3,6
01-05-2017,63,21,4,8
02-05-2017,60,19,4,7
03-05-2017,66,21,3,7
04-05-2017,68,22,4,8
05-05-2017,66,19,4,6
06-05-2017,68,16,3,6
07-05-2017,61,14,3,5
08-05-2017,45,11,4,5
09-05-2017,51,18,3,9
10-05-2017,51,12,2,4
11-05-2017,35,16,2,8
12-05-2017,45,13,2,7
13-05-2017,59,11,2,7
14-05-2017,61,7,2,5
15-05-2017,43,11,2,6
16-05-2017,51,10,2,6
17-05-2017,54,14,2,5
18-05-2017,52,18,2,6
19-05-2017,37,21,2,5
20-05-2017,55,20,2,6
21-05-2017,44,17,1,5
22-05-2017,54,22,2,6
23-05-2017,49,14,2,4
24-05-2017,50,13,2,6
25-05-2017,49,14,2,6
26-05-2017,59,16,2,6
27-05-2017,37,12,2,5
28-05-2017,42,12,2,6
29-05-2017,50,11,2,5
30-05-2017,48,19,2,6
31-05-2017,61,19,2,5
01-06-2017,50,21,2,5
02-06-2017,51,24,2,4
03-06-2017,48,29,2,6
04-06-2017,48,22,3,10
05-06-2017,64,18,3,9
06-06-2017,44,15,2,8
07-06-2017,31,16,3,9
08-06-2017,49,17,3,9
09-06-2017,65,23,3,9
10-06-2017,65,23,3,9
11-06-2017,62,24,3,10
12-06-2017,56,21,3,12
13-06-2017,66,21,2,11
14-06-2017,67,22,2,11
15-06-2017,79,19,3,9
16-06-2017,66,19,3,12
17-06-2017,60,13,3,10
18-06-2017,71,14,3,9
19-06-2017,63,12,3,10
20-06-2017,57,17,3,10
21-06-2017,74,13,3,10
22-06-2017,72,19,3,10
23-06-2017,35,30,3,9
24-06-2017,79,29,3,9
25-06-2017,68,27,3,9
26-06-2017,70,29,3,10
27-06-2017,78,25,3,8
28-06-2017,69,21,3,10
29-06-2017,62,21,3,11
30-06-2017,74,25,3,11
02-01-2017,75,38,3,9
03-01-2017,76,35,2,9
04-01-2017,84,34,3,9
05-01-2017,79,40,3,11
06-01-2017,88,42,4,11
07-01-2017,93,30,3,9
08-01-2017,85,37,4,12
09-01-2017,87,27,3,8
10-01-2017,85,36,3,12
11-01-2017,95,38,3,11
12-01-2017,93,25,2,8
13-01-2017,77, , , 
16-01-2017,86,31,3,15
17-01-2017,87,25,2,8
18-01-2017,79,30,2,12
19-01-2017,73,32,2,8
20-01-2017,82,32,3,8
21-01-2017,76,33,3,8
22-01-2017,73,36,3,9
23-01-2017,85,32,3,8
24-01-2017,85,32,2,9
25-01-2017,81,28,2,8
26-01-2017,78,24,5,9
27-01-2017,66,25,4,10
28-01-2017,51,20,3,10
29-01-2017,49,31,3,11
30-01-2017,64,30,6,12
31-01-2017,63,34,9,24
01-02-2017,63,48,2,11
02-02-2017,64,47,1,9
03-02-2017,68, , , 
06-02-2017,82,72,4,13
07-02-2017,77,54,3,11
08-02-2017,69,70,3,13
09-02-2017,75,60,4,11
10-02-2017,73,69,5,11
11-02-2017,69,51,4,10
12-02-2017,64,52,4,10
13-02-2017,58,48,3,12
14-02-2017,57,51,5,18
15-02-2017,61,54,4,19
16-02-2017,65,55,6,21
17-02-2017,82,71,5,20
18-02-2017,71,79,5,20
19-02-2017,75,57,4,15
20-02-2017,79,67,6,11
21-02-2017,86,38,13,13
22-02-2017,81,38,8,6
23-02-2017,78,37,9,6
24-02-2017,69,34,6,7
25-02-2017,65,31,7,5
26-02-2017,68,30,7,6
27-02-2017,65,32,7,7
28-02-2017,66,39,7,6
01-03-2017,72,35,6,6
02-03-2017,65,32,7,8
03-03-2017,67,31,8,6
04-03-2017,58,18,6,6
05-03-2017,60,17,8,5
06-03-2017,60,27,5,6
07-03-2017,66,24,6,7
08-03-2017,60,27,4,6
09-03-2017,74,15,3,5
10-03-2017,58,17,4,5
11-03-2017,57,17,3,4
12-03-2017,55,23,5,6
13-03-2017,72,18,3,5
14-03-2017,56,17,4,5
15-03-2017,52,14,4,5
16-03-2017,52,38,3,5
17-03-2017,72,25,7,10
18-03-2017,67,15,3,4
19-03-2017,65,36,6,8
20-03-2017,73,25,5,6
21-03-2017,70,51,11,12
22-03-2017,73,35,7,8
23-03-2017,74,32,8,7
24-03-2017,74,26,8,8
25-03-2017,81,23,30,5
26-03-2017,81,26, ,2
27-03-2017,80,28, ,6
28-03-2017,74,19, ,8
29-03-2017,64,17, ,6
30-03-2017,60,26,3,15
31-03-2017,56,28,1,8
01-10-2016,72,12,2,7
02-10-2016,73,15,2,9
03-10-2016,86,10,2,8
04-10-2016,81,8,3,8
05-10-2016,71,10,4,6
06-10-2016,64,12,1,9
07-10-2016,85,12,3,9
08-10-2016,69,9,3,8
09-10-2016,65,8,3,9
10-10-2016,57,7,3,9
11-10-2016,58,12,3,11
12-10-2016,55,12,2,11
13-10-2016,60, , , 
15-10-2016,98,25,5, 
16-10-2016,99,23,3, 
17-10-2016,108,23,4, 
18-10-2016,118,20,4, 
19-10-2016,117,23,4, 
20-10-2016,119,24,4,17
21-10-2016,118,21,3,11
22-10-2016,132,24,2,9
23-10-2016,125,25,2,12
24-10-2016,109,26,1,2
25-10-2016,134,24, ,3
26-10-2016,84,30,3,6
27-10-2016,94,33,2,6
28-10-2016,82,28,3,9
29-10-2016,87,25,2,12
30-10-2016,89,20,2,5
31-10-2016,72, , , 
02-11-2016,94,23, ,7
03-11-2016,79,16,2,6
04-11-2016,78,17,3,7
05-11-2016,80,10,4,4
06-11-2016,63,13, ,6
07-11-2016,71,14,5,8
08-11-2016,80,10,3,6
09-11-2016,82,12,4,7
10-11-2016,89,21,5,7
11-11-2016,98,18,8,7
12-11-2016,86,20, ,5
13-11-2016,85,15, ,5
14-11-2016,60,12,6,2
15-11-2016,47,21,4,11
16-11-2016,86,19,1,6
17-11-2016,89,17, ,5
18-11-2016,89, , , 
21-11-2016,117,15, ,5
22-11-2016,94,21,4,9
23-11-2016,123,16,3,12
24-11-2016,98,21,2,7
25-11-2016,102,25,2,7
26-11-2016,105,24,1,7
27-11-2016,107,29,6,8
28-11-2016,114,25,11,9
29-11-2016,118,20,3,8
30-11-2016,110,16,3,6
01-12-2016,93,16,2,5
02-12-2016,63,17,3,7
03-12-2016,66,16,2,8
04-12-2016,93,27,2,7
05-12-2016,82,49,2,8
06-12-2016,100,41,2,8
07-12-2016,90,38,4,9
08-12-2016,88,33,3,6
09-12-2016,91,37,2,7
10-12-2016,82,41,2,8
11-12-2016,92,28,2,7
12-12-2016,89, , , 
14-12-2016,111,38,2,8
15-12-2016,95,40,2,9
16-12-2016,91,44,4,11
17-12-2016,93,45,2,8
18-12-2016,89,54,3,10
19-12-2016,95,36,2,10
20-12-2016,84,28,2,8
21-12-2016,73,87,4,15
22-12-2016,106,71,3,11
23-12-2016,105,70,2,11
24-12-2016,94,42,3,9
25-12-2016,94,50,2,10
26-12-2016,87,39,5,11
27-12-2016,81,26,4,12
28-12-2016,56,44,5,18
29-12-2016,77,35,2,9
30-12-2016,86,43,3,10
31-12-2016,87,32,3,9
01-01-2017,75,32,3,9
01-07-2016,62, , , 
03-07-2016,43,20,1,7
04-07-2016,100,17,1,6
05-07-2016,76,16,1,5
06-07-2016,75, , , 
08-07-2016,78,18,1,4
09-07-2016,74, , , 
11-07-2016,65, , , 
14-07-2016,59,13,1,5
15-07-2016,37,15,1,5
16-07-2016,28,13,1,6
17-07-2016,37,12,1,4
18-07-2016,39, , , 
21-07-2016,17,22,1,6
22-07-2016,75,14,1,4
23-07-2016,68, , , 
25-07-2016,79, , , 
28-07-2016,65,9, ,4
29-07-2016,43,8, ,4
30-07-2016,54,15,1,7
31-07-2016,89,15, ,5
01-08-2016,63,11,1,6
02-08-2016,80,10, ,4
03-08-2016,62,10, ,3
04-08-2016,45, , , 
07-08-2016,80,15,1,8
08-08-2016,68,15,1,6
09-08-2016,70,12,1,5
10-08-2016,61,11,1,4
11-08-2016,55, , , 
14-08-2016,73,10,1,4
15-08-2016,53,8,1,4
16-08-2016,43,11,1,6
17-08-2016,64,11,1,5
18-08-2016,53,12,1,5
19-08-2016,19,14,1,5
20-08-2016,13,14,1,5
21-08-2016,10,9,1,3
22-08-2016,20,9,1,5
23-08-2016,58,10,1,5
24-08-2016,58,9,1,5
25-08-2016,54,11,1,5
26-08-2016,42,13,1,5
27-08-2016,54,12,1,5
28-08-2016,48,11,1,6
29-08-2016,49,7,1,4
30-08-2016,32,11,2,7
31-08-2016,44,10,1,4
01-09-2016,38,13,2,6
02-09-2016,57,14,1,6
03-09-2016,56,11,1,3
04-09-2016,52,9,2,3
05-09-2016,41,11,1,6
06-09-2016,53,10,1,5
07-09-2016,47,11,1,4
08-09-2016,52,9,1,4
09-09-2016,46,10,1,6
10-09-2016,55,11,1,4
11-09-2016,47,11,1,4
12-09-2016,52,8,1,4
13-09-2016,43,8,1,5
14-09-2016,42,10,1,5
15-09-2016,38,17,2,7
16-09-2016,45,19,1,8
17-09-2016,60,17,1,5
18-09-2016,63,12,1,3
19-09-2016,44,9,1,2
20-09-2016,41,9,2,2
21-09-2016,30,9,4,3
22-09-2016,38,10,3,4
23-09-2016,72,14,2,6
24-09-2016,72,14,2,5
25-09-2016,89,13,3,6
26-09-2016,81,9,3,5
27-09-2016,80,10,3,8
28-09-2016,68,7,1,5
29-09-2016,60,9,1,6
30-09-2016,82,9,2,5
01-04-2016,99,13,6,23
02-04-2016,125, ,6,22
03-04-2016,106,7,3,8
04-04-2016,112,25,5,15
05-04-2016,135,23,3,15
06-04-2016,178,9,3,16
07-04-2016,159,28,2,20
08-04-2016,393,45,3,12
09-04-2016,125,25,3,13
10-04-2016,117,18,2,15
11-04-2016,120, ,3,14
12-04-2016,147,44,3,13
13-04-2016,93,41,3,17
14-04-2016,162,25,4,15
15-04-2016,142,2,3,17
16-04-2016,137,1,4,28
17-04-2016,106, ,3,14
18-04-2016,135,1,3,13
19-04-2016,86,38,3,14
20-04-2016,121,5,2,11
21-04-2016,98,3,2,9
22-04-2016,48,3,2,9
23-04-2016,73,4,2,13
24-04-2016,56,4,1,6
25-04-2016,78,6,1,6
26-04-2016,62, , , 
17-06-2016,66,16,1,3
18-06-2016,66,16,1,5
19-06-2016,75,19,1,8
20-06-2016,60,17,2,6
21-06-2016,57, , , 
23-06-2016,72,13,2,2
24-06-2016,49, , , 
27-06-2016,70,18,1,8
28-06-2016,61,14,1,4
29-06-2016,27,15,2,4
30-06-2016,45,15,1,4
04-01-2016,72,45,11,13
05-01-2016,76,42,14,11
06-01-2016,65,25,26,6
07-01-2016,57,25,15,5
08-01-2016,52,36,17,6
09-01-2016,54,33,18,5
10-01-2016,51,28,20,4
11-01-2016,43, , , 
18-01-2016,55,28,30,7
19-01-2016,39,27,32,7
20-01-2016,32,28,25,7
21-01-2016,41,40,17,11
22-01-2016,101,31,16,9
23-01-2016,95,40,6,8
24-01-2016,67,54,11,13
25-01-2016,66,33,12,7
26-01-2016,74,25,14,8
27-01-2016,61,13,1,15
28-01-2016,80, , , 
30-01-2016,89,27,5,12
31-01-2016,156,28,5,11
01-02-2016,125,25,3,18
02-02-2016,134,28,3,22
03-02-2016,153,23,4,20
04-02-2016,135,23,3,21
05-02-2016,144,20,3,21
06-02-2016,134,35,6,31
07-02-2016,229,12,5,20
08-02-2016,112,24,19,27
09-02-2016,135,28,48,29
10-02-2016,163,17,55,22
11-02-2016,123,20,2,22
12-02-2016,118,20,2,21
13-02-2016,107,18,2,16
14-02-2016,98,19,2,21
15-02-2016,82,15,2,21
16-02-2016,89,17,2,20
17-02-2016,109,16,2,18
18-02-2016,88,20,2,18
19-02-2016,107,20,3,18
20-02-2016,73,20,2,16
21-02-2016,66,18,3,19
22-02-2016,70,12,3,21
23-02-2016,71,21,3,17
24-02-2016,69,16,8,9
25-02-2016,83,15,6,8
26-02-2016,90,14,3,8
27-02-2016,89,25,4,9
28-02-2016,92,16,3,10
29-02-2016,109,20,3,10
01-03-2016,113, , , 
08-03-2016,89,34,3,12
09-03-2016,96,21,2,13
10-03-2016,109,13,2,11
11-03-2016,108,19,2,10
12-03-2016,111,17,1,9
13-03-2016,92,34,1,10
14-03-2016,102,32,2,8
15-03-2016,101,40,2,10
16-03-2016,96,29,1,9
17-03-2016,108, ,1,9
18-03-2016,128,64,1,11
19-03-2016,124,1,1,11
20-03-2016,119,2,1,10
21-03-2016,102,1,1,8
22-03-2016,78, , , 
24-03-2016,115, ,3,11
25-03-2016,116, ,4,10
26-03-2016,104, ,2,10
27-03-2016,111, ,3,9
28-03-2016,101, ,3,10
29-03-2016,108,15,5,10
30-03-2016,99,17,3,9
31-03-2016,98,16,4,9
30-12-2015,49,54,7,21
31-12-2015,62, , , 
03-01-2016,79,45,10,13
31-12-2024, ,8,5,9
14-01-2025, ,12,5,5
25-02-2025, ,17,3,8
02-12-2024, ,9,4,14
08-12-2024, ,10,6,12
18-12-2024, ,9,5,9
19-12-2024, ,9,6,9
20-12-2024, ,9,6,10
21-12-2024, ,9,6,9
22-12-2024, ,9,6,10
01-07-2024, ,9,7,11
11-06-2024, ,6, , 
30-06-2024, ,9,7,12
09-01-2024, ,6,6,10
10-01-2024, ,7,5,13
28-01-2024, ,8,6,11
18-11-2023, ,9,5,11
21-11-2023, ,11,5,7
06-12-2023, ,12,5,6
10-12-2023, ,12,4,7
13-12-2023, ,11,4,7
18-12-2023, ,7,4,7
27-12-2023, ,5,4,7
09-07-2023, ,11,9,9
16-07-2023, ,17,9,6
23-07-2023, ,15,9,7
03-08-2023, ,17,9,7
13-08-2023, ,17,9,8
27-08-2023, ,17,9,7
07-09-2023, ,14,9, 
10-09-2023, ,15,9, 
18-09-2023, ,15,10,7
20-09-2023, ,14,10,7
24-09-2023, ,13,10,6
02-04-2023, ,11,9,11
09-04-2023, ,11,9,10
08-05-2023, ,13,9,12
11-05-2023, ,9,9,9
13-05-2023, ,4,9,9
21-05-2023, ,11,9,10
28-05-2023, ,11,9,12
31-05-2023, ,11,9,11
18-06-2023, ,11,9,7
26-06-2023, ,11,8,9
01-01-2023, ,11,6,22
16-01-2023, ,11,6,16
29-01-2023, ,12,6,16
27-02-2023, ,12,9,7
26-03-2023, ,11,9,11
09-10-2022, ,10,9,21
23-10-2022, ,9,10,14
07-11-2022, ,10,8,25
13-11-2022, ,10,8,5
15-11-2022, ,10,8,3
29-11-2022, ,10,11,8
11-12-2022, ,14,11,14
17-12-2022, ,12,7,15
26-12-2022, ,12,7,19
01-09-2022, ,13,5,19
04-09-2022, ,15,4,19
11-09-2022, ,13,5,18
18-09-2022, ,11,4,11
26-09-2022, ,10,9,8
15-04-2022, ,7,11,16
01-05-2022, ,7,11,16
29-05-2022, ,9,8,13
12-06-2022, ,13,14,17
06-03-2022, ,11,9,19
20-03-2022, ,11,9,22
27-03-2022, ,7,12,16
24-10-2021, ,8,4,40
29-10-2021, ,8,4,21
21-11-2021, ,9,7,5
26-12-2021, ,10,6,11
01-08-2021, ,7,3,12
02-08-2021, ,7,3,9
04-08-2021, ,7,3,20
08-08-2021, ,6,3,12
06-09-2021, ,8,4,32
22-09-2021, ,8,3,9
25-09-2021, ,8,3,8
04-04-2021, ,10,4,8
29-04-2021, ,10, ,24
23-05-2021, ,9,1,8
07-02-2021, ,7,3,12
21-02-2021, ,12,3, 
28-02-2021, ,11,4, 
01-03-2021, ,11,3, 
02-03-2021, ,11,3, 
03-03-2021, ,11,3, 
04-03-2021, ,12,3,4
07-03-2021, ,14,3,40
21-03-2021, ,10,3,31
15-10-2020, ,7, ,11
26-10-2020, ,7, ,11
01-11-2020, ,7, ,12
20-12-2020, ,17,3,21
02-07-2020, ,8,3,10
20-07-2020, ,8,4,6
09-08-2020, ,12,3,5
25-08-2020, ,11,3,5
12-09-2020, ,11,137,9
13-09-2020, ,11,150,10
20-09-2020, ,17,3,9
20-04-2020, ,9,4,16
16-05-2020, ,4,2,5
01-06-2020, ,13,3,5
03-06-2020, ,36,3,6
31-12-2019, ,17,4,14
20-02-2020, ,24,4,15
30-09-2019, ,11,3,14
02-10-2019, ,35,2,17
14-10-2019, ,20, ,14
21-10-2019, ,6,3,14
03-11-2019, ,21,4,24
10-11-2019, ,40,4,17
24-11-2019, ,43,4,18
05-12-2019, ,16,4,15
08-12-2019, ,12,4,18
10-12-2019, ,12,5,15
17-12-2019, ,15,4,16
19-12-2019, ,28,4,18
25-12-2019, ,26,4,18
20-07-2019, ,25,3,12
28-07-2019, ,17,3,13
18-08-2019, ,15,3,13
02-09-2019, ,13,4,13
01-04-2019, ,27,4,12
19-05-2019, ,26,3,12
30-05-2019, ,18,2,11
31-05-2019, ,14,3,11
01-06-2019, ,16,3,11
02-06-2019, ,12,3,11
03-06-2019, ,12,2,11
04-06-2019, ,10,2,11
05-06-2019, ,15,2,12
06-06-2019, ,21,2,11
07-06-2019, ,15,4,11
08-06-2019, ,15,3,9
09-06-2019, ,14,3,9
10-06-2019, ,14,2,10
11-06-2019, ,22,3,12
12-06-2019, ,19,7,11
13-06-2019, ,17,5,10
31-12-2018, ,19,2,12
20-01-2019, ,30,4,14
30-01-2019, ,20,3,12
05-02-2019, ,26,3,13
08-02-2019, ,20,2,12
12-02-2019, ,20,2,22
27-02-2019, ,15,2,11
11-03-2019, ,25,4,13
24-03-2019, ,27,4,12
30-11-2018, ,11,2,14
06-12-2018, ,6,2,11
09-12-2018, ,13,2,12
14-12-2018, ,15,3,11
15-12-2018, ,11,3,11
16-12-2018, ,20,4,13
09-04-2018, ,34,5,12
16-04-2018, ,38, ,16
23-03-2018, ,33, ,15
27-03-2018, ,40,4,18
25-12-2017, ,30,2,10
06-07-2017, ,21,3,12
10-09-2017, ,29,3,13
24-04-2017, ,21,3,8
15-01-2017, ,47,3,10
05-02-2017, ,91,2,16
14-10-2016, ,25,3, 
01-11-2016, ,24,1,6
20-11-2016, ,27,1,9
13-12-2016, ,52,6,13
02-07-2016, ,21,1,7
07-07-2016, ,19,1,7
10-07-2016, ,15,1,4
13-07-2016, ,16,1,6
20-07-2016, ,35,1,3
24-07-2016, ,16,2,9
27-07-2016, ,10, ,7
06-08-2016, ,14,1,6
13-08-2016, ,12, ,4
16-06-2016, ,15,1,3
22-06-2016, ,12,1,4
26-06-2016, ,13,2,6
17-01-2016, ,41,30,11
29-01-2016, ,41,12,20
07-03-2016, ,69,3,18
23-03-2016, ,8,4,11
29-12-2015, ,48,6,17
02-01-2016, ,60,9,15
13-06-2024, , ,7,13
15-12-2023, , ,4, 
27-12-2020, , ,3, 
12-01-2020, , ,5,18
