date,pm25,pm10,o3,no2,so2,co
29-06-2014,,,,13,2,3
30-06-2014,,,44,14,1,2
01-07-2014,,,21,,,
16-07-2014,,,,11,4,4
17-07-2014,,,19,14,4,4
18-07-2014,,,13,,,
04-08-2014,,,,15,,56
05-08-2014,,,10,8,3,3
06-08-2014,,,8,,,
11-08-2014,,,,17,2,3
12-08-2014,,,9,12,1,4
13-08-2014,,,4,,,
14-09-2014,,,,10,,4
15-09-2014,,,10,10,3,6
16-09-2014,,,5,12,3,6
17-09-2014,,,15,16,3,6
18-09-2014,,,1,20,2,7
19-09-2014,,,9,15,3,4
20-09-2014,,,9,,,
21-09-2014,,,,13,1,5
22-09-2014,,,7,13,1,3
23-09-2014,,,19,,,
24-09-2014,,,,16,18,33
25-09-2014,,,25,17,1,4
26-09-2014,,,46,16,1,3
27-09-2014,,,17,,,
28-09-2014,,,,15,3,3
29-09-2014,,,24,,,
30-09-2014,,,,15,1,6
01-10-2014,,,157,17,2,9
02-10-2014,,,6,11,4,3
03-10-2014,,,25,14,1,4
04-10-2014,,,26,,,
02-11-2014,,,,20,2,11
03-11-2014,,,43,,,
04-11-2014,,,,20,2,9
05-11-2014,,,43,23,3,6
06-11-2014,,,31,20,3,8
07-11-2014,,,41,,,
08-11-2014,,,,22,1,4
09-11-2014,,,49,,,
11-11-2014,,,,20,4,5
12-11-2014,,,38,,,
12-12-2014,,,,25,3,1
13-12-2014,,,16,,,
15-12-2014,,,,19,2,6
16-12-2014,,,7,,,
21-12-2014,,,,29,4,16
22-12-2014,,,2,,,
01-01-2015,,,3,32,4,18
04-01-2015,,,4,15,3,6
16-01-2015,,,6,22,,10
16-02-2015,,,39,18,3,
12-03-2015,,,21,20,5,3
17-03-2015,,,21,15,4,2
19-03-2015,,,37,15,4,2
23-03-2015,,,40,19,5,3
24-03-2015,,,43,13,6,1
03-04-2015,,122,35,14,197,363
04-04-2015,151,65,35,14,197,363
05-04-2015,104,106,17,15,2,3
06-04-2015,144,169,39,21,3,3
07-04-2015,128,135,4,27,4,4
08-04-2015,501,139,35,15,,363
09-04-2015,95,,,,,
24-04-2015,,93,38,9,2,3
25-04-2015,76,,,,,
27-04-2015,,74,29,11,4,4
28-04-2015,162,85,90,11,10,4
29-04-2015,133,,,,,
30-04-2015,,123,40,11,4,5
01-05-2015,150,127,49,13,4,5
02-05-2015,153,139,55,16,4,5
03-05-2015,149,175,59,25,4,6
04-05-2015,167,,,,,
05-05-2015,,385,51,20,6,6
06-05-2015,378,267,45,22,5,12
07-05-2015,271,126,30,15,3,6
08-05-2015,193,188,51,15,4,6
09-05-2015,194,200,49,19,4,8
10-05-2015,168,224,49,22,4,6
11-05-2015,175,109,36,13,3,6
12-05-2015,108,200,51,14,5,5
13-05-2015,153,199,32,16,8,7
14-05-2015,203,117,43,14,2,5
15-05-2015,135,144,33,9,1,4
16-05-2015,128,101,57,12,17,19
17-05-2015,127,168,43,10,6,5
18-05-2015,195,104,55,9,5,5
19-05-2015,147,182,37,14,6,6
20-05-2015,187,198,53,21,8,7
21-05-2015,165,208,27,16,6,6
22-05-2015,193,238,27,16,6,6
23-05-2015,166,287,47,21,7,6
24-05-2015,204,205,54,15,5,5
25-05-2015,164,190,38,13,16,22
26-05-2015,165,153,42,11,6,5
27-05-2015,187,169,51,16,3,7
28-05-2015,149,306,30,22,6,10
29-05-2015,202,190,47,17,3,7
30-05-2015,172,174,38,14,7,6
31-05-2015,153,362,34,19,9,22
01-06-2015,222,187,47,17,6,6
02-06-2015,186,207,44,21,15,23
03-06-2015,179,177,51,18,7,4
04-06-2015,437,199,53,16,7,21
05-06-2015,158,251,38,24,10,9
06-06-2015,216,220,55,19,9,23
07-06-2015,172,241,50,26,17,27
08-06-2015,182,369,42,27,9,16
09-06-2015,204,348,28,23,8,8
10-06-2015,184,202,39,15,5,21
11-06-2015,191,172,28,15,6,6
12-06-2015,138,82,26,19,14,20
13-06-2015,112,123,36,18,2,5
14-06-2015,154,86,40,14,2,4
15-06-2015,111,95,44,11,2,5
16-06-2015,138,94,33,11,3,5
17-06-2015,132,92,20,7,1,4
18-06-2015,182,94,21,9,2,4
19-06-2015,118,85,35,9,2,4
20-06-2015,122,96,21,7,1,3
21-06-2015,71,76,39,6,1,3
22-06-2015,72,50,18,7,1,3
23-06-2015,61,88,35,11,2,4
24-06-2015,81,57,16,12,2,4
25-06-2015,84,75,27,10,2,4
26-06-2015,100,100,33,12,2,5
27-06-2015,142,70,17,9,2,4
28-06-2015,87,73,13,10,2,5
29-06-2015,118,91,35,17,2,6
30-06-2015,169,105,10,12,1,6
01-07-2015,127,121,9,14,2,6
02-07-2015,122,113,16,14,15,21
03-07-2015,120,111,13,11,1,5
04-07-2015,128,108,33,13,10,19
05-07-2015,123,65,14,11,5,5
06-07-2015,145,60,26,15,13,21
07-07-2015,87,40,25,12,9,21
08-07-2015,75,65,8,9,7,21
09-07-2015,85,30,8,8,17,24
10-07-2015,51,27,8,9,4,4
11-07-2015,70,61,25,14,6,5
12-07-2015,99,74,29,14,7,6
13-07-2015,102,92,29,15,6,6
14-07-2015,126,107,7,16,17,22
15-07-2015,176,102,8,13,5,5
16-07-2015,86,96,28,14,15,21
17-07-2015,58,58,12,12,16,21
18-07-2015,77,81,30,13,6,5
19-07-2015,102,69,12,9,4,5
20-07-2015,93,55,35,11,15,20
21-07-2015,78,64,14,8,4,4
22-07-2015,86,54,30,8,7,19
23-07-2015,119,47,11,8,3,5
24-07-2015,89,68,35,12,17,7
25-07-2015,102,38,10,11,7,6
26-07-2015,68,70,27,12,5,21
27-07-2015,78,70,12,9,4,5
28-07-2015,78,77,13,12,5,6
29-07-2015,128,69,13,13,5,5
30-07-2015,123,57,28,14,5,20
31-07-2015,85,47,12,11,1,5
01-08-2015,78,93,12,12,17,6
02-08-2015,105,51,16,12,3,5
03-08-2015,80,49,17,14,6,5
04-08-2015,84,84,16,17,15,21
05-08-2015,139,87,23,12,7,4
06-08-2015,104,116,39,17,5,8
07-08-2015,188,80,14,13,2,6
08-08-2015,124,98,35,17,13,23
09-08-2015,147,306,12,13,1,8
10-08-2015,147,62,30,15,6,6
11-08-2015,94,50,32,12,14,21
12-08-2015,86,72,14,12,6,5
13-08-2015,99,72,14,12,14,16
14-08-2015,91,52,28,12,5,8
15-08-2015,89,75,2,8,1,6
16-08-2015,146,18,1,7,1,6
17-08-2015,38,47,5,14,5,6
18-08-2015,67,48,6,18,6,5
19-08-2015,72,64,24,14,7,28
20-08-2015,84,76,6,9,4,5
21-08-2015,90,70,10,15,5,5
22-08-2015,112,65,29,17,3,22
23-08-2015,88,76,10,19,3,6
24-08-2015,103,87,29,19,3,21
25-08-2015,109,78,27,19,3,24
26-08-2015,111,55,8,19,5,6
27-08-2015,114,64,7,18,2,6
28-08-2015,89,62,9,18,3,7
29-08-2015,137,55,8,17,3,6
30-08-2015,104,82,7,21,3,7
31-08-2015,99,79,10,19,3,5
01-09-2015,139,103,10,18,3,21
02-09-2015,120,96,31,16,2,23
03-09-2015,117,137,19,19,3,6
04-09-2015,139,147,36,21,3,6
05-09-2015,183,117,37,21,3,6
06-09-2015,137,112,23,21,2,6
07-09-2015,132,184,31,20,3,27
08-09-2015,207,110,19,19,3,7
09-09-2015,165,184,17,,2,25
10-09-2015,222,125,35,,5,7
11-09-2015,191,86,29,,2,5
12-09-2015,192,74,34,,2,6
13-09-2015,131,100,34,8,10,23
14-09-2015,172,69,32,9,3,8
15-09-2015,114,58,31,9,2,20
16-09-2015,84,59,9,9,4,6
17-09-2015,89,69,30,10,3,21
18-09-2015,100,77,34,13,2,19
19-09-2015,114,72,31,11,2,5
20-09-2015,116,30,8,9,2,4
21-09-2015,56,70,7,12,4,9
22-09-2015,103,82,14,11,2,35
23-09-2015,158,95,34,12,4,4
24-09-2015,114,127,14,13,3,6
25-09-2015,135,119,35,11,3,21
26-09-2015,134,126,41,11,3,20
27-09-2015,147,157,41,12,4,23
28-09-2015,167,135,43,13,4,23
29-09-2015,159,106,26,14,4,4
30-09-2015,140,127,15,15,4,8
01-10-2015,150,124,40,15,3,22
02-10-2015,156,134,42,16,4,7
03-10-2015,159,171,46,16,4,8
04-10-2015,185,,,,,
05-10-2015,,52,19,14,2,8
06-10-2015,214,144,36,14,9,23
07-10-2015,275,129,27,14,13,23
08-10-2015,190,144,26,16,3,24
09-10-2015,172,136,26,17,4,7
10-10-2015,188,186,36,19,3,7
11-10-2015,181,116,25,14,3,4
12-10-2015,162,82,31,14,4,4
13-10-2015,211,110,23,12,8,4
14-10-2015,159,83,22,12,3,4
15-10-2015,99,490,27,12,2,6
16-10-2015,144,139,30,14,3,5
17-10-2015,158,130,37,15,3,5
18-10-2015,157,175,34,13,4,6
19-10-2015,170,209,34,16,2,9
20-10-2015,184,206,35,18,3,8
21-10-2015,194,223,2,23,3,23
22-10-2015,264,177,15,18,3,9
23-10-2015,174,168,39,16,3,6
24-10-2015,177,217,40,17,5,5
25-10-2015,193,201,31,17,4,6
26-10-2015,183,175,38,18,3,8
27-10-2015,193,159,26,17,3,6
28-10-2015,196,63,9,15,2,3
29-10-2015,183,129,42,14,11,22
30-10-2015,133,183,29,17,3,9
31-10-2015,176,194,28,16,3,8
01-11-2015,213,148,26,16,3,21
02-11-2015,163,144,29,16,3,7
03-11-2015,189,253,26,19,4,12
04-11-2015,208,237,20,21,14,30
05-11-2015,208,159,35,16,4,8
06-11-2015,231,165,34,18,3,8
07-11-2015,213,227,25,19,3,8
08-11-2015,206,336,34,20,4,11
09-11-2015,281,385,25,27,3,32
10-11-2015,314,232,28,24,7,26
11-11-2015,284,198,29,18,8,7
12-11-2015,239,157,34,18,4,8
13-11-2015,204,255,34,22,5,12
14-11-2015,282,202,31,22,4,9
15-11-2015,241,193,25,21,4,9
16-11-2015,193,255,33,20,4,8
17-11-2015,199,253,36,19,4,24
18-11-2015,231,253,27,18,10,23
19-11-2015,270,255,33,21,11,27
20-11-2015,305,300,45,21,4,12
21-11-2015,272,307,37,22,4,11
22-11-2015,261,286,37,21,4,10
23-11-2015,288,349,30,29,13,30
24-11-2015,292,226,35,30,13,27
25-11-2015,254,189,31,32,4,12
26-11-2015,204,193,37,30,5,9
27-11-2015,198,151,32,21,4,8
28-11-2015,190,276,27,28,21,38
29-11-2015,234,254,27,30,5,15
30-11-2015,281,131,29,26,5,8
01-12-2015,196,91,16,20,4,8
02-12-2015,137,119,24,28,3,10
03-12-2015,165,172,32,29,10,26
04-12-2015,248,244,35,34,4,12
05-12-2015,269,,,,,
06-12-2015,,358,2,34,4,28
07-12-2015,386,138,8,27,2,12
08-12-2015,236,183,29,27,4,28
09-12-2015,294,231,31,29,3,13
10-12-2015,240,183,15,22,39,72
11-12-2015,241,177,3,18,5,15
12-12-2015,287,,,,,
13-12-2015,,358,17,33,3,11
14-12-2015,279,316,23,36,4,11
15-12-2015,293,293,35,40,4,29
16-12-2015,300,280,32,29,3,13
17-12-2015,296,329,23,37,4,15
18-12-2015,408,297,20,31,4,13
19-12-2015,284,202,34,23,5,11
20-12-2015,220,254,36,20,37,66
21-12-2015,278,213,33,19,3,79
22-12-2015,270,424,33,24,17,13
23-12-2015,382,350,23,27,3,14
24-12-2015,365,260,21,24,3,11
25-12-2015,281,279,25,26,5,13
26-12-2015,266,329,7,30,4,14
27-12-2015,324,446,17,33,6,18
28-12-2015,358,248,21,25,10,54
29-12-2015,215,331,24,27,33,127
30-12-2015,343,405,1,26,4,65
31-12-2015,420,,,,,
02-01-2016,,265,9,18,4,14
03-01-2016,319,349,42,31,9,15
04-01-2016,420,525,28,40,18,37
05-01-2016,468,665,41,38,12,20
06-01-2016,531,358,34,34,18,27
07-01-2016,648,374,26,33,17,29
08-01-2016,500,246,22,29,7,10
09-01-2016,533,198,30,27,7,10
10-01-2016,926,247,33,28,8,14
11-01-2016,727,409,36,28,12,20
12-01-2016,338,474,18,29,16,36
13-01-2016,360,461,22,29,13,24
14-01-2016,376,351,26,24,9,14
15-01-2016,335,288,17,23,8,12
16-01-2016,351,250,20,19,7,11
17-01-2016,339,272,15,18,6,11
18-01-2016,353,298,25,18,6,11
19-01-2016,386,184,11,23,4,14
20-01-2016,318,170,10,17,5,8
21-01-2016,235,167,16,18,12,15
22-01-2016,237,314,19,25,4,16
23-01-2016,303,271,24,24,4,11
24-01-2016,315,242,10,19,4,8
25-01-2016,306,168,28,22,4,10
26-01-2016,207,297,31,25,4,14
27-01-2016,260,431,26,30,17,31
28-01-2016,322,443,42,30,16,32
29-01-2016,328,448,22,31,2,14
30-01-2016,358,262,21,27,2,11
31-01-2016,249,284,38,26,2,12
01-02-2016,246,300,18,22,4,10
02-02-2016,224,224,32,19,5,8
03-02-2016,184,206,26,23,15,24
04-02-2016,203,225,33,19,12,20
05-02-2016,269,296,27,20,2,9
06-02-2016,278,193,12,10,1,9
07-02-2016,206,219,14,13,1,10
08-02-2016,220,253,19,21,3,10
09-02-2016,266,289,26,31,3,14
10-02-2016,262,373,28,32,6,17
11-02-2016,288,326,21,36,7,14
12-02-2016,255,310,26,33,7,13
13-02-2016,264,,,,,
14-02-2016,,603,17,10,2,5
15-02-2016,613,286,12,29,6,13
16-02-2016,384,164,33,31,6,10
17-02-2016,196,212,15,25,8,8
18-02-2016,204,139,18,18,6,6
19-02-2016,179,238,15,20,4,8
20-02-2016,188,183,15,17,4,6
21-02-2016,168,145,19,17,15,23
22-02-2016,155,237,22,21,7,11
23-02-2016,178,322,28,19,8,9
24-02-2016,299,161,29,21,6,5
25-02-2016,175,139,13,20,6,6
26-02-2016,236,148,27,17,12,8
27-02-2016,232,236,20,18,2,7
28-02-2016,234,837,19,25,3,7
29-02-2016,304,285,22,22,5,10
01-03-2016,231,319,25,29,5,12
02-03-2016,237,399,22,32,7,11
03-03-2016,322,351,35,32,6,14
04-03-2016,267,551,18,34,10,16
05-03-2016,409,,,,,
06-03-2016,,111,11,8,2,7
07-03-2016,133,74,15,8,1,6
08-03-2016,107,137,16,19,2,9
09-03-2016,170,128,21,16,6,9
10-03-2016,164,169,22,23,16,32
11-03-2016,165,172,27,24,4,11
12-03-2016,227,55,9,19,2,8
13-03-2016,104,142,14,11,13,27
14-03-2016,181,,,,,
15-03-2016,,124,187,,1,4
16-03-2016,110,251,3,,1,20
17-03-2016,200,424,17,,3,14
18-03-2016,545,102,10,,1,7
19-03-2016,103,,,,,
20-03-2016,,290,7,,2,
21-03-2016,230,160,9,16,3,
22-03-2016,217,,,,,
23-03-2016,,133,13,26,3,
24-03-2016,175,395,11,32,3,23
25-03-2016,271,313,16,37,3,13
26-03-2016,248,211,11,35,3,14
27-03-2016,249,124,11,29,2,15
28-03-2016,150,201,25,20,1,22
29-03-2016,208,244,12,29,1,14
30-03-2016,206,196,11,24,2,6
31-03-2016,183,200,13,22,1,6
01-04-2016,177,147,12,19,1,4
02-04-2016,151,167,8,20,,11
03-04-2016,160,167,7,15,1,17
04-04-2016,169,222,6,14,1,6
05-04-2016,176,216,7,17,1,5
06-04-2016,157,203,10,15,,5
07-04-2016,183,167,5,11,,5
08-04-2016,110,189,8,15,1,5
09-04-2016,155,175,14,21,1,5
10-04-2016,155,191,11,17,1,6
11-04-2016,154,303,11,18,1,4
12-04-2016,155,197,11,21,1,5
13-04-2016,147,224,10,23,2,21
14-04-2016,151,280,32,26,3,7
15-04-2016,156,356,13,28,3,10
16-04-2016,169,416,18,25,3,10
17-04-2016,206,253,10,19,2,5
18-04-2016,156,435,14,25,4,10
19-04-2016,188,358,11,25,13,24
20-04-2016,164,289,12,23,14,11
21-04-2016,159,190,19,21,6,6
22-04-2016,142,251,31,19,5,5
23-04-2016,156,211,14,14,4,4
24-04-2016,143,249,10,14,8,5
25-04-2016,153,233,5,14,2,6
26-04-2016,186,270,29,20,7,9
27-04-2016,159,274,14,21,6,10
28-04-2016,215,218,14,20,15,16
29-04-2016,216,212,20,19,17,23
30-04-2016,264,,,,,
02-05-2016,,237,10,9,2,4
03-05-2016,157,198,19,8,4,3
04-05-2016,149,126,31,7,5,3
05-05-2016,143,130,34,8,5,4
06-05-2016,150,408,17,15,18,15
07-05-2016,200,172,20,21,5,8
08-05-2016,198,139,14,13,6,18
09-05-2016,152,151,14,11,14,9
10-05-2016,178,129,16,7,4,6
11-05-2016,127,119,16,10,16,23
12-05-2016,173,131,37,12,4,9
13-05-2016,155,141,20,11,6,7
14-05-2016,158,136,18,12,4,9
15-05-2016,185,206,16,14,6,11
16-05-2016,237,230,11,20,5,14
17-05-2016,130,218,19,10,5,8
18-05-2016,183,174,18,6,5,6
19-05-2016,117,107,14,7,5,6
20-05-2016,87,134,14,10,3,5
21-05-2016,71,88,19,12,3,6
22-05-2016,116,89,18,11,6,7
23-05-2016,102,222,32,14,3,8
24-05-2016,202,175,29,20,1,5
25-05-2016,174,124,17,16,,3
26-05-2016,121,300,35,17,,5
27-05-2016,159,106,22,11,,3
28-05-2016,154,129,10,8,,2
29-05-2016,100,140,15,12,,4
30-05-2016,161,143,35,17,5,5
31-05-2016,151,147,19,16,6,6
01-06-2016,196,106,36,11,6,4
02-06-2016,182,103,18,9,25,34
03-06-2016,140,107,15,8,16,18
04-06-2016,127,98,15,8,3,4
05-06-2016,108,131,18,10,5,5
06-06-2016,174,109,20,9,12,4
07-06-2016,122,119,41,13,3,5
08-06-2016,91,90,19,11,5,5
09-06-2016,122,113,19,15,4,5
10-06-2016,143,146,11,15,4,5
11-06-2016,135,147,14,13,3,5
12-06-2016,137,202,13,16,5,7
13-06-2016,188,278,31,21,7,9
14-06-2016,201,179,13,17,4,6
15-06-2016,196,82,12,14,4,5
16-06-2016,159,65,15,10,8,16
17-06-2016,148,78,13,9,3,3
18-06-2016,133,65,13,8,3,3
19-06-2016,77,89,11,11,17,13
20-06-2016,117,91,10,13,4,4
21-06-2016,116,117,8,11,3,4
22-06-2016,150,80,13,13,5,5
23-06-2016,152,93,12,14,7,5
24-06-2016,100,89,17,12,6,4
25-06-2016,129,85,13,11,3,4
26-06-2016,138,76,15,10,8,4
27-06-2016,121,72,12,9,17,19
28-06-2016,89,65,10,9,7,14
29-06-2016,69,68,11,10,14,19
30-06-2016,83,72,11,9,5,3
01-07-2016,75,64,7,10,4,4
02-07-2016,89,51,9,10,3,4
03-07-2016,130,25,5,8,4,3
04-07-2016,56,24,6,9,3,4
05-07-2016,54,31,7,8,7,3
06-07-2016,60,44,9,8,13,19
07-07-2016,75,65,8,7,2,4
08-07-2016,104,74,7,6,1,4
09-07-2016,84,49,10,7,1,5
10-07-2016,79,57,9,6,1,4
11-07-2016,80,52,8,5,13,19
12-07-2016,52,93,11,9,9,20
13-07-2016,92,121,19,10,2,6
14-07-2016,86,101,7,10,5,6
15-07-2016,69,43,5,11,2,6
16-07-2016,81,12,4,7,1,4
17-07-2016,56,70,2,6,,5
18-07-2016,79,45,2,4,,4
19-07-2016,75,60,2,6,,5
20-07-2016,98,77,4,10,3,6
21-07-2016,109,94,6,11,16,24
22-07-2016,115,54,7,7,19,27
23-07-2016,75,80,3,5,1,4
24-07-2016,123,70,8,5,1,5
25-07-2016,116,42,6,6,4,4
26-07-2016,129,31,6,7,4,5
27-07-2016,78,117,7,10,4,8
28-07-2016,200,56,8,9,3,5
29-07-2016,147,39,13,10,2,5
30-07-2016,123,56,13,11,3,5
31-07-2016,107,144,9,9,14,23
01-08-2016,215,80,8,8,13,21
02-08-2016,157,144,13,5,9,6
03-08-2016,233,27,6,7,6,2
04-08-2016,174,55,8,6,13,19
05-08-2016,60,109,11,6,2,3
06-08-2016,119,49,21,6,5,3
07-08-2016,115,27,27,7,4,3
08-08-2016,59,45,28,11,1,6
09-08-2016,83,82,6,11,4,5
10-08-2016,108,88,10,10,4,4
11-08-2016,142,42,6,9,12,19
12-08-2016,76,35,14,9,5,3
13-08-2016,89,35,8,8,1,3
14-08-2016,86,22,8,8,1,4
15-08-2016,88,29,7,6,1,4
16-08-2016,81,23,8,7,3,3
17-08-2016,71,84,6,5,1,3
18-08-2016,122,144,9,9,1,1
19-08-2016,167,120,10,13,3,
20-08-2016,139,70,7,11,2,
21-08-2016,129,33,9,9,1,
22-08-2016,125,30,7,10,2,
23-08-2016,58,54,10,10,2,
24-08-2016,137,96,11,17,1,10
25-08-2016,115,78,13,21,13,28
26-08-2016,139,73,9,16,2,10
27-08-2016,94,95,9,20,2,6
28-08-2016,118,145,11,15,1,
29-08-2016,145,107,25,12,1,2
30-08-2016,127,87,10,12,4,10
31-08-2016,102,78,7,11,13,23
01-09-2016,150,77,8,12,14,19
02-09-2016,91,46,21,7,,3
03-09-2016,79,,,,,
07-09-2016,,40,3,5,,5
08-09-2016,86,76,8,8,3,5
09-09-2016,137,118,9,10,1,5
10-09-2016,148,128,9,10,2,5
11-09-2016,140,81,7,6,2,3
12-09-2016,114,58,7,5,1,3
13-09-2016,92,127,4,5,1,3
14-09-2016,109,105,8,8,2,5
15-09-2016,134,93,7,8,4,5
16-09-2016,114,76,8,7,2,8
17-09-2016,103,56,10,6,2,4
18-09-2016,129,127,11,11,5,16
19-09-2016,125,180,10,13,2,10
20-09-2016,172,75,6,8,4,6
21-09-2016,115,47,5,4,7,4
22-09-2016,88,66,10,3,3,4
23-09-2016,105,34,6,4,1,4
24-09-2016,114,27,6,3,1,3
25-09-2016,69,33,5,3,1,3
26-09-2016,80,56,7,5,3,7
27-09-2016,101,27,7,4,14,18
28-09-2016,61,30,7,4,1,4
29-09-2016,68,52,10,4,2,4
30-09-2016,107,73,8,5,1,4
01-10-2016,123,70,8,5,1,4
02-10-2016,122,91,13,6,1,5
03-10-2016,131,131,13,10,1,6
04-10-2016,146,104,12,15,4,8
05-10-2016,194,117,10,11,2,6
06-10-2016,128,82,8,6,9,4
07-10-2016,159,62,9,6,1,4
08-10-2016,100,49,9,6,2,3
09-10-2016,120,94,9,9,1,6
10-10-2016,107,156,14,12,1,8
11-10-2016,167,201,16,13,2,6
12-10-2016,217,176,24,16,2,6
13-10-2016,211,166,15,15,14,25
14-10-2016,223,146,18,13,2,4
15-10-2016,163,162,10,14,1,5
16-10-2016,171,181,19,17,2,5
17-10-2016,230,205,13,16,6,5
18-10-2016,190,211,28,25,4,8
19-10-2016,237,206,16,25,5,9
20-10-2016,204,199,17,23,5,8
21-10-2016,262,155,12,15,2,4
22-10-2016,249,,,,,
23-10-2016,,196,17,6,28,36
24-10-2016,178,284,16,14,18,30
25-10-2016,214,299,34,16,12,11
26-10-2016,273,277,16,16,22,32
27-10-2016,280,231,15,17,7,10
28-10-2016,205,253,31,17,5,7
29-10-2016,233,230,16,15,8,8
30-10-2016,284,332,10,15,11,10
31-10-2016,430,262,15,17,4,8
01-11-2016,252,282,17,21,14,24
02-11-2016,258,243,14,21,15,25
03-11-2016,240,242,15,14,3,5
04-11-2016,205,253,14,21,3,8
05-11-2016,259,211,11,16,2,6
06-11-2016,236,406,11,18,2,13
07-11-2016,365,356,16,23,7,16
08-11-2016,318,482,16,22,14,26
09-11-2016,427,380,15,24,14,26
10-11-2016,318,217,17,21,2,6
11-11-2016,343,289,15,19,3,10
12-11-2016,251,354,15,24,8,11
13-11-2016,341,346,16,23,4,9
14-11-2016,300,249,16,20,2,6
15-11-2016,275,331,17,21,3,12
16-11-2016,234,276,7,23,2,7
17-11-2016,291,,,,,
21-11-2016,,228,12,23,2,12
22-11-2016,210,169,11,22,2,10
23-11-2016,187,364,5,31,2,16
24-11-2016,302,241,12,25,2,12
25-11-2016,235,289,11,26,2,11
26-11-2016,213,324,7,23,1,14
27-11-2016,349,351,11,29,2,14
28-11-2016,295,462,7,31,2,19
29-11-2016,400,457,5,25,2,20
30-11-2016,524,311,6,22,2,16
01-12-2016,375,246,5,15,1,12
02-12-2016,301,197,7,13,1,10
03-12-2016,300,169,10,12,1,9
04-12-2016,247,265,6,19,1,13
05-12-2016,359,245,4,15,1,17
06-12-2016,341,296,2,14,1,13
07-12-2016,295,299,5,15,6,29
08-12-2016,324,304,1,13,1,5
09-12-2016,549,211,3,14,1,7
10-12-2016,,231,7,16,2,10
11-12-2016,,222,6,15,2,10
12-12-2016,,239,3,16,2,15
13-12-2016,,276,10,22,3,13
14-12-2016,401,184,11,16,3,5
15-12-2016,272,231,4,13,1,10
16-12-2016,257,210,5,15,2,9
17-12-2016,327,215,11,19,4,9
18-12-2016,292,190,10,20,4,8
19-12-2016,325,203,10,20,4,8
20-12-2016,273,196,11,19,5,10
21-12-2016,340,272,8,22,4,12
22-12-2016,436,267,4,16,2,14
23-12-2016,414,317,10,23,4,19
24-12-2016,491,296,6,16,3,12
25-12-2016,455,157,3,10,2,9
26-12-2016,358,263,8,15,3,10
27-12-2016,339,326,3,12,3,10
28-12-2016,381,151,3,7,1,6
29-12-2016,282,272,4,14,2,9
30-12-2016,322,239,4,14,3,8
31-12-2016,339,149,6,11,2,5
01-01-2017,241,168,8,14,3,7
02-01-2017,245,200,7,16,3,7
03-01-2017,327,220,7,15,3,9
04-01-2017,299,226,6,16,3,10
05-01-2017,306,209,6,13,3,8
06-01-2017,314,167,8,15,4,7
07-01-2017,252,213,11,15,4,7
08-01-2017,299,332,12,21,5,12
09-01-2017,349,259,8,19,4,8
10-01-2017,300,177,10,17,4,5
11-01-2017,209,224,13,18,4,7
12-01-2017,248,272,12,19,4,8
13-01-2017,294,221,8,18,3,7
14-01-2017,351,292,2,14,1,14
15-01-2017,283,340,7,16,3,15
16-01-2017,359,423,11,25,5,14
17-01-2017,419,345,12,19,4,9
18-01-2017,370,303,10,21,5,9
19-01-2017,350,204,9,18,4,6
20-01-2017,244,296,11,21,5,9
21-01-2017,232,284,11,23,4,8
22-01-2017,,332,10,20,4,6
23-01-2017,,235,13,21,9,24
24-01-2017,,346,7,22,4,12
25-01-2017,,326,5,16,5,12
26-01-2017,,163,7,15,18,26
27-01-2017,,121,7,18,4,8
28-01-2017,,135,10,15,4,6
29-01-2017,,193,10,15,4,10
30-01-2017,,223,11,14,5,12
31-01-2017,,146,8,8,4,5
01-02-2017,,123,6,6,4,4
02-02-2017,,221,10,16,3,10
03-02-2017,,234,3,20,4,9
04-02-2017,,222,16,17,4,8
05-02-2017,260,285,23,21,18,26
06-02-2017,295,186,13,20,7,6
07-02-2017,198,163,15,23,12,21
08-02-2017,230,202,15,25,8,7
09-02-2017,212,153,12,15,4,5
10-02-2017,184,210,11,17,3,7
11-02-2017,202,183,17,20,5,6
12-02-2017,211,233,18,24,5,9
13-02-2017,295,239,15,26,7,7
14-02-2017,280,241,16,29,16,23
15-02-2017,275,232,16,25,6,8
16-02-2017,230,310,20,26,8,12
17-02-2017,271,354,15,27,6,23
18-02-2017,339,297,15,27,5,24
19-02-2017,314,195,11,23,4,14
20-02-2017,215,237,12,24,22,39
21-02-2017,168,194,13,19,5,10
22-02-2017,189,177,14,15,5,4
23-02-2017,213,126,8,10,4,4
24-02-2017,178,181,14,16,5,6
25-02-2017,164,178,14,16,4,5
26-02-2017,209,173,8,15,4,5
27-02-2017,198,158,10,11,4,5
28-02-2017,179,261,14,19,8,10
01-03-2017,269,319,10,23,6,9
02-03-2017,302,268,10,24,6,12
03-03-2017,211,248,16,22,7,10
04-03-2017,308,168,15,17,6,5
05-03-2017,220,171,15,18,5,6
06-03-2017,170,207,16,19,6,7
07-03-2017,184,185,17,16,6,5
08-03-2017,174,159,16,14,6,6
09-03-2017,212,244,13,14,6,6
10-03-2017,206,99,14,14,5,6
11-03-2017,203,118,12,13,5,5
12-03-2017,167,160,15,14,6,7
13-03-2017,214,164,15,15,6,6
14-03-2017,189,143,14,18,13,6
15-03-2017,169,205,17,24,17,21
16-03-2017,225,266,19,28,4,13
17-03-2017,254,189,14,24,4,6
18-03-2017,219,254,13,25,4,6
19-03-2017,211,174,12,21,2,5
20-03-2017,167,,,,,
21-03-2017,,235,6,13,1,6
22-03-2017,185,248,15,17,3,6
23-03-2017,217,395,13,29,4,14
24-03-2017,295,401,11,31,5,10
25-03-2017,311,240,14,24,5,6
26-03-2017,197,278,13,27,5,10
27-03-2017,232,272,12,18,6,7
28-03-2017,322,352,10,34,6,8
29-03-2017,409,283,10,24,4,8
30-03-2017,298,275,14,23,6,6
31-03-2017,241,255,9,20,3,7
01-04-2017,197,246,14,24,5,6
02-04-2017,188,242,13,22,4,6
03-04-2017,233,215,12,13,2,5
04-04-2017,178,148,15,8,2,3
05-04-2017,204,129,16,8,2,4
06-04-2017,209,180,9,7,2,4
07-04-2017,200,283,15,11,2,6
08-04-2017,230,328,18,13,4,6
09-04-2017,210,205,11,12,5,5
10-04-2017,175,248,16,19,2,8
11-04-2017,145,223,17,21,4,8
12-04-2017,216,280,17,12,3,7
13-04-2017,200,268,20,9,4,5
14-04-2017,191,302,21,10,4,6
15-04-2017,169,174,21,6,3,6
16-04-2017,150,174,22,10,3,10
17-04-2017,162,198,24,9,6,8
18-04-2017,174,272,27,13,6,8
19-04-2017,223,219,24,8,3,7
20-04-2017,242,155,28,8,15,21
21-04-2017,196,138,15,10,1,7
22-04-2017,206,124,15,10,1,6
23-04-2017,153,402,13,18,,9
24-04-2017,304,201,20,20,3,7
25-04-2017,173,284,21,26,4,13
26-04-2017,230,233,20,26,5,9
27-04-2017,205,237,20,29,6,10
28-04-2017,166,315,25,30,7,10
29-04-2017,224,212,23,11,3,6
30-04-2017,190,271,23,15,4,6
01-05-2017,181,151,17,9,2,4
02-05-2017,146,229,19,15,5,7
03-05-2017,151,274,24,22,4,11
04-05-2017,203,380,23,36,6,11
05-05-2017,215,346,24,37,6,11
06-05-2017,224,242,31,15,4,6
07-05-2017,211,139,25,10,2,5
08-05-2017,161,250,20,11,2,5
09-05-2017,258,118,30,14,3,6
10-05-2017,204,134,27,16,8,17
11-05-2017,208,134,29,14,15,17
12-05-2017,199,166,23,15,2,8
13-05-2017,156,,,,,
15-05-2017,,170,24,16,2,9
16-05-2017,144,117,21,13,2,8
17-05-2017,129,131,23,19,2,9
18-05-2017,138,188,24,23,16,23
19-05-2017,155,184,19,16,4,6
20-05-2017,145,219,6,15,6,7
21-05-2017,286,185,20,10,2,4
22-05-2017,254,182,24,9,2,5
23-05-2017,161,175,16,11,2,8
24-05-2017,178,217,18,11,1,6
25-05-2017,177,160,24,6,1,4
26-05-2017,155,181,22,3,,3
27-05-2017,162,93,15,3,1,3
28-05-2017,152,92,21,5,1,4
29-05-2017,114,180,25,15,12,20
30-05-2017,152,78,23,7,3,4
31-05-2017,157,111,24,15,1,5
01-06-2017,190,183,22,27,2,7
02-06-2017,176,206,21,31,2,6
03-06-2017,161,273,28,28,3,7
04-06-2017,172,151,20,13,1,5
05-06-2017,166,102,10,13,2,5
06-06-2017,123,76,18,13,2,5
07-06-2017,145,76,18,12,1,5
08-06-2017,151,83,21,13,1,5
09-06-2017,136,115,20,13,1,5
10-06-2017,147,88,20,11,1,5
11-06-2017,137,123,24,23,2,6
12-06-2017,143,162,23,21,3,6
13-06-2017,156,135,25,20,6,5
14-06-2017,146,144,20,10,2,5
15-06-2017,129,117,21,13,1,5
16-06-2017,195,102,26,26,1,8
17-06-2017,164,134,18,24,1,7
18-06-2017,142,129,15,24,1,7
19-06-2017,125,131,17,21,1,6
20-06-2017,141,91,11,23,2,6
21-06-2017,117,118,19,16,4,5
22-06-2017,178,104,18,11,13,11
23-06-2017,152,115,18,10,2,6
24-06-2017,157,84,15,8,2,126
25-06-2017,130,148,13,6,2,500
26-06-2017,100,324,12,6,2,236
27-06-2017,78,83,12,6,2,2
28-06-2017,84,94,13,7,2,4
29-06-2017,147,85,14,10,2,3
30-06-2017,107,66,9,12,1,4
01-07-2017,124,51,6,12,1,4
02-07-2017,97,261,5,13,1,4
03-07-2017,81,88,7,12,1,4
04-07-2017,102,31,8,10,2,3
05-07-2017,75,51,6,12,2,4
06-07-2017,104,216,5,11,2,4
07-07-2017,171,405,7,13,2,4
08-07-2017,132,405,1,8,,4
09-07-2017,138,405,5,13,1,7
10-07-2017,184,,4,10,1,2
11-07-2017,95,,4,10,2,3
12-07-2017,86,,9,8,1,3
13-07-2017,153,,8,7,1,4
14-07-2017,134,,9,7,2,3
15-07-2017,106,,10,8,1,4
16-07-2017,131,,11,7,2,4
17-07-2017,96,,8,6,1,4
18-07-2017,101,,8,6,2,4
19-07-2017,67,,6,6,1,2
20-07-2017,73,,5,9,1,3
21-07-2017,98,,5,12,1,5
22-07-2017,111,,7,13,1,4
23-07-2017,133,,3,11,1,4
24-07-2017,94,,4,11,1,5
25-07-2017,100,,6,5,1,2
26-07-2017,79,,6,5,1,2
27-07-2017,71,,8,10,1,3
28-07-2017,115,,5,14,1,4
29-07-2017,158,,6,10,2,5
30-07-2017,124,397,6,9,2,4
31-07-2017,129,361,4,8,1,3
01-08-2017,121,55,4,14,17,29
02-08-2017,106,48,10,11,15,22
03-08-2017,115,102,4,12,2,5
04-08-2017,111,108,2,14,2,7
05-08-2017,156,42,7,7,2,5
06-08-2017,120,36,6,5,2,4
07-08-2017,101,60,9,7,2,5
08-08-2017,124,59,6,11,1,5
09-08-2017,115,50,4,8,1,5
10-08-2017,104,89,4,6,1,4
11-08-2017,145,84,3,7,1,5
12-08-2017,93,65,5,8,1,4
13-08-2017,90,75,5,10,1,5
14-08-2017,94,84,6,11,1,6
15-08-2017,128,110,6,9,1,6
16-08-2017,121,76,8,8,1,6
17-08-2017,122,59,8,5,1,6
18-08-2017,140,48,5,2,1,4
19-08-2017,87,46,7,2,1,4
20-08-2017,131,54,7,2,1,4
21-08-2017,106,68,9,9,2,7
22-08-2017,122,60,9,10,1,7
23-08-2017,148,49,8,5,11,23
24-08-2017,101,50,7,4,1,5
25-08-2017,115,46,6,7,1,6
26-08-2017,117,44,6,4,1,5
27-08-2017,121,29,5,2,1,3
28-08-2017,64,24,8,3,10,22
29-08-2017,74,48,7,4,7,17
30-08-2017,101,65,8,8,2,5
31-08-2017,109,56,6,8,3,5
01-09-2017,97,80,5,7,3,5
02-09-2017,121,74,6,8,3,5
03-09-2017,99,83,6,11,3,4
04-09-2017,144,95,10,9,3,2
05-09-2017,126,98,2,10,2,3
06-09-2017,146,,,,,
10-09-2017,,91,12,8,2,2
11-09-2017,124,77,11,9,2,2
12-09-2017,109,83,13,8,5,4
13-09-2017,137,91,14,10,3,3
14-09-2017,195,90,12,7,2,3
15-09-2017,148,87,12,6,2,3
16-09-2017,159,93,12,7,3,3
17-09-2017,159,75,13,7,5,3
18-09-2017,184,56,16,9,9,2
19-09-2017,81,32,11,8,8,2
20-09-2017,83,56,23,8,11,2
21-09-2017,81,87,16,11,37,13
22-09-2017,109,67,17,21,9,3
23-09-2017,96,106,19,29,8,3
24-09-2017,146,84,17,23,8,3
25-09-2017,136,97,21,22,8,3
26-09-2017,135,104,24,28,9,4
27-09-2017,158,107,22,22,7,4
28-09-2017,160,100,25,26,8,4
29-09-2017,162,102,28,21,8,3
30-09-2017,164,90,17,11,7,3
01-10-2017,146,80,21,15,8,3
02-10-2017,147,88,18,13,8,3
03-10-2017,141,74,19,14,7,3
04-10-2017,139,144,3,30,7,4
05-10-2017,195,,,,,
06-10-2017,,93,20,19,8,4
07-10-2017,130,98,17,17,7,4
08-10-2017,165,91,15,17,10,4
09-10-2017,139,127,12,15,8,6
10-10-2017,124,118,11,9,7,4
11-10-2017,99,131,16,18,8,4
12-10-2017,115,177,28,41,8,6
13-10-2017,187,173,27,50,9,6
14-10-2017,193,184,26,54,10,6
15-10-2017,186,242,29,57,9,6
16-10-2017,188,207,33,46,9,7
17-10-2017,230,186,18,32,10,6
18-10-2017,204,169,15,21,8,5
19-10-2017,205,92,8,11,6,2
20-10-2017,166,62,17,14,7,2
21-10-2017,98,155,1,70,10,10
22-10-2017,177,125,28,41,10,3
23-10-2017,160,258,19,63,11,9
24-10-2017,181,213,26,50,12,10
25-10-2017,196,214,35,47,32,16
26-10-2017,212,166,30,39,9,5
27-10-2017,192,180,31,49,10,6
28-10-2017,197,155,33,36,10,5
29-10-2017,194,153,26,44,10,5
30-10-2017,171,139,16,40,10,4
31-10-2017,180,116,24,25,9,3
01-11-2017,164,147,30,43,9,3
02-11-2017,161,125,7,87,14,6
03-11-2017,161,129,26,50,8,4
04-11-2017,178,310,1,104,23,24
05-11-2017,271,187,22,57,10,8
06-11-2017,244,199,30,65,12,9
07-11-2017,216,271,32,65,13,13
08-11-2017,240,363,24,66,9,9
09-11-2017,334,472,30,66,11,12
10-11-2017,448,333,26,71,10,13
11-11-2017,342,253,27,67,10,10
12-11-2017,256,296,30,71,11,9
13-11-2017,251,353,29,67,13,12
14-11-2017,336,146,21,25,9,1
15-11-2017,132,179,20,50,10,5
16-11-2017,164,143,22,48,9,5
17-11-2017,177,192,27,65,10,7
18-11-2017,199,213,30,63,10,7
19-11-2017,235,225,22,53,10,6
20-11-2017,235,231,29,57,12,6
21-11-2017,219,229,17,32,4,6
22-11-2017,248,296,15,58,6,7
23-11-2017,266,260,34,68,12,8
24-11-2017,256,311,37,71,14,10
25-11-2017,269,277,36,71,12,8
26-11-2017,288,263,30,71,14,8
27-11-2017,260,321,34,80,18,13
28-11-2017,268,410,42,86,17,15
29-11-2017,298,310,30,83,15,12
30-11-2017,282,300,30,81,13,10
01-12-2017,295,366,34,81,17,17
02-12-2017,356,333,29,76,12,11
03-12-2017,344,347,30,84,15,14
04-12-2017,334,372,32,82,15,15
05-12-2017,354,286,22,71,12,10
06-12-2017,311,350,24,68,13,11
07-12-2017,358,265,21,64,14,9
08-12-2017,277,311,5,71,15,10
09-12-2017,276,291,4,73,14,10
10-12-2017,299,287,4,68,13,10
11-12-2017,277,408,38,79,19,18
12-12-2017,369,260,25,67,11,9
13-12-2017,286,200,22,57,11,7
14-12-2017,232,197,31,52,14,6
15-12-2017,227,199,22,52,11,5
16-12-2017,235,189,25,55,11,6
17-12-2017,218,245,21,66,13,8
18-12-2017,258,342,31,71,12,9
19-12-2017,351,388,23,66,9,12
20-12-2017,428,394,17,75,29,23
21-12-2017,444,250,19,75,10,11
22-12-2017,381,174,22,73,12,8
23-12-2017,274,203,27,73,12,9
24-12-2017,278,224,26,78,13,10
25-12-2017,314,268,18,68,12,15
26-12-2017,367,324,28,81,15,17
27-12-2017,393,340,23,84,11,10
28-12-2017,401,243,17,51,28,20
29-12-2017,389,154,10,49,8,10
30-12-2017,289,144,8,46,9,9
31-12-2017,300,118,9,58,8,10
01-01-2018,245,154,11,51,9,8
02-01-2018,208,226,13,63,9,9
03-01-2018,229,218,22,57,10,10
04-01-2018,207,245,4,54,15,12
05-01-2018,206,180,24,43,9,7
06-01-2018,177,,,,,
07-01-2018,,240,11,38,5,9
08-01-2018,162,256,21,61,8,11
09-01-2018,198,302,21,59,12,14
10-01-2018,212,276,15,52,8,11
11-01-2018,214,249,7,49,9,11
12-01-2018,190,266,18,57,10,13
13-01-2018,232,333,26,64,13,16
14-01-2018,375,263,23,60,11,13
15-01-2018,302,238,25,63,11,9
16-01-2018,264,226,27,58,10,10
17-01-2018,321,248,27,65,13,18
18-01-2018,322,441,22,81,16,22
19-01-2018,289,296,22,78,12,12
20-01-2018,173,213,28,68,11,8
21-01-2018,151,257,29,75,12,13
22-01-2018,155,176,35,63,18,12
23-01-2018,185,56,27,38,10,12
24-01-2018,127,67,15,38,9,10
25-01-2018,125,68,22,40,10,11
26-01-2018,140,62,16,61,11,19
27-01-2018,142,118,26,60,10,17
28-01-2018,195,111,25,60,11,19
29-01-2018,193,107,22,68,12,12
30-01-2018,153,105,21,51,11,10
31-01-2018,142,126,22,55,12,12
01-02-2018,156,78,25,62,18,17
02-02-2018,148,132,30,62,16,19
03-02-2018,175,51,13,59,13,15
04-02-2018,192,68,9,52,13,10
05-02-2018,139,90,10,51,11,10
06-02-2018,169,61,33,41,13,9
07-02-2018,140,149,13,54,12,12
08-02-2018,192,151,31,52,27,31
09-02-2018,193,157,15,52,14,10
10-02-2018,181,213,23,61,15,12
11-02-2018,209,138,10,50,11,9
12-02-2018,193,147,13,42,9,10
13-02-2018,187,143,13,46,11,10
14-02-2018,213,120,17,56,11,8
15-02-2018,164,145,10,66,12,10
16-02-2018,201,145,53,60,12,10
17-02-2018,193,181,15,62,12,10
18-02-2018,186,328,38,59,14,16
19-02-2018,268,165,21,53,11,10
20-02-2018,202,247,22,64,13,15
21-02-2018,233,268,21,88,20,14
22-02-2018,244,144,18,76,16,12
23-02-2018,212,153,25,53,15,10
24-02-2018,222,163,18,48,11,13
25-02-2018,242,153,14,53,15,12
26-02-2018,244,150,15,53,12,10
27-02-2018,169,177,20,55,13,14
28-02-2018,207,175,19,49,12,11
01-03-2018,218,182,16,46,15,17
02-03-2018,306,187,45,40,11,10
03-03-2018,169,122,34,39,13,10
04-03-2018,167,214,27,41,12,9
05-03-2018,177,127,26,39,17,8
06-03-2018,152,171,22,47,14,10
07-03-2018,160,170,24,57,16,11
08-03-2018,188,155,24,50,18,11
09-03-2018,188,167,20,47,14,9
10-03-2018,165,135,21,45,11,8
11-03-2018,162,151,22,41,14,10
12-03-2018,174,147,10,42,15,10
13-03-2018,160,244,21,50,16,15
14-03-2018,217,297,25,51,18,13
15-03-2018,227,190,18,36,14,10
16-03-2018,171,145,21,33,14,7
17-03-2018,158,163,3,35,15,9
18-03-2018,160,189,3,44,16,10
19-03-2018,182,213,3,48,17,12
20-03-2018,202,185,30,49,72,20
21-03-2018,171,199,24,48,19,11
22-03-2018,182,174,25,49,16,9
23-03-2018,179,160,26,47,15,8
24-03-2018,170,134,29,47,16,9
25-03-2018,170,139,27,48,16,8
26-03-2018,160,182,27,51,17,10
27-03-2018,179,235,27,62,18,16
28-03-2018,193,314,25,67,23,16
29-03-2018,227,180,30,49,18,7
30-03-2018,171,111,30,29,9,5
31-03-2018,126,103,30,26,10,6
01-04-2018,153,121,32,37,15,7
02-04-2018,160,155,30,42,13,8
03-04-2018,155,150,21,50,15,10
04-04-2018,171,105,12,25,15,6
05-04-2018,137,103,32,25,10,6
06-04-2018,153,115,40,22,11,7
07-04-2018,154,87,15,26,7,5
08-04-2018,128,231,28,29,8,8
09-04-2018,130,109,34,34,12,7
10-04-2018,129,145,25,47,11,9
11-04-2018,158,126,14,52,8,11
12-04-2018,129,,,,,
13-04-2018,,143,15,77,20,17
14-04-2018,123,172,1,58,9,13
15-04-2018,182,,,,,
29-11-2018,,188,52,58,5,
30-11-2018,320,261,37,68,14,31
01-12-2018,231,224,73,64,14,19
02-12-2018,262,238,52,62,14,16
03-12-2018,250,169,106,66,26,7
04-12-2018,225,177,6,62,9,7
05-12-2018,270,263,16,86,10,15
06-12-2018,293,243,87,63,11,9
07-12-2018,277,226,77,60,15,9
08-12-2018,235,227,84,57,12,11
09-12-2018,288,268,57,49,15,17
10-12-2018,312,157,64,42,25,7
11-12-2018,251,,,,,
14-12-2018,,143,54,51,10,8
15-12-2018,213,154,77,45,9,8
16-12-2018,218,200,34,57,11,11
17-12-2018,283,162,64,52,11,9
18-12-2018,239,166,51,50,13,8
19-12-2018,222,214,78,58,13,9
20-12-2018,259,216,32,66,14,9
21-12-2018,276,242,52,68,16,13
22-12-2018,281,240,29,76,11,9
23-12-2018,310,252,27,77,14,11
24-12-2018,289,186,75,63,15,8
25-12-2018,254,201,19,57,16,11
26-12-2018,255,207,59,58,13,11
27-12-2018,253,178,68,57,15,8
28-12-2018,231,209,61,60,13,10
29-12-2018,263,211,39,63,11,10
30-12-2018,297,,,,,
31-12-2018,,287,64,69,14,24
01-01-2019,332,328,60,73,13,20
02-01-2019,381,268,45,72,10,10
03-01-2019,352,231,62,64,10,9
04-01-2019,238,198,72,57,15,8
05-01-2019,233,148,47,35,11,6
06-01-2019,198,130,28,40,10,7
07-01-2019,181,202,39,47,7,7
08-01-2019,232,191,89,53,11,8
09-01-2019,220,216,77,56,12,11
10-01-2019,241,300,64,58,13,15
11-01-2019,295,199,54,56,11,12
12-01-2019,245,182,38,47,9,8
13-01-2019,229,149,26,48,9,7
14-01-2019,210,113,47,45,9,7
15-01-2019,170,138,54,56,13,9
16-01-2019,194,199,73,66,11,16
17-01-2019,242,183,62,71,10,8
18-01-2019,224,168,70,63,11,9
19-01-2019,211,179,75,62,9,11
20-01-2019,223,170,80,53,10,9
21-01-2019,219,164,80,29,12,5
22-01-2019,224,114,43,29,11,4
23-01-2019,191,94,42,35,11,9
24-01-2019,183,117,40,42,11,8
25-01-2019,205,81,46,25,11,4
26-01-2019,169,108,23,32,11,6
27-01-2019,178,142,48,44,12,6
28-01-2019,191,136,67,48,10,6
29-01-2019,188,139,86,59,11,7
30-01-2019,198,250,86,59,12,10
31-01-2019,256,169,90,53,18,6
01-02-2019,219,280,64,63,19,10
02-02-2019,275,209,78,52,12,7
03-02-2019,255,196,78,60,13,8
04-02-2019,243,177,84,59,13,10
05-02-2019,243,174,85,58,17,8
06-02-2019,241,130,78,35,14,6
07-02-2019,196,95,53,29,15,6
08-02-2019,185,125,57,37,11,5
09-02-2019,183,120,79,48,12,6
10-02-2019,176,145,92,56,16,8
11-02-2019,201,184,49,58,11,9
12-02-2019,223,218,72,64,12,11
13-02-2019,259,233,78,59,13,10
14-02-2019,262,103,26,38,11,7
15-02-2019,185,76,26,33,10,5
16-02-2019,169,128,59,37,10,6
17-02-2019,183,137,63,47,15,8
18-02-2019,186,165,83,53,15,9
19-02-2019,192,201,89,55,16,10
20-02-2019,222,200,80,45,17,9
21-02-2019,194,159,86,36,17,8
22-02-2019,191,113,65,23,13,4
23-02-2019,168,106,89,26,13,5
24-02-2019,167,127,92,28,14,6
25-02-2019,179,130,83,31,16,6
26-02-2019,180,96,70,17,14,4
27-02-2019,153,88,81,11,8,4
28-02-2019,145,115,75,24,12,5
01-03-2019,165,151,96,28,10,7
02-03-2019,199,122,72,22,11,6
03-03-2019,173,111,98,19,9,7
04-03-2019,178,150,81,25,10,5
05-03-2019,197,112,89,23,16,3
06-03-2019,153,126,42,31,17,6
07-03-2019,155,133,84,36,14,4
08-03-2019,169,140,72,31,9,8
09-03-2019,131,179,79,34,8,7
10-03-2019,195,156,93,31,13,7
11-03-2019,192,175,89,37,15,8
12-03-2019,207,146,95,22,12,5
13-03-2019,179,151,66,24,10,5
14-03-2019,182,131,58,28,12,5
15-03-2019,183,126,59,19,5,4
16-03-2019,171,130,43,17,5,4
17-03-2019,174,113,74,24,6,5
18-03-2019,170,151,75,41,5,7
19-03-2019,185,160,65,39,6,10
20-03-2019,185,315,82,41,12,22
21-03-2019,327,126,56,23,7,4
22-03-2019,171,116,60,20,4,3
23-03-2019,158,143,53,21,6,4
24-03-2019,184,133,66,25,6,5
25-03-2019,175,103,76,28,6,4
26-03-2019,136,121,53,28,11,8
27-03-2019,176,146,60,35,20,9
28-03-2019,202,191,95,46,20,9
29-03-2019,209,217,79,60,19,13
30-03-2019,193,182,64,37,20,6
31-03-2019,199,164,59,31,17,6
01-04-2019,152,151,51,37,21,6
02-04-2019,167,152,47,40,22,6
03-04-2019,168,128,79,21,19,4
04-04-2019,167,148,85,22,20,6
05-04-2019,169,155,83,21,13,5
06-04-2019,165,155,83,20,13,4
07-04-2019,133,148,78,23,13,5
08-04-2019,147,136,81,27,18,4
09-04-2019,163,106,72,21,15,5
10-04-2019,135,152,82,29,19,5
11-04-2019,162,168,68,30,18,6
12-04-2019,181,230,46,41,15,9
13-04-2019,195,251,79,48,19,8
14-04-2019,194,225,83,42,19,8
15-04-2019,193,312,73,31,17,4
16-04-2019,203,148,46,34,12,5
17-04-2019,159,102,69,34,19,4
18-04-2019,158,116,72,29,16,5
19-04-2019,139,139,64,33,16,5
20-04-2019,162,148,71,29,20,5
21-04-2019,167,180,70,33,16,5
22-04-2019,191,134,74,17,11,4
23-04-2019,169,125,74,20,13,5
24-04-2019,156,166,64,27,16,4
25-04-2019,170,205,67,30,15,7
26-04-2019,180,243,74,40,14,7
27-04-2019,185,212,50,37,14,10
28-04-2019,175,196,39,46,15,10
29-04-2019,183,212,67,49,19,11
30-04-2019,200,175,68,29,21,8
01-05-2019,177,147,66,21,14,4
02-05-2019,159,143,58,15,11,4
03-05-2019,146,89,79,23,11,6
04-05-2019,129,206,49,45,15,7
05-05-2019,186,169,58,41,17,6
06-05-2019,163,178,43,44,19,7
07-05-2019,161,230,78,39,17,6
08-05-2019,176,314,75,35,14,8
09-05-2019,191,202,87,39,17,9
10-05-2019,183,194,55,43,14,7
11-05-2019,160,159,53,29,15,6
12-05-2019,151,198,74,31,14,9
13-05-2019,165,200,81,28,17,6
14-05-2019,173,157,68,26,17,6
15-05-2019,159,170,88,30,15,8
16-05-2019,159,201,84,23,15,7
17-05-2019,171,193,86,25,15,6
18-05-2019,164,134,64,20,13,6
19-05-2019,150,158,53,37,14,8
20-05-2019,188,173,49,41,19,11
21-05-2019,183,215,53,40,21,11
22-05-2019,223,234,77,21,14,7
23-05-2019,174,132,65,18,15,6
24-05-2019,153,137,70,23,17,5
25-05-2019,153,148,84,21,19,5
26-05-2019,147,148,52,29,18,6
27-05-2019,158,187,37,31,20,9
28-05-2019,159,176,43,31,22,10
29-05-2019,164,190,55,27,21,11
30-05-2019,169,160,76,8,19,5
31-05-2019,146,103,81,8,12,5
01-06-2019,144,172,65,6,12,5
02-06-2019,144,182,83,4,11,4
03-06-2019,135,144,61,6,13,6
04-06-2019,144,121,63,5,15,6
05-06-2019,142,114,80,3,13,4
06-06-2019,142,95,70,3,13,5
07-06-2019,126,124,54,8,15,7
08-06-2019,150,123,50,8,19,6
09-06-2019,154,351,64,14,15,
10-06-2019,153,153,77,7,18,
11-06-2019,144,128,77,8,11,
12-06-2019,138,154,78,15,12,
13-06-2019,153,171,86,16,14,
14-06-2019,145,196,65,22,18,
15-06-2019,153,243,72,8,14,
16-06-2019,143,177,65,12,15,
17-06-2019,138,117,90,18,10,
18-06-2019,115,134,68,15,17,
19-06-2019,170,120,74,11,11,
20-06-2019,157,133,47,12,5,
21-06-2019,161,66,18,9,8,
22-06-2019,96,108,35,11,10,
23-06-2019,117,127,64,18,10,
24-06-2019,141,154,72,26,10,
25-06-2019,142,168,78,18,10,
26-06-2019,129,96,58,15,12,
27-06-2019,102,119,65,21,10,
28-06-2019,135,99,58,17,9,
29-06-2019,136,97,61,14,9,
30-06-2019,159,73,62,7,10,8
01-07-2019,138,62,37,6,10,4
02-07-2019,88,56,57,4,10,4
03-07-2019,85,50,45,5,12,4
04-07-2019,92,60,41,8,9,5
05-07-2019,115,51,20,10,10,6
06-07-2019,97,36,11,10,10,6
07-07-2019,79,35,18,8,12,5
08-07-2019,62,34,14,6,10,4
09-07-2019,60,62,20,6,11,5
10-07-2019,68,84,28,9,10,5
11-07-2019,109,131,17,8,9,5
12-07-2019,124,167,22,9,8,5
13-07-2019,130,175,21,7,9,5
14-07-2019,128,155,34,8,9,5
15-07-2019,134,108,47,6,9,4
16-07-2019,116,83,42,6,10,4
17-07-2019,118,160,45,11,12,5
18-07-2019,143,131,36,11,11,4
19-07-2019,123,124,39,7,10,5
20-07-2019,122,112,52,10,10,5
21-07-2019,115,93,43,14,9,6
22-07-2019,124,79,24,15,9,5
23-07-2019,141,50,30,17,8,6
24-07-2019,102,40,32,10,8,3
25-07-2019,72,42,18,12,10,5
26-07-2019,80,53,18,6,10,5
27-07-2019,105,33,22,4,11,3
28-07-2019,73,37,26,3,10,3
29-07-2019,66,35,29,2,10,6
30-07-2019,68,38,29,4,11,4
31-07-2019,75,53,32,7,11,4
01-08-2019,115,60,20,3,10,5
02-08-2019,130,83,13,4,12,5
03-08-2019,104,69,5,6,13,6
04-08-2019,103,,,,,
05-08-2019,,44,11,7,10,4
06-08-2019,81,39,16,3,11,3
07-08-2019,60,28,19,1,10,2
08-08-2019,50,33,20,4,10,4
09-08-2019,72,71,17,10,10,6
10-08-2019,111,81,15,13,10,7
11-08-2019,129,72,10,6,10,5
12-08-2019,108,52,21,2,10,4
13-08-2019,68,33,15,3,10,4
14-08-2019,69,49,25,6,8,
15-08-2019,90,61,18,7,10,
16-08-2019,83,72,12,6,9,
17-08-2019,104,62,12,6,9,5
18-08-2019,105,35,12,10,9,5
19-08-2019,83,33,18,16,9,
20-08-2019,78,53,18,16,9,
21-08-2019,103,61,24,17,10,
22-08-2019,136,61,31,19,9,
23-08-2019,115,56,45,15,9,
24-08-2019,124,32,45,14,9,
25-08-2019,77,46,50,13,10,5
26-08-2019,103,42,40,14,9,3
27-08-2019,88,60,47,14,5,1
28-08-2019,115,53,38,12,7,4
29-08-2019,113,63,29,10,7,4
30-08-2019,82,62,25,10,9,4
31-08-2019,127,73,6,10,7,4
01-09-2019,125,94,20,10,9,4
02-09-2019,133,61,20,11,7,4
03-09-2019,95,45,18,8,7,3
04-09-2019,76,59,21,7,7,2
05-09-2019,70,78,22,8,7,3
06-09-2019,88,60,24,7,8,2
07-09-2019,90,45,24,7,5,3
08-09-2019,68,47,14,9,8,4
09-09-2019,98,48,28,9,9,6
10-09-2019,106,60,26,7,8,3
11-09-2019,108,39,24,4,8,3
12-09-2019,73,35,26,6,8,4
13-09-2019,61,58,30,6,6,4
14-09-2019,81,84,37,8,8,4
15-09-2019,117,80,24,8,8,4
16-09-2019,130,52,30,4,7,3
17-09-2019,90,24,13,6,7,3
18-09-2019,36,48,19,9,9,3
19-09-2019,95,69,24,12,10,3
20-09-2019,83,72,25,14,8,4
21-09-2019,98,52,17,10,8,3
22-09-2019,88,62,27,8,7,4
23-09-2019,104,37,20,11,10,3
24-09-2019,60,26,15,9,8,2
25-09-2019,41,23,8,9,7,2
26-09-2019,30,,,,,
30-09-2019,,184,16,14,7,4
01-10-2019,83,65,20,14,8,3
02-10-2019,82,37,20,13,7,5
03-10-2019,73,62,20,14,9,5
04-10-2019,111,96,28,17,8,5
05-10-2019,115,114,34,17,7,6
06-10-2019,155,119,36,18,8,6
07-10-2019,154,160,43,17,8,6
08-10-2019,168,136,29,13,9,4
09-10-2019,136,150,27,16,8,6
10-10-2019,140,117,31,18,8,6
11-10-2019,154,148,40,25,9,7
12-10-2019,152,138,37,26,6,7
13-10-2019,159,159,45,22,7,6
14-10-2019,162,146,48,23,7,5
15-10-2019,171,145,43,25,6,6
16-10-2019,184,125,60,25,7,5
17-10-2019,183,114,47,23,7,2
18-10-2019,174,94,37,24,7,2
19-10-2019,151,107,17,22,8,7
20-10-2019,176,112,25,26,7,3
21-10-2019,181,138,47,29,7,7
22-10-2019,181,133,29,32,7,7
23-10-2019,182,100,50,21,4,5
24-10-2019,168,47,28,16,6,2
25-10-2019,73,79,23,19,8,6
26-10-2019,137,103,34,24,7,5
27-10-2019,177,196,33,25,8,5
28-10-2019,254,144,37,27,8,10
29-10-2019,211,127,29,30,7,7
30-10-2019,187,156,31,28,8,7
31-10-2019,219,169,39,30,7,1
01-11-2019,246,145,48,30,8,
02-11-2019,205,144,34,28,8,
03-11-2019,226,225,30,29,10,19
04-11-2019,284,113,36,30,6,2
05-11-2019,193,117,41,31,6,
06-11-2019,185,146,39,34,7,
07-11-2019,189,142,56,33,8,
08-11-2019,212,109,45,27,7,
09-11-2019,164,92,5,27,6,
10-11-2019,160,124,20,26,6,
11-11-2019,173,172,38,30,7,
12-11-2019,202,158,68,34,9,
13-11-2019,202,167,8,33,10,
14-11-2019,209,149,43,31,7,
15-11-2019,238,138,59,34,7,
16-11-2019,180,130,49,28,9,
17-11-2019,196,152,27,35,5,1
18-11-2019,156,138,39,36,6,
19-11-2019,241,146,95,35,8,
20-11-2019,316,160,116,37,10,
21-11-2019,358,154,84,36,7,
22-11-2019,413,181,60,34,6,
23-11-2019,436,150,47,30,5,
24-11-2019,346,150,66,34,18,
25-11-2019,269,238,98,31,15,
26-11-2019,378,,67,23,7,
27-11-2019,391,,69,22,7,
28-11-2019,356,,68,24,7,
29-11-2019,292,,52,23,7,
30-11-2019,225,,52,23,7,
01-12-2019,194,1,36,23,7,
02-12-2019,202,1,63,23,8,
03-12-2019,339,,71,26,7,
04-12-2019,336,1,66,27,10,
05-12-2019,307,1,68,26,7,
06-12-2019,419,1,40,22,6,
07-12-2019,247,,47,20,7,
08-12-2019,317,,56,22,7,
09-12-2019,329,1,88,22,20,
10-12-2019,332,1,57,25,9,
11-12-2019,313,1,52,19,8,
12-12-2019,397,,25,13,8,
13-12-2019,182,,27,12,9,
14-12-2019,162,,20,16,7,
15-12-2019,157,1,22,16,8,
16-12-2019,202,,42,14,6,
17-12-2019,226,,19,13,10,
18-12-2019,175,,,,,
22-12-2019,,,7,31,10,
23-12-2019,193,,3,23,7,
24-12-2019,208,,17,23,9,
25-12-2019,199,,4,20,9,
26-12-2019,183,,19,25,6,
27-12-2019,224,,16,20,10,
28-12-2019,230,,,,,
31-12-2019,,,24,32,9,
01-01-2020,312,,21,24,9,
02-01-2020,245,,19,21,8,
03-01-2020,178,,11,19,7,
04-01-2020,164,,12,20,7,
05-01-2020,160,,27,21,9,
06-01-2020,200,,29,23,8,
07-01-2020,250,,15,18,8,
08-01-2020,181,,11,18,7,
09-01-2020,175,,20,19,7,
10-01-2020,151,,31,19,7,
11-01-2020,197,,44,21,7,
12-01-2020,253,,45,22,9,
13-01-2020,260,,28,19,7,
14-01-2020,186,,33,23,7,
15-01-2020,221,,36,20,5,
16-01-2020,178,,18,20,6,
17-01-2020,162,,15,20,8,
18-01-2020,170,,21,18,6,
19-01-2020,154,,32,22,10,
20-01-2020,168,,46,22,8,
21-01-2020,189,,38,22,6,
22-01-2020,198,,31,18,7,
23-01-2020,173,,30,17,9,
24-01-2020,146,,36,20,7,
25-01-2020,190,,23,22,8,
26-01-2020,198,,8,23,10,
27-01-2020,204,,29,19,7,
28-01-2020,182,,57,18,5,
29-01-2020,200,,24,15,5,
30-01-2020,159,,29,17,5,
31-01-2020,145,,42,16,5,
01-02-2020,151,,43,15,6,
02-02-2020,167,,47,16,7,
03-02-2020,166,,47,19,7,
04-02-2020,190,,46,18,4,
05-02-2020,194,,47,15,8,
06-02-2020,172,,57,17,10,
07-02-2020,194,,49,16,8,
08-02-2020,183,,51,18,4,
09-02-2020,186,,53,18,10,
10-02-2020,185,,56,25,7,
11-02-2020,183,,58,17,4,
12-02-2020,183,,37,14,6,
13-02-2020,170,,38,13,4,
14-02-2020,142,,43,14,7,
15-02-2020,137,,59,17,5,
16-02-2020,144,,54,17,6,
17-02-2020,173,,50,17,5,
18-02-2020,153,,88,17,6,
19-02-2020,154,,62,13,9,
20-02-2020,161,,31,8,10,
21-02-2020,177,,42,8,8,
22-02-2020,149,,40,12,4,
23-02-2020,165,,39,12,6,
24-02-2020,156,,37,11,5,
25-02-2020,119,,30,10,4,
26-02-2020,131,,52,13,4,
27-02-2020,153,,45,10,7,
28-02-2020,131,,57,9,7,
29-02-2020,148,,50,11,7,
01-03-2020,165,,40,11,7,
02-03-2020,152,,2,21,11,
03-03-2020,207,,44,11,7,
04-03-2020,153,,48,8,9,
05-03-2020,145,,42,5,5,
06-03-2020,85,,30,5,4,
07-03-2020,107,,36,7,5,
08-03-2020,129,,39,8,11,
09-03-2020,124,,25,8,18,
10-03-2020,216,,36,4,15,
11-03-2020,128,,49,5,15,
12-03-2020,111,,27,3,18,
13-03-2020,93,,28,3,15,
14-03-2020,64,,34,4,12,
15-03-2020,81,,31,6,13,
16-03-2020,137,,35,5,14,
17-03-2020,141,,38,4,16,
18-03-2020,146,,34,9,20,
19-03-2020,125,,35,14,28,
20-03-2020,113,,16,14,21,
21-03-2020,135,,33,14,15,
22-03-2020,128,,36,14,14,
23-03-2020,136,,35,14,14,
24-03-2020,134,,27,14,15,
25-03-2020,146,,20,14,13,
26-03-2020,132,,22,14,13,
27-03-2020,124,,22,14,14,
28-03-2020,100,,21,14,14,
29-03-2020,96,,17,14,16,
30-03-2020,91,,1,14,16,
31-03-2020,118,,1,14,17,
01-04-2020,160,,2,14,17,
02-04-2020,142,,2,14,14,
03-04-2020,92,,4,14,16,
04-04-2020,160,,2,15,14,
05-04-2020,130,,2,14,16,
06-04-2020,120,,1,14,15,
07-04-2020,125,,2,14,16,
08-04-2020,119,,53,14,22,
09-04-2020,116,,59,14,17,
10-04-2020,108,,71,14,17,
11-04-2020,135,,65,14,15,
12-04-2020,133,,66,14,14,
13-04-2020,130,,76,13,19,
14-04-2020,133,,61,14,13,
15-04-2020,122,,154,14,14,
16-04-2020,89,,134,14,16,
17-04-2020,124,,47,14,10,
18-04-2020,112,,48,14,14,
19-04-2020,105,,41,13,10,
20-04-2020,122,,62,14,17,
21-04-2020,66,,64,13,18,
22-04-2020,77,,62,13,18,
23-04-2020,107,,42,14,18,
24-04-2020,129,,83,13,14,
25-04-2020,111,,72,13,17,
26-04-2020,71,,57,13,14,
27-04-2020,59,,65,13,16,
28-04-2020,96,,63,13,18,
29-04-2020,65,,67,13,16,
30-04-2020,99,,103,13,15,
01-05-2020,70,,7,13,15,
02-05-2020,67,,4,14,18,
03-05-2020,86,,,,,
04-05-2020,,,70,11,18,
05-05-2020,32,,70,13,14,
06-05-2020,71,,53,13,12,
07-05-2020,110,,66,13,13,
08-05-2020,115,,78,12,14,
09-05-2020,121,,56,13,19,
10-05-2020,112,,61,13,15,
11-05-2020,61,,62,13,19,
12-05-2020,118,,76,12,20,
13-05-2020,119,,51,13,18,
14-05-2020,100,,56,13,20,
15-05-2020,132,,51,12,20,
16-05-2020,102,,60,12,16,
17-05-2020,124,,71,12,14,
18-05-2020,133,,48,13,23,
19-05-2020,128,,50,13,15,
20-05-2020,95,,32,12,31,
21-05-2020,86,,71,12,38,
22-05-2020,128,,61,12,32,
23-05-2020,106,,64,12,34,
24-05-2020,139,,43,12,34,
25-05-2020,135,,59,12,62,
26-05-2020,119,,40,12,42,
27-05-2020,87,,56,10,10,
28-05-2020,65,,57,14,12,
29-05-2020,94,,48,5,20,
30-05-2020,91,,57,2,18,
31-05-2020,63,,34,2,21,
01-06-2020,85,,37,,16,
02-06-2020,97,,36,,23,
03-06-2020,98,,31,,26,
04-06-2020,67,,27,,24,
05-06-2020,38,,19,,24,
06-06-2020,37,,34,,26,
07-06-2020,61,,44,,35,
08-06-2020,114,,59,,25,
09-06-2020,108,,50,,26,
10-06-2020,111,,46,,25,
11-06-2020,113,,32,,25,
12-06-2020,58,,29,,24,
13-06-2020,47,,23,,20,
14-06-2020,47,,16,,23,
15-06-2020,48,,16,,18,
16-06-2020,62,,18,,10,
17-06-2020,51,,16,,13,
18-06-2020,72,,10,,14,
19-06-2020,56,,11,,15,
20-06-2020,42,,12,,16,
21-06-2020,46,,18,,12,
22-06-2020,44,,18,,21,
23-06-2020,55,,15,,16,
24-06-2020,61,,10,,18,
25-06-2020,63,,13,,17,
26-06-2020,50,,16,,15,
27-06-2020,73,,16,,16,
28-06-2020,69,,19,,15,
29-06-2020,62,,30,,15,
30-06-2020,102,,12,,22,
01-07-2020,106,,25,,19,
02-07-2020,122,,22,,16,
03-07-2020,98,,17,,17,
04-07-2020,88,,17,,21,
05-07-2020,80,,12,,17,
06-07-2020,34,,12,,13,
07-07-2020,59,,11,,12,
08-07-2020,88,,8,,10,
09-07-2020,58,,6,,12,
10-07-2020,71,,9,,13,
11-07-2020,49,,11,,8,
12-07-2020,67,,12,,15,
13-07-2020,69,,18,,14,
14-07-2020,54,,15,,11,
15-07-2020,61,,18,,8,
16-07-2020,62,,25,,10,
17-07-2020,69,,17,,12,
18-07-2020,79,,11,,9,
19-07-2020,60,,13,,12,
20-07-2020,49,,11,,12,
21-07-2020,39,,20,,17,
22-07-2020,71,,16,,,
23-07-2020,66,,19,10,,
24-07-2020,68,,25,10,,
25-07-2020,81,,20,12,,
26-07-2020,85,,12,14,,
27-07-2020,88,,11,13,,
28-07-2020,56,,14,8,,
29-07-2020,60,,10,7,,
30-07-2020,58,,10,10,,
31-07-2020,89,,8,11,,
01-08-2020,93,,6,10,,
02-08-2020,103,,6,6,,
03-08-2020,96,1,8,8,,
04-08-2020,91,11,11,8,,
05-08-2020,25,21,9,10,,
06-08-2020,30,39,11,11,,
07-08-2020,57,58,12,11,,
08-08-2020,75,36,13,11,,
09-08-2020,53,37,10,11,,
10-08-2020,81,60,13,11,,
11-08-2020,84,19,7,61,,
12-08-2020,36,27,7,11,,
13-08-2020,43,44,8,11,,
14-08-2020,41,40,11,11,,
15-08-2020,,26,8,11,,
16-08-2020,,36,8,12,,
17-08-2020,57,50,10,12,,
18-08-2020,74,51,13,11,,
19-08-2020,79,32,9,9,,
20-08-2020,49,22,8,6,,
21-08-2020,32,25,9,6,,
22-08-2020,45,33,10,6,,
23-08-2020,55,47,3,6,,
24-08-2020,48,81,4,6,,
25-08-2020,76,59,3,7,,
26-08-2020,78,23,5,8,,
27-08-2020,37,29,5,11,,
28-08-2020,29,36,6,16,,
29-08-2020,44,83,6,16,,
30-08-2020,72,132,6,17,,
31-08-2020,102,99,5,26,,
01-09-2020,76,28,7,1,,
02-09-2020,49,43,11,4,,
03-09-2020,76,74,12,7,,
04-09-2020,112,108,27,6,,
05-09-2020,106,82,8,5,,
06-09-2020,84,94,7,7,,
07-09-2020,88,88,8,6,,
08-09-2020,97,93,6,6,,
09-09-2020,99,79,10,6,,
10-09-2020,91,48,12,6,,
11-09-2020,70,66,7,6,,
12-09-2020,109,81,10,5,,
13-09-2020,134,93,6,5,,
14-09-2020,140,92,6,5,,
15-09-2020,131,84,20,5,,
16-09-2020,136,116,8,5,,
17-09-2020,142,105,13,5,,
18-09-2020,123,65,13,5,,
19-09-2020,105,67,18,5,,
20-09-2020,98,47,9,5,,
21-09-2020,70,11,9,5,,
22-09-2020,29,36,11,6,,
23-09-2020,57,35,6,6,,
24-09-2020,44,39,6,6,,
25-09-2020,47,111,11,6,,
26-09-2020,109,99,14,6,,
27-09-2020,111,127,11,6,,
28-09-2020,129,189,16,7,,
29-09-2020,161,167,18,7,,
30-09-2020,157,135,21,7,,
01-10-2020,156,120,25,7,,
02-10-2020,153,86,16,7,,
03-10-2020,125,44,14,6,,
04-10-2020,69,68,20,7,,
05-10-2020,81,78,10,8,,
06-10-2020,94,84,19,8,,
07-10-2020,116,106,20,9,,
08-10-2020,135,93,15,9,,
09-10-2020,125,115,18,9,,
10-10-2020,144,118,21,9,,
11-10-2020,145,106,21,9,,
12-10-2020,143,89,20,9,,
13-10-2020,138,83,16,8,,
14-10-2020,132,78,20,6,,
15-10-2020,135,98,22,6,,
16-10-2020,150,114,22,6,,
17-10-2020,156,182,27,6,,
18-10-2020,177,241,32,7,,
19-10-2020,186,185,28,7,,
20-10-2020,176,148,33,7,,
21-10-2020,171,134,37,7,,
22-10-2020,169,123,25,7,,
23-10-2020,157,144,26,8,,
24-10-2020,165,189,28,8,,
25-10-2020,174,157,42,7,,
26-10-2020,165,157,9,8,,
27-10-2020,172,181,21,8,,
28-10-2020,178,189,22,8,,
29-10-2020,177,169,21,8,,
30-10-2020,167,201,24,8,,
31-10-2020,174,204,33,8,,
01-11-2020,187,216,29,8,,
02-11-2020,194,152,26,10,,
03-11-2020,172,168,24,13,,
04-11-2020,169,195,29,13,,
05-11-2020,178,278,30,13,,
06-11-2020,209,186,24,12,,
07-11-2020,190,229,26,12,,
08-11-2020,216,229,22,12,,
09-11-2020,217,159,17,11,,
10-11-2020,173,98,24,18,,
11-11-2020,139,113,26,21,,
12-11-2020,152,164,29,18,,
13-11-2020,178,207,33,18,,
14-11-2020,208,156,34,19,,
15-11-2020,198,118,21,16,,
16-11-2020,148,122,34,19,,
17-11-2020,160,113,32,19,,
18-11-2020,172,92,42,11,,
19-11-2020,152,90,46,12,,
20-11-2020,152,138,48,16,,
21-11-2020,166,130,52,19,,
22-11-2020,160,156,73,31,,
23-11-2020,182,188,80,33,,
24-11-2020,204,159,74,29,,
25-11-2020,202,173,62,30,,
26-11-2020,203,209,31,40,,
27-11-2020,242,163,56,35,,
28-11-2020,190,178,75,33,,
29-11-2020,181,171,91,35,,
30-11-2020,195,143,101,40,,
01-12-2020,183,203,78,43,,
02-12-2020,215,232,76,41,,
03-12-2020,230,215,78,40,,
04-12-2020,240,245,90,46,,
05-12-2020,237,186,82,41,,
06-12-2020,215,178,62,39,,
07-12-2020,199,214,69,37,,
08-12-2020,250,185,38,39,,
09-12-2020,211,148,81,29,,
10-12-2020,200,145,82,33,,
11-12-2020,197,175,44,35,,
12-12-2020,217,117,43,27,,
13-12-2020,169,126,43,32,,
14-12-2020,155,200,34,34,,
15-12-2020,202,109,18,29,,
16-12-2020,162,113,46,28,,
17-12-2020,161,144,52,34,,
18-12-2020,177,163,64,39,,
19-12-2020,193,287,50,40,,
20-12-2020,288,229,53,38,,
21-12-2020,261,240,63,33,,
22-12-2020,246,241,66,35,,
23-12-2020,266,258,72,37,,
24-12-2020,286,209,49,39,,
25-12-2020,236,192,77,41,,
26-12-2020,204,216,76,38,,
27-12-2020,236,216,85,35,,
28-12-2020,242,173,42,36,,
29-12-2020,206,155,55,34,,
30-12-2020,169,157,57,33,,
31-12-2020,184,159,82,34,,
01-01-2021,,175,66,40,,
02-01-2021,,144,192,35,,
03-01-2021,,135,133,25,,
04-01-2021,188,,30,36,,
05-01-2021,228,,44,31,,
06-01-2021,227,,51,32,,
07-01-2021,167,,45,28,,
08-01-2021,166,,27,31,,
09-01-2021,163,,47,25,,
10-01-2021,155,,59,28,,
11-01-2021,154,,51,29,,
12-01-2021,170,,77,35,,
13-01-2021,170,,37,30,,
14-01-2021,186,,46,25,,
15-01-2021,173,,33,24,,
16-01-2021,172,,37,23,,
17-01-2021,167,,60,30,,
18-01-2021,185,,55,39,,
19-01-2021,247,,36,39,,
20-01-2021,266,,60,35,,
21-01-2021,204,,30,27,,
22-01-2021,209,,55,32,,
23-01-2021,200,,37,25,,
24-01-2021,214,,16,26,,
25-01-2021,194,,24,19,,
26-01-2021,181,,44,29,,
27-01-2021,216,,48,38,,
28-01-2021,261,,32,25,,
29-01-2021,193,,48,25,,
30-01-2021,185,,69,34,,
31-01-2021,192,,62,33,,
01-02-2021,240,,79,38,,
02-02-2021,213,,80,36,,
03-02-2021,211,,92,29,,
04-02-2021,198,,61,20,,
05-02-2021,165,,47,23,,
06-02-2021,141,,62,22,,
07-02-2021,155,,69,25,,
08-02-2021,170,,78,28,,
09-02-2021,182,,82,30,,
10-02-2021,201,,82,28,,
11-02-2021,208,,68,30,,
12-02-2021,200,,83,28,,
13-02-2021,205,,83,25,,
14-02-2021,191,,85,27,,
15-02-2021,187,,75,26,,
16-02-2021,188,,75,23,,
17-02-2021,157,,71,17,,
18-02-2021,134,,70,23,,
19-02-2021,156,,80,36,,
20-02-2021,187,,81,36,,
21-02-2021,176,,107,42,,
22-02-2021,172,,66,43,,
23-02-2021,172,,58,51,,
24-02-2021,155,,47,47,,
25-02-2021,149,,43,38,,
26-02-2021,152,,44,34,,
27-02-2021,150,,52,21,,
28-02-2021,167,,93,23,,
01-03-2021,178,,62,18,,
02-03-2021,145,,67,25,,
03-03-2021,162,,58,33,,
04-03-2021,162,,42,34,,
05-03-2021,165,,58,23,,
06-03-2021,167,,98,29,,
07-03-2021,174,,67,15,,
08-03-2021,177,,68,20,,
09-03-2021,192,,67,26,,
10-03-2021,205,,69,25,,
11-03-2021,187,,49,22,,
12-03-2021,163,102,60,13,,
13-03-2021,131,130,59,20,,
14-03-2021,156,157,60,22,,
15-03-2021,176,255,107,22,,
16-03-2021,192,232,34,22,12,
17-03-2021,183,189,41,22,11,
18-03-2021,176,178,49,20,5,
19-03-2021,188,163,67,21,5,
20-03-2021,155,156,57,42,7,
21-03-2021,166,164,77,49,6,
22-03-2021,157,164,93,36,6,
23-03-2021,171,157,50,23,6,
24-03-2021,135,159,70,28,5,
25-03-2021,143,124,65,31,5,
26-03-2021,128,108,82,39,4,
27-03-2021,129,123,116,37,4,
28-03-2021,151,157,53,50,4,
29-03-2021,233,144,58,24,3,
30-03-2021,136,140,72,17,3,
31-03-2021,112,110,80,23,3,
01-04-2021,116,132,83,30,7,
02-04-2021,140,153,95,30,11,
03-04-2021,140,127,80,30,11,
04-04-2021,126,140,76,32,13,
05-04-2021,142,147,79,20,10,
06-04-2021,154,117,83,17,11,
07-04-2021,149,188,69,21,10,
08-04-2021,149,167,53,37,11,
09-04-2021,138,164,96,35,11,
10-04-2021,151,154,99,38,11,
11-04-2021,154,149,81,26,11,
12-04-2021,129,159,70,32,13,
13-04-2021,150,146,58,32,13,
14-04-2021,141,157,47,29,13,
15-04-2021,144,157,65,32,14,
16-04-2021,143,167,103,24,13,
17-04-2021,167,93,83,15,11,
18-04-2021,95,107,54,22,15,
19-04-2021,100,121,68,29,18,
20-04-2021,138,121,81,27,16,
21-04-2021,167,129,73,21,15,
22-04-2021,132,161,83,31,16,
23-04-2021,192,135,52,28,17,
24-04-2021,221,108,68,15,14,
25-04-2021,169,113,79,30,13,
26-04-2021,138,131,67,39,15,
27-04-2021,211,154,104,47,19,
28-04-2021,210,170,77,24,13,
29-04-2021,169,93,53,17,12,
30-04-2021,123,99,75,13,11,
01-05-2021,159,95,53,3,11,
02-05-2021,154,90,43,2,10,
03-05-2021,131,83,8,1,11,
04-05-2021,128,68,5,1,11,
05-05-2021,101,66,17,,11,
06-05-2021,102,70,5,,11,
07-05-2021,97,77,87,28,11,
08-05-2021,117,75,63,23,11,
09-05-2021,94,78,5,11,11,
10-05-2021,101,74,2,8,11,
11-05-2021,104,73,15,6,11,
12-05-2021,107,43,4,424,11,
13-05-2021,85,104,2,,11,
14-05-2021,145,129,2,,11,
15-05-2021,161,124,2,,11,
16-05-2021,157,124,2,,11,
17-05-2021,141,65,1,,11,
18-05-2021,143,42,26,,10,
19-05-2021,80,17,15,,11,
20-05-2021,52,50,23,,11,
21-05-2021,87,111,32,,11,
22-05-2021,127,130,51,,11,
23-05-2021,131,172,52,,11,
24-05-2021,143,84,81,,12,
25-05-2021,117,45,29,,11,
26-05-2021,52,23,2,,10,
27-05-2021,46,13,2,,10,
28-05-2021,28,27,2,,10,
29-05-2021,42,62,2,,11,
30-05-2021,97,91,31,,11,
31-05-2021,131,65,34,,10,
01-06-2021,106,89,37,,11,
02-06-2021,92,103,62,,10,
03-06-2021,126,114,43,,11,
04-06-2021,127,105,21,,11,
05-06-2021,117,98,8,,11,
06-06-2021,113,115,33,,11,
07-06-2021,123,125,43,,8,
08-06-2021,116,86,64,57,7,
09-06-2021,107,97,40,28,7,
10-06-2021,123,75,39,24,8,
11-06-2021,110,32,24,48,7,
12-06-2021,42,28,19,49,8,
13-06-2021,51,35,23,51,8,
14-06-2021,52,27,8,32,7,
15-06-2021,52,40,20,33,7,
16-06-2021,59,21,17,115,8,
17-06-2021,45,25,94,78,9,
18-06-2021,39,20,2,,11,
19-06-2021,37,43,3,,11,
20-06-2021,64,57,16,,11,
21-06-2021,72,75,13,,11,
22-06-2021,85,46,8,,11,
23-06-2021,83,55,13,,11,
24-06-2021,68,53,12,,8,
25-06-2021,66,24,10,,7,
26-06-2021,51,43,6,,7,
27-06-2021,68,95,12,,8,
28-06-2021,120,100,9,,7,
29-06-2021,128,124,12,,7,
30-06-2021,89,83,16,,7,
01-07-2021,74,82,9,,7,
02-07-2021,90,81,22,,7,
03-07-2021,86,77,33,,8,
04-07-2021,84,81,33,,6,
05-07-2021,86,56,17,,9,
06-07-2021,57,94,37,,7,
07-07-2021,104,64,29,,7,
08-07-2021,92,41,30,,8,
09-07-2021,64,59,24,,7,
10-07-2021,113,54,21,,8,
11-07-2021,93,47,24,,7,
12-07-2021,61,40,27,,7,
13-07-2021,49,52,27,,8,
14-07-2021,57,40,28,,6,
15-07-2021,45,64,30,,7,
16-07-2021,81,62,3,,7,
17-07-2021,78,35,2,,7,
18-07-2021,49,44,5,,10,
19-07-2021,68,35,2,,7,
20-07-2021,53,26,11,,7,
21-07-2021,49,45,16,,7,
22-07-2021,83,41,19,,7,
23-07-2021,63,22,14,,7,
24-07-2021,32,42,20,,6,
25-07-2021,66,56,11,,7,
26-07-2021,47,33,17,,7,
27-07-2021,38,36,9,,8,
28-07-2021,45,37,9,,7,
29-07-2021,34,38,11,,7,
30-07-2021,49,13,10,,7,
31-07-2021,32,26,8,,8,
01-08-2021,42,52,12,,6,
02-08-2021,52,55,11,,6,
03-08-2021,32,69,12,,7,
04-08-2021,42,54,16,,7,
05-08-2021,42,48,13,,9,
06-08-2021,53,51,14,,6,
07-08-2021,50,39,13,,6,
08-08-2021,44,29,10,,7,
09-08-2021,35,35,17,,7,
10-08-2021,29,42,19,,10,
11-08-2021,47,55,16,,7,
12-08-2021,72,85,11,,7,
13-08-2021,85,85,14,,14,
14-08-2021,86,83,18,,6,
15-08-2021,81,,,,,
19-08-2021,,30,19,,1,
20-08-2021,22,31,15,,1,
21-08-2021,61,46,14,,2,
22-08-2021,62,45,11,,4,
23-08-2021,61,53,18,,8,
24-08-2021,66,52,15,,7,
25-08-2021,65,61,13,,7,
26-08-2021,72,65,19,,7,
27-08-2021,76,56,18,,9,
28-08-2021,83,42,15,,11,
29-08-2021,63,30,16,,10,
30-08-2021,36,42,14,8,19,9
31-08-2021,52,56,22,12,8,7
01-09-2021,75,65,22,13,11,6
02-09-2021,87,63,18,12,11,6
03-09-2021,105,52,19,12,10,5
04-09-2021,62,62,20,13,11,7
05-09-2021,102,68,20,10,9,5
06-09-2021,126,36,13,7,10,2
07-09-2021,39,29,12,9,9,6
08-09-2021,49,46,15,15,7,4
09-09-2021,63,51,14,9,6,5
10-09-2021,74,44,12,8,7,4
11-09-2021,60,41,12,8,7,2
12-09-2021,41,26,32,7,8,4
13-09-2021,32,25,10,7,8,5
14-09-2021,17,15,9,6,5,3
15-09-2021,23,28,7,10,5,3
16-09-2021,38,34,6,10,6,4
17-09-2021,57,48,14,11,5,3
18-09-2021,68,77,15,13,5,3
19-09-2021,110,49,12,9,5,3
20-09-2021,80,47,14,8,5,3
21-09-2021,62,50,14,8,5,3
22-09-2021,79,36,11,7,4,3
23-09-2021,50,39,12,8,5,3
24-09-2021,70,51,17,9,5,3
25-09-2021,59,55,14,8,4,3
26-09-2021,84,42,17,7,5,3
27-09-2021,58,44,13,7,5,3
28-09-2021,51,40,12,7,5,3
29-09-2021,43,30,11,6,4,3
30-09-2021,29,18,7,7,6,4
01-10-2021,32,30,7,10,9,2
02-10-2021,32,55,13,13,9,4
03-10-2021,68,44,17,12,11,7
04-10-2021,44,61,16,11,9,6
05-10-2021,78,75,20,14,9,6
06-10-2021,108,81,17,15,9,6
07-10-2021,115,92,24,17,9,6
08-10-2021,138,109,28,18,9,6
09-10-2021,163,113,29,21,8,5
10-10-2021,171,96,33,22,13,9
11-10-2021,144,84,31,19,9,6
12-10-2021,121,84,30,19,9,6
13-10-2021,117,67,30,18,9,6
14-10-2021,113,68,29,15,8,6
15-10-2021,122,66,19,15,8,6
16-10-2021,106,33,16,12,8,5
17-10-2021,56,20,11,9,7,4
18-10-2021,27,30,11,11,7,5
19-10-2021,42,48,25,16,7,4
20-10-2021,81,62,28,19,6,4
21-10-2021,104,65,24,20,7,4
22-10-2021,93,66,28,20,7,5
23-10-2021,97,87,34,19,8,5
24-10-2021,143,77,27,16,7,4
25-10-2021,133,58,27,17,7,4
26-10-2021,100,63,28,17,8,5
27-10-2021,95,74,32,20,7,5
28-10-2021,121,81,38,24,6,3
29-10-2021,137,75,32,22,7,4
30-10-2021,140,75,34,22,7,4
31-10-2021,133,94,34,27,8,5
01-11-2021,149,81,37,27,8,5
02-11-2021,136,86,41,26,7,5
03-11-2021,149,148,35,29,7,5
04-11-2021,159,113,34,25,11,8
05-11-2021,174,89,30,23,9,6
06-11-2021,152,103,40,24,9,5
07-11-2021,176,163,41,28,8,5
08-11-2021,234,146,41,31,9,6
09-11-2021,222,123,38,28,8,5
10-11-2021,211,111,33,27,8,5
11-11-2021,194,94,37,33,8,5
12-11-2021,172,108,43,37,10,7
13-11-2021,185,108,41,24,8,5
14-11-2021,187,115,41,30,8,5
15-11-2021,177,111,42,28,8,5
16-11-2021,182,104,35,27,9,6
17-11-2021,172,99,37,25,9,6
18-11-2021,171,126,40,27,9,6
19-11-2021,191,122,29,23,7,5
20-11-2021,175,112,36,30,8,5
21-11-2021,167,107,36,24,8,5
22-11-2021,160,98,32,25,9,6
23-11-2021,148,92,44,34,7,3
24-11-2021,145,106,48,42,8,2
25-11-2021,164,126,46,39,7,2
26-11-2021,186,127,47,35,8,2
27-11-2021,186,143,33,38,9,3
28-11-2021,196,115,29,35,7,2
29-11-2021,160,136,34,37,8,2
30-11-2021,168,145,38,32,11,6
01-12-2021,175,164,25,34,10,7
02-12-2021,184,148,27,31,9,6
03-12-2021,177,125,21,24,9,6
04-12-2021,169,113,33,25,9,6
05-12-2021,158,102,33,26,8,6
06-12-2021,139,95,22,25,9,6
07-12-2021,136,91,30,24,10,6
08-12-2021,160,112,31,27,9,6
09-12-2021,152,117,22,38,9,6
10-12-2021,152,105,28,35,11,7
11-12-2021,145,105,34,39,12,8
12-12-2021,145,126,37,39,11,7
13-12-2021,159,125,37,41,12,8
14-12-2021,163,131,32,38,10,7
15-12-2021,168,125,31,38,11,7
16-12-2021,149,119,25,37,11,8
17-12-2021,151,91,27,28,10,7
18-12-2021,113,73,31,30,11,7
19-12-2021,124,88,30,35,10,7
20-12-2021,148,95,33,36,10,6
21-12-2021,159,100,33,33,12,8
22-12-2021,160,100,47,39,11,7
23-12-2021,162,102,46,38,10,6
24-12-2021,164,93,39,40,9,6
25-12-2021,165,102,38,39,9,6
26-12-2021,171,88,35,33,10,6
27-12-2021,161,68,28,27,9,6
28-12-2021,134,55,10,24,9,6
29-12-2021,110,35,15,23,9,6
30-12-2021,71,50,17,24,8,5
31-12-2021,100,74,17,23,11,7
01-01-2022,146,104,15,24,10,6
02-01-2022,180,103,25,31,10,4
03-01-2022,179,99,39,33,9,3
04-01-2022,170,80,16,20,8,2
05-01-2022,157,82,15,20,13,4
06-01-2022,160,93,59,23,9,3
07-01-2022,151,61,19,20,9,4
08-01-2022,174,49,8,15,9,6
09-01-2022,105,40,22,16,10,6
10-01-2022,83,58,12,15,8,6
11-01-2022,116,52,21,14,8,5
12-01-2022,95,57,31,16,9,5
13-01-2022,105,60,38,14,8,5
14-01-2022,119,62,37,13,7,5
15-01-2022,129,62,33,13,8,5
16-01-2022,125,72,27,13,10,6
17-01-2022,145,84,26,16,9,6
18-01-2022,161,87,21,14,9,6
19-01-2022,157,100,14,15,9,6
20-01-2022,167,97,36,16,9,6
21-01-2022,152,98,26,14,15,6
22-01-2022,160,59,20,6,8,2
23-01-2022,103,53,2,5,8,2
24-01-2022,89,76,4,7,8,2
25-01-2022,100,62,2,7,8,2
26-01-2022,84,77,28,8,11,7
27-01-2022,110,74,31,10,9,5
28-01-2022,110,70,37,10,9,6
29-01-2022,106,70,36,8,12,8
30-01-2022,91,92,31,6,8,5
31-01-2022,151,92,27,13,8,5
01-02-2022,189,86,45,9,12,6
02-02-2022,137,85,42,5,10,7
03-02-2022,142,69,25,7,10,6
04-02-2022,106,65,27,14,11,7
05-02-2022,94,62,37,18,10,6
06-02-2022,96,82,31,21,10,7
07-02-2022,273,77,51,20,8,5
08-02-2022,117,77,39,17,6,4
09-02-2022,123,71,29,17,11,5
10-02-2022,112,62,36,17,8,5
11-02-2022,79,66,39,19,7,5
12-02-2022,83,73,42,19,9,6
13-02-2022,92,85,53,22,8,5
14-02-2022,116,95,43,22,14,10
15-02-2022,127,88,43,20,8,6
16-02-2022,120,80,40,20,10,7
17-02-2022,103,72,35,19,10,6
18-02-2022,82,76,38,19,10,6
19-02-2022,89,71,32,16,22,5
20-02-2022,88,76,36,21,10,7
21-02-2022,86,81,50,17,11,8
22-02-2022,90,69,53,14,9,6
23-02-2022,90,75,38,15,9,6
24-02-2022,109,94,41,20,22,7
25-02-2022,126,94,45,20,18,12
26-02-2022,123,65,45,17,16,7
27-02-2022,90,69,37,18,19,6
28-02-2022,89,72,45,20,17,5
01-03-2022,90,76,44,23,16,5
02-03-2022,97,80,50,21,18,6
03-03-2022,107,83,39,21,20,6
04-03-2022,103,74,41,20,16,5
05-03-2022,92,71,56,19,22,8
06-03-2022,81,85,35,18,18,5
07-03-2022,115,80,26,20,13,4
08-03-2022,121,72,29,23,8,2
09-03-2022,97,76,25,16,13,5
10-03-2022,97,74,20,23,13,6
11-03-2022,91,73,26,20,11,3
12-03-2022,85,75,27,19,13,4
13-03-2022,98,90,24,20,12,4
14-03-2022,105,95,31,25,14,4
15-03-2022,111,87,26,22,16,4
16-03-2022,109,80,31,22,12,4
17-03-2022,108,95,28,18,11,3
18-03-2022,142,84,34,22,16,5
19-03-2022,132,87,26,22,13,4
20-03-2022,127,84,18,23,14,5
21-03-2022,105,81,24,28,12,4
22-03-2022,87,81,20,24,12,4
23-03-2022,88,84,19,25,24,7
24-03-2022,122,80,18,22,13,4
25-03-2022,83,81,18,20,11,3
26-03-2022,80,80,19,25,19,9
27-03-2022,79,85,31,27,12,4
28-03-2022,92,88,30,25,23,5
29-03-2022,95,82,36,34,10,3
30-03-2022,104,79,35,22,12,4
31-03-2022,99,88,33,26,14,6
01-04-2022,95,82,38,23,12,4
02-04-2022,96,84,37,27,13,4
03-04-2022,98,82,21,38,19,6
04-04-2022,72,93,31,38,25,8
05-04-2022,92,89,31,33,20,7
06-04-2022,87,90,35,21,19,6
07-04-2022,86,90,33,26,24,8
08-04-2022,83,95,40,21,26,10
09-04-2022,134,79,35,18,10,3
10-04-2022,110,76,43,33,10,3
11-04-2022,77,71,50,21,30,4
12-04-2022,79,130,42,21,14,4
13-04-2022,92,102,23,22,17,6
14-04-2022,92,94,32,19,26,8
15-04-2022,68,91,29,24,29,10
16-04-2022,73,95,35,22,28,9
17-04-2022,77,85,41,22,30,9
18-04-2022,76,94,38,19,22,9
19-04-2022,100,131,33,18,18,6
20-04-2022,91,69,49,22,15,5
21-04-2022,55,78,32,26,22,10
22-04-2022,70,87,28,23,15,4
23-04-2022,75,85,36,15,12,4
24-04-2022,69,86,33,20,16,4
25-04-2022,68,93,39,17,12,3
26-04-2022,81,98,34,29,16,4
27-04-2022,86,103,55,23,16,4
28-04-2022,113,105,47,20,14,3
29-04-2022,122,105,38,19,13,3
30-04-2022,81,65,39,22,11,2
01-05-2022,54,67,44,18,9,2
02-05-2022,61,56,45,23,12,3
03-05-2022,56,48,37,17,10,2
04-05-2022,54,55,29,13,9,2
05-05-2022,42,58,34,27,11,3
06-05-2022,64,57,36,23,10,2
07-05-2022,65,57,34,12,8,1
08-05-2022,71,57,32,17,11,2
09-05-2022,66,44,29,17,9,2
10-05-2022,44,44,30,25,9,2
11-05-2022,52,40,29,16,12,3
12-05-2022,56,53,32,18,9,2
13-05-2022,72,61,33,13,13,3
14-05-2022,65,59,39,11,9,2
15-05-2022,67,67,22,16,13,3
16-05-2022,67,75,24,17,10,2
17-05-2022,70,72,30,11,10,2
18-05-2022,75,82,22,15,9,2
19-05-2022,79,79,35,10,10,2
20-05-2022,73,83,25,12,9,2
21-05-2022,64,73,34,14,8,2
22-05-2022,49,50,36,18,8,3
23-05-2022,46,44,28,20,6,7
24-05-2022,59,45,28,21,7,5
25-05-2022,45,59,37,28,13,3
26-05-2022,59,70,41,37,9,2
27-05-2022,67,48,37,26,8,3
28-05-2022,82,52,36,21,9,2
29-05-2022,54,56,40,16,8,2
30-05-2022,61,68,33,15,7,7
31-05-2022,68,64,31,20,9,2
01-06-2022,63,78,39,21,7,2
02-06-2022,72,74,37,28,10,3
03-06-2022,71,79,41,37,11,3
04-06-2022,77,70,43,24,15,5
05-06-2022,66,66,38,22,12,4
06-06-2022,65,74,31,21,9,3
07-06-2022,77,77,28,31,7,5
08-06-2022,91,78,24,28,11,3
09-06-2022,85,63,31,18,9,2
10-06-2022,67,79,25,24,11,7
11-06-2022,80,77,21,26,11,3
12-06-2022,79,67,22,22,10,4
13-06-2022,73,60,22,25,11,3
14-06-2022,62,69,20,23,9,2
15-06-2022,66,34,19,20,8,4
16-06-2022,43,29,23,18,11,4
17-06-2022,46,36,18,18,10,3
18-06-2022,48,23,17,21,16,13
19-06-2022,36,28,19,21,11,3
20-06-2022,40,28,23,18,7,2
21-06-2022,44,32,28,15,14,5
22-06-2022,58,34,20,18,8,2
23-06-2022,66,34,21,19,12,4
24-06-2022,75,32,19,23,9,2
25-06-2022,57,39,20,21,4,
26-06-2022,71,44,24,21,5,1
27-06-2022,73,43,16,23,6,1
28-06-2022,69,16,13,18,5,6
29-06-2022,40,14,13,18,8,5
30-06-2022,35,35,14,21,10,7
01-07-2022,71,26,12,19,8,5
02-07-2022,49,24,10,20,8,7
03-07-2022,54,28,16,17,9,6
04-07-2022,62,33,19,17,7,4
05-07-2022,67,29,15,16,15,4
06-07-2022,35,21,16,14,9,2
07-07-2022,32,28,16,12,10,4
08-07-2022,40,29,15,7,13,5
09-07-2022,42,27,16,6,11,12
10-07-2022,37,24,14,13,9,4
11-07-2022,30,27,15,16,20,7
12-07-2022,34,39,14,16,7,2
13-07-2022,40,43,14,13,17,6
14-07-2022,28,43,13,13,21,10
15-07-2022,38,35,19,14,16,6
16-07-2022,44,33,14,13,13,5
17-07-2022,35,38,12,14,13,4
18-07-2022,45,46,16,19,10,2
19-07-2022,61,33,14,16,16,5
20-07-2022,41,16,9,14,20,5
21-07-2022,26,32,12,13,14,3
22-07-2022,66,30,14,12,30,9
23-07-2022,53,32,15,14,15,5
24-07-2022,51,19,14,12,12,13
25-07-2022,46,29,12,15,5,4
26-07-2022,54,36,16,18,7,3
27-07-2022,55,35,11,17,7,2
28-07-2022,50,33,12,14,10,2
29-07-2022,53,35,6,13,15,2
30-07-2022,50,39,9,12,17,3
31-07-2022,51,45,11,14,14,6
01-08-2022,63,41,11,13,16,6
02-08-2022,61,43,19,12,23,9
03-08-2022,70,34,16,12,18,4
04-08-2022,66,36,17,12,19,4
05-08-2022,69,43,13,13,27,10
06-08-2022,78,35,18,11,18,10
07-08-2022,65,31,16,10,15,5
08-08-2022,47,30,19,10,15,3
09-08-2022,45,33,16,10,12,3
10-08-2022,39,21,12,11,24,16
11-08-2022,30,21,15,11,23,8
12-08-2022,37,37,18,12,18,5
13-08-2022,70,20,16,10,14,5
14-08-2022,30,18,12,10,16,11
15-08-2022,21,29,17,13,12,3
16-08-2022,39,36,12,14,12,5
17-08-2022,56,42,10,14,14,4
18-08-2022,55,44,10,10,6,2
19-08-2022,53,21,15,7,9,4
20-08-2022,31,27,15,12,18,10
21-08-2022,42,27,13,14,14,6
22-08-2022,51,38,20,16,11,6
23-08-2022,52,23,16,14,15,5
24-08-2022,47,19,16,14,6,2
25-08-2022,43,32,8,14,9,2
26-08-2022,59,45,12,13,16,4
27-08-2022,75,30,12,12,18,5
28-08-2022,65,34,16,12,12,4
29-08-2022,71,41,15,17,12,4
30-08-2022,74,49,13,21,9,3
31-08-2022,94,43,13,12,7,2
01-09-2022,68,48,12,14,8,3
02-09-2022,73,39,11,12,8,3
03-09-2022,64,34,16,12,10,3
04-09-2022,51,39,14,12,7,3
05-09-2022,59,47,15,9,6,2
06-09-2022,68,45,16,8,10,4
07-09-2022,89,47,20,11,11,4
08-09-2022,97,35,18,11,7,3
09-09-2022,71,35,17,11,7,2
10-09-2022,67,28,13,10,13,3
11-09-2022,52,18,10,10,10,2
12-09-2022,29,15,10,9,10,2
13-09-2022,38,22,9,8,9,2
14-09-2022,49,30,7,10,13,4
15-09-2022,51,29,8,10,10,2
16-09-2022,47,39,12,9,9,2
17-09-2022,62,27,13,9,18,5
18-09-2022,49,34,15,8,12,3
19-09-2022,66,24,16,7,9,2
20-09-2022,54,19,11,8,11,3
21-09-2022,38,33,15,8,13,3
22-09-2022,64,45,15,12,10,2
23-09-2022,81,36,14,16,9,2
24-09-2022,54,48,14,13,14,5
25-09-2022,76,45,13,13,11,2
26-09-2022,72,45,14,14,10,2
27-09-2022,74,55,15,15,20,6
28-09-2022,93,61,21,16,14,3
29-09-2022,98,64,26,16,13,4
30-09-2022,98,58,16,16,21,13
01-10-2022,100,63,19,16,11,4
02-10-2022,,67,19,16,15,4
03-10-2022,101,23,12,12,15,4
04-10-2022,45,19,8,13,19,5
05-10-2022,39,24,8,12,12,5
06-10-2022,43,30,10,14,18,10
07-10-2022,46,35,16,15,12,4
08-10-2022,60,51,23,18,8,10
09-10-2022,88,28,16,15,13,3
10-10-2022,39,26,8,20,9,3
11-10-2022,33,39,13,18,17,7
12-10-2022,60,62,15,18,15,6
13-10-2022,77,61,16,13,11,4
14-10-2022,81,67,17,14,9,3
15-10-2022,96,70,21,15,18,9
16-10-2022,104,,,,,
23-10-2022,,64,6,8,16,6
24-10-2022,130,71,23,9,16,6
25-10-2022,132,75,27,11,15,5
26-10-2022,138,112,27,14,12,4
27-10-2022,157,92,29,16,13,5
28-10-2022,134,76,25,17,14,5
29-10-2022,141,78,22,16,15,5
30-10-2022,151,62,19,17,12,4
31-10-2022,121,66,19,17,15,5
01-11-2022,132,67,19,21,15,5
02-11-2022,128,74,17,22,13,4
03-11-2022,123,91,25,22,12,4
04-11-2022,151,79,22,19,12,4
05-11-2022,145,81,24,23,11,4
06-11-2022,148,78,23,28,12,4
07-11-2022,143,61,24,28,12,4
08-11-2022,115,58,21,27,13,5
09-11-2022,105,65,21,24,16,6
10-11-2022,127,81,24,25,15,5
11-11-2022,161,59,18,25,14,5
12-11-2022,122,53,21,26,17,6
13-11-2022,109,59,22,27,15,5
14-11-2022,121,66,23,20,15,5
15-11-2022,139,54,20,20,14,5
16-11-2022,106,56,38,21,17,6
17-11-2022,110,53,19,23,14,5
18-11-2022,110,60,22,26,13,4
19-11-2022,126,62,26,26,17,6
20-11-2022,137,64,23,29,14,4
21-11-2022,136,59,22,29,12,4
22-11-2022,121,62,23,30,15,5
23-11-2022,125,60,22,32,13,4
24-11-2022,126,64,24,23,13,4
25-11-2022,130,64,25,8,14,5
26-11-2022,135,68,26,12,13,4
27-11-2022,144,79,25,13,14,5
28-11-2022,160,77,23,14,16,5
29-11-2022,153,67,22,15,13,4
30-11-2022,151,64,21,15,13,4
01-12-2022,145,58,21,16,15,5
02-12-2022,133,55,20,17,13,4
03-12-2022,128,54,18,17,12,4
04-12-2022,130,59,20,18,17,6
05-12-2022,139,60,17,19,14,5
06-12-2022,140,52,18,21,11,4
07-12-2022,117,56,25,26,11,4
08-12-2022,119,68,40,25,18,8
09-12-2022,149,63,24,26,15,5
10-12-2022,141,55,21,27,12,4
11-12-2022,131,49,19,24,18,8
12-12-2022,109,40,12,20,15,6
13-12-2022,81,33,15,19,11,3
14-12-2022,68,38,16,19,18,11
15-12-2022,77,43,20,20,11,4
16-12-2022,93,51,23,22,10,3
17-12-2022,115,60,24,24,15,7
18-12-2022,142,62,21,24,13,2
19-12-2022,147,66,13,23,12,2
20-12-2022,156,62,17,22,17,2
21-12-2022,148,54,14,26,11,2
22-12-2022,124,52,27,20,9,1
23-12-2022,116,48,21,16,14,2
24-12-2022,109,47,1,18,10,2
25-12-2022,118,57,18,19,9,1
26-12-2022,136,48,18,18,13,2
27-12-2022,108,47,15,19,10,1
28-12-2022,105,60,17,17,12,2
29-12-2022,115,91,20,16,15,2
30-12-2022,155,96,19,16,9,1
31-12-2022,174,64,5,13,10,2
01-01-2023,130,54,11,10,14,2
02-01-2023,119,45,12,10,14,2
03-01-2023,96,53,12,10,13,2
04-01-2023,119,56,10,10,16,2
05-01-2023,132,58,14,10,13,2
06-01-2023,133,52,16,12,11,2
07-01-2023,120,61,15,13,15,2
08-01-2023,147,57,9,12,14,2
09-01-2023,142,53,22,11,12,2
10-01-2023,133,43,13,10,20,3
11-01-2023,111,50,24,11,18,2
12-01-2023,118,54,28,11,16,2
13-01-2023,129,54,23,14,16,2
14-01-2023,122,41,26,9,12,2
15-01-2023,87,42,29,12,13,2
16-01-2023,90,62,30,14,14,2
17-01-2023,130,59,22,16,13,2
18-01-2023,146,52,35,15,11,2
19-01-2023,116,62,34,14,13,2
20-01-2023,130,42,22,11,8,1
21-01-2023,96,54,20,14,8,1
22-01-2023,126,45,10,12,11,2
23-01-2023,100,43,26,10,10,1
24-01-2023,100,64,26,10,11,2
25-01-2023,133,27,19,11,16,2
26-01-2023,60,32,20,11,10,2
27-01-2023,78,34,27,13,11,2
28-01-2023,77,49,37,16,12,2
29-01-2023,109,45,22,14,13,2
30-01-2023,100,30,13,12,13,2
31-01-2023,70,23,13,11,12,2
01-02-2023,56,31,18,13,10,1
02-02-2023,69,31,19,14,8,1
03-02-2023,70,33,19,14,9,1
04-02-2023,68,30,20,15,8,2
05-02-2023,69,53,21,17,8,1
06-02-2023,75,37,12,17,9,1
07-02-2023,100,39,17,13,8,1
08-02-2023,90,40,25,12,10,3
09-02-2023,81,57,21,16,14,6
10-02-2023,124,53,17,17,11,5
11-02-2023,100,39,14,12,12,5
12-02-2023,72,33,19,12,13,5
13-02-2023,63,50,22,15,11,4
14-02-2023,89,65,24,14,10,4
15-02-2023,116,72,30,18,7,3
16-02-2023,124,59,30,17,5,2
17-02-2023,105,58,28,15,7,3
18-02-2023,105,63,24,17,6,2
19-02-2023,115,56,22,16,6,2
20-02-2023,102,45,24,19,8,3
21-02-2023,83,38,18,17,7,3
22-02-2023,69,38,18,16,7,2
23-02-2023,69,44,23,16,9,4
24-02-2023,72,47,24,17,7,3
25-02-2023,77,50,29,17,7,2
26-02-2023,85,47,24,18,9,3
27-02-2023,79,55,19,17,8,3
28-02-2023,94,48,22,17,8,3
01-03-2023,80,45,18,15,9,4
02-03-2023,75,39,18,13,8,3
03-03-2023,65,39,17,13,7,3
04-03-2023,65,32,16,13,11,4
05-03-2023,55,31,18,13,8,3
06-03-2023,55,47,20,13,9,4
07-03-2023,77,48,21,11,10,4
08-03-2023,77,39,21,11,9,3
09-03-2023,65,36,25,11,9,4
10-03-2023,62,39,20,13,9,4
11-03-2023,64,56,12,16,9,4
12-03-2023,126,47,23,14,9,3
13-03-2023,78,50,23,15,11,4
14-03-2023,82,47,21,15,9,4
15-03-2023,78,45,23,15,9,4
16-03-2023,74,39,23,10,10,4
17-03-2023,66,48,28,9,10,4
18-03-2023,76,26,24,6,25,14
19-03-2023,50,17,16,5,12,5
20-03-2023,33,35,21,5,9,3
21-03-2023,66,24,18,6,9,3
22-03-2023,52,36,18,7,10,4
23-03-2023,71,45,21,12,9,4
24-03-2023,89,47,23,14,11,5
25-03-2023,92,36,19,11,12,5
26-03-2023,73,29,16,11,12,5
27-03-2023,72,41,16,13,13,5
28-03-2023,104,44,17,14,11,5
29-03-2023,105,53,19,14,12,5
30-03-2023,107,34,19,10,13,5
31-03-2023,76,,,,,
02-04-2023,,31,14,11,15,6
03-04-2023,68,38,14,12,12,5
04-04-2023,84,31,13,8,14,7
05-04-2023,73,45,17,11,13,5
06-04-2023,113,38,16,9,11,5
07-04-2023,99,48,17,11,14,7
08-04-2023,120,47,17,11,14,6
09-04-2023,118,48,19,11,12,5
10-04-2023,121,45,18,10,14,6
11-04-2023,114,43,19,9,15,6
12-04-2023,111,43,17,10,13,6
13-04-2023,111,47,20,9,12,5
14-04-2023,121,49,21,10,8,3
15-04-2023,124,45,18,8,7,3
16-04-2023,115,50,19,10,13,6
17-04-2023,124,48,17,9,7,3
18-04-2023,121,40,17,7,6,2
19-04-2023,104,38,16,6,13,6
20-04-2023,99,25,16,5,7,3
21-04-2023,69,26,17,5,12,5
22-04-2023,70,24,7,4,10,4
23-04-2023,67,34,24,3,8,3
24-04-2023,80,43,25,5,16,7
25-04-2023,92,73,52,11,19,8
26-04-2023,136,25,31,22,18,6
27-04-2023,60,33,29,18,29,12
28-04-2023,67,20,22,9,23,7
29-04-2023,46,23,20,7,23,6
30-04-2023,52,34,31,8,22,6
01-05-2023,71,23,32,7,11,3
02-05-2023,53,21,27,8,15,4
03-05-2023,52,19,28,4,15,4
04-05-2023,48,34,27,8,12,3
05-05-2023,67,44,26,9,18,6
06-05-2023,88,41,26,10,14,3
07-05-2023,84,47,23,11,10,3
08-05-2023,95,41,24,10,23,7
09-05-2023,84,32,30,8,21,5
10-05-2023,69,38,31,8,16,4
11-05-2023,77,50,30,12,23,7
12-05-2023,104,56,27,8,15,5
13-05-2023,112,52,26,7,12,4
14-05-2023,100,46,19,18,20,7
15-05-2023,92,44,19,27,14,4
16-05-2023,91,45,20,22,14,4
17-05-2023,81,45,20,18,17,6
18-05-2023,75,42,18,18,6,2
19-05-2023,71,,,,,
21-05-2023,,53,30,17,6,2
22-05-2023,85,37,24,13,13,4
23-05-2023,63,34,24,14,7,2
24-05-2023,61,35,16,14,8,2
25-05-2023,59,39,10,16,15,6
26-05-2023,68,58,21,18,11,3
27-05-2023,98,67,24,16,8,2
28-05-2023,116,68,23,16,18,6
29-05-2023,114,78,21,15,8,2
30-05-2023,133,68,18,15,11,4
31-05-2023,114,62,16,15,18,6
01-06-2023,106,61,17,15,8,2
02-06-2023,105,59,16,14,14,4
03-06-2023,100,72,20,15,9,3
04-06-2023,120,59,19,14,8,2
05-06-2023,100,85,20,16,12,4
06-06-2023,137,80,21,17,9,3
07-06-2023,124,68,20,16,11,4
08-06-2023,113,71,21,17,18,6
09-06-2023,118,88,22,16,7,2
10-06-2023,142,57,16,16,16,5
11-06-2023,84,63,16,15,9,3
12-06-2023,95,73,17,15,9,3
13-06-2023,123,54,13,13,13,5
14-06-2023,88,58,10,13,8,2
15-06-2023,93,60,13,13,15,6
16-06-2023,97,68,14,14,8,2
17-06-2023,114,67,14,14,22,7
18-06-2023,112,61,17,13,9,3
19-06-2023,107,40,17,10,13,4
20-06-2023,69,44,20,10,12,4
21-06-2023,73,46,16,12,11,3
22-06-2023,79,57,18,11,8,3
23-06-2023,95,38,27,13,13,3
24-06-2023,66,31,15,15,26,6
25-06-2023,56,23,16,13,8,3
26-06-2023,46,20,15,12,20,6
27-06-2023,41,31,12,11,12,5
28-06-2023,57,26,9,12,12,3
29-06-2023,49,,,,,
04-07-2023,,56,4,30,24,6
05-07-2023,92,37,8,12,10,3
06-07-2023,66,30,6,10,11,3
07-07-2023,55,33,7,10,10,4
08-07-2023,60,47,11,12,8,2
09-07-2023,78,26,8,10,9,3
10-07-2023,50,29,12,9,13,4
11-07-2023,54,40,12,10,10,3
12-07-2023,71,44,12,10,13,6
13-07-2023,74,41,10,8,15,7
14-07-2023,70,28,13,8,11,3
15-07-2023,53,31,10,7,10,3
16-07-2023,56,35,10,6,12,5
17-07-2023,61,32,10,7,10,3
18-07-2023,59,29,12,7,13,5
19-07-2023,54,24,13,7,10,3
20-07-2023,49,21,10,6,14,7
21-07-2023,42,16,10,6,9,5
22-07-2023,32,19,10,6,10,6
23-07-2023,40,40,9,6,7,3
24-07-2023,73,31,11,7,8,4
25-07-2023,55,41,10,6,11,5
26-07-2023,71,22,11,5,8,3
27-07-2023,44,33,12,6,15,6
28-07-2023,60,32,10,6,15,3
29-07-2023,55,29,6,7,14,5
30-07-2023,53,22,12,6,15,4
31-07-2023,44,30,13,6,5,2
01-08-2023,54,20,8,4,12,4
02-08-2023,40,19,7,3,9,6
03-08-2023,38,25,4,6,7,2
04-08-2023,48,32,4,6,10,5
05-08-2023,57,35,4,6,4,1
06-08-2023,61,29,3,6,8,3
07-08-2023,54,35,3,6,10,8
08-08-2023,62,36,21,7,5,5
09-08-2023,68,47,5,7,8,
10-08-2023,77,41,6,7,10,
11-08-2023,70,38,8,7,7,
12-08-2023,66,38,7,8,8,
13-08-2023,67,41,8,8,6,
14-08-2023,70,45,61,7,4,
15-08-2023,75,43,43,6,2,
16-08-2023,73,37,7,6,7,
17-08-2023,64,32,9,6,10,
18-08-2023,58,23,6,5,6,
19-08-2023,48,33,17,5,6,
20-08-2023,60,50,13,6,7,
21-08-2023,83,44,7,6,7,
22-08-2023,72,19,16,8,8,
23-08-2023,37,23,8,8,6,
24-08-2023,44,28,7,8,7,
25-08-2023,51,38,11,8,6,
26-08-2023,62,42,13,8,7,
27-08-2023,68,50,15,8,12,
28-08-2023,75,43,14,8,14,
29-08-2023,67,38,12,8,13,
30-08-2023,63,43,15,8,14,
31-08-2023,69,54,14,8,14,
01-09-2023,83,47,15,9,15,
02-09-2023,73,35,14,8,13,
03-09-2023,60,21,15,7,12,
04-09-2023,38,16,14,6,10,
05-09-2023,31,8,15,6,10,
06-09-2023,17,8,14,6,10,
07-09-2023,16,16,13,4,7,
08-09-2023,32,24,13,3,6,
09-09-2023,46,32,14,6,10,
10-09-2023,54,43,15,8,14,
11-09-2023,69,42,14,7,12,
12-09-2023,66,41,14,7,12,
13-09-2023,68,20,14,6,11,
14-09-2023,38,10,13,6,10,
15-09-2023,19,15,14,6,11,
16-09-2023,31,21,14,7,12,
17-09-2023,41,18,13,7,11,
18-09-2023,37,27,14,8,13,
19-09-2023,50,15,15,6,10,
20-09-2023,31,13,13,6,10,
21-09-2023,27,7,13,5,9,
22-09-2023,16,5,13,6,10,
23-09-2023,12,10,13,6,10,
24-09-2023,22,15,13,6,10,
25-09-2023,30,34,13,6,11,
26-09-2023,59,41,13,7,12,
27-09-2023,66,33,13,8,13,
28-09-2023,58,38,13,8,13,
29-09-2023,63,30,13,8,13,
30-09-2023,50,7,,,,
01-10-2023,16,7,,,,
02-10-2023,14,12,14,4,7,
03-10-2023,52,14,13,4,7,
04-10-2023,31,6,14,4,7,
05-10-2023,17,11,14,5,8,
06-10-2023,22,24,13,5,9,
07-10-2023,43,45,13,6,11,
08-10-2023,70,30,13,6,10,
09-10-2023,52,26,13,6,10,
10-10-2023,46,32,13,6,10,
11-10-2023,57,44,14,6,10,
12-10-2023,79,48,14,6,10,
13-10-2023,101,59,14,6,11,
14-10-2023,117,61,12,7,12,
15-10-2023,103,63,14,6,11,
16-10-2023,109,22,13,5,8,
17-10-2023,48,39,13,5,9,
18-10-2023,78,46,13,6,10,
19-10-2023,90,49,13,6,10,
20-10-2023,99,56,13,6,10,
21-10-2023,111,59,13,6,10,
22-10-2023,118,63,14,7,11,
23-10-2023,123,64,13,7,11,
24-10-2023,124,58,13,6,11,
25-10-2023,108,60,12,6,11,
26-10-2023,98,56,12,7,11,
27-10-2023,91,58,14,7,13,
28-10-2023,85,64,14,8,14,
29-10-2023,94,68,14,7,13,
30-10-2023,99,72,15,15,16,
31-10-2023,110,57,8,5,4,
01-11-2023,89,45,14,1,7,
02-11-2023,69,52,13,6,7,
03-11-2023,89,67,14,12,8,
04-11-2023,119,76,11,12,8,
05-11-2023,125,74,12,10,7,
06-11-2023,129,72,9,12,8,
07-11-2023,139,72,10,13,9,
08-11-2023,133,78,9,14,9,
09-11-2023,134,82,12,14,10,
10-11-2023,146,151,,17,12,
11-11-2023,192,,,,,
18-11-2023,,71,7,9,6,
19-11-2023,136,69,10,10,7,
20-11-2023,126,,,,,
21-11-2023,,59,6,9,6,
22-11-2023,101,81,6,10,7,
23-11-2023,145,112,,18,13,
24-11-2023,167,80,14,20,14,
25-11-2023,137,71,13,15,10,
26-11-2023,121,58,8,12,8,
27-11-2023,94,76,12,14,10,
28-11-2023,131,54,11,12,8,
29-11-2023,88,67,8,10,7,
30-11-2023,109,50,7,8,6,
01-12-2023,82,51,10,11,8,
02-12-2023,83,51,13,11,8,
03-12-2023,85,52,12,11,8,
04-12-2023,86,17,8,8,6,
05-12-2023,36,,,,,
06-12-2023,,15,7,7,5,
07-12-2023,30,27,8,9,6,
08-12-2023,50,49,8,11,7,
09-12-2023,79,51,8,11,8,
10-12-2023,83,53,7,11,8,
11-12-2023,86,74,10,12,9,
12-12-2023,124,,,,,
13-12-2023,,49,10,12,9,
14-12-2023,82,68,12,14,9,
15-12-2023,115,68,10,14,10,
16-12-2023,113,70,10,14,10,
17-12-2023,120,69,7,12,8,
18-12-2023,117,68,14,13,9,
19-12-2023,112,75,9,12,9,
20-12-2023,129,70,10,14,10,
21-12-2023,115,78,9,13,9,
22-12-2023,133,79,11,12,8,
23-12-2023,124,80,13,12,8,
24-12-2023,128,69,11,11,8,
25-12-2023,117,67,13,11,8,
26-12-2023,121,74,11,12,8,
27-12-2023,138,69,10,10,7,
28-12-2023,129,55,7,9,6,
29-12-2023,98,48,7,7,5,
30-12-2023,81,66,7,10,7,
31-12-2023,109,62,14,9,6,
01-01-2024,102,84,12,10,7,
02-01-2024,134,89,9,10,7,
03-01-2024,141,77,9,10,7,
04-01-2024,133,61,8,8,6,
05-01-2024,103,53,8,10,6,
06-01-2024,87,52,7,8,5,
07-01-2024,85,54,9,11,7,
08-01-2024,90,56,9,10,7,
09-01-2024,92,38,7,9,6,
10-01-2024,66,33,8,8,6,
11-01-2024,59,57,11,11,8,
12-01-2024,96,54,8,10,7,
13-01-2024,89,50,7,8,6,
14-01-2024,81,64,13,10,7,
15-01-2024,107,63,8,8,6,
16-01-2024,106,51,7,7,5,
17-01-2024,82,45,8,7,5,
18-01-2024,74,51,8,7,5,
19-01-2024,84,58,8,8,6,
20-01-2024,96,42,8,7,5,
21-01-2024,70,77,14,9,7,
22-01-2024,125,65,10,8,6,
23-01-2024,105,53,8,7,5,
24-01-2024,88,63,12,9,6,
25-01-2024,100,58,11,8,6,
26-01-2024,96,65,11,9,6,
27-01-2024,111,61,8,9,6,
28-01-2024,104,61,7,9,6,
29-01-2024,101,69,9,9,6,
30-01-2024,119,57,10,13,9,
31-01-2024,92,51,8,9,6,
01-02-2024,80,54,8,8,6,
02-02-2024,83,25,7,10,7,
03-02-2024,50,19,7,8,6,
04-02-2024,37,17,7,7,5,
05-02-2024,33,17,7,7,4,
06-02-2024,35,16,8,8,6,
07-02-2024,32,19,8,9,6,
08-02-2024,36,40,11,10,7,
09-02-2024,70,89,11,11,8,
10-02-2024,148,83,13,11,8,
11-02-2024,142,129,15,11,8,
12-02-2024,178,38,7,8,5,
13-02-2024,74,29,10,8,5,
14-02-2024,61,31,10,7,5,
15-02-2024,66,34,9,9,7,
16-02-2024,70,42,10,9,6,3
17-02-2024,81,32,9,10,7,1
18-02-2024,67,27,8,7,4,
19-02-2024,61,22,9,7,5,1
20-02-2024,50,10,11,6,4,1
21-02-2024,25,14,9,7,5,1
22-02-2024,36,24,10,7,5,1
23-02-2024,56,24,10,8,5,1
24-02-2024,56,21,9,8,6,1
25-02-2024,47,26,10,12,8,4
26-02-2024,58,40,15,11,7,3
27-02-2024,78,14,8,7,5,1
28-02-2024,36,15,9,8,5,1
29-02-2024,39,17,9,7,5,1
01-03-2024,43,52,10,7,5,2
02-03-2024,96,98,10,3,2,2
03-03-2024,122,23,9,4,2,
04-03-2024,45,18,9,5,3,1
05-03-2024,38,23,9,6,4,1
06-03-2024,47,24,9,5,4,1
07-03-2024,48,19,10,6,4,1
08-03-2024,37,24,9,7,4,1
09-03-2024,49,35,10,6,4,1
10-03-2024,63,37,9,7,5,1
11-03-2024,65,36,9,7,5,2
12-03-2024,64,23,8,3,2,1
13-03-2024,45,36,12,8,5,2
14-03-2024,64,,,,,
15-03-2024,,21,10,2,2,1
16-03-2024,42,31,12,4,3,2
17-03-2024,58,50,11,6,4,3
18-03-2024,87,34,10,3,2,2
19-03-2024,61,15,9,2,1,
20-03-2024,29,18,10,2,1,
21-03-2024,35,26,12,4,2,1
22-03-2024,50,33,11,5,3,1
23-03-2024,60,33,9,3,2,1
24-03-2024,60,59,9,2,1,1
25-03-2024,101,21,9,1,1,1
26-03-2024,44,22,17,3,2,1
27-03-2024,43,40,13,4,3,1
28-03-2024,69,26,9,1,,
29-03-2024,53,36,6,14,10,1
30-03-2024,64,18,5,9,6,1
31-03-2024,36,12,5,9,6,1
01-04-2024,25,,,,,
02-04-2024,,27,7,9,6,1
03-04-2024,50,53,6,13,9,1
04-04-2024,84,,5,9,7,
06-04-2024,,22,5,8,6,1
07-04-2024,44,27,5,10,7,2
08-04-2024,52,15,6,9,6,2
09-04-2024,33,27,8,11,7,3
10-04-2024,50,26,6,8,6,3
11-04-2024,49,,,,,
12-04-2024,,30,5,9,6,2
13-04-2024,55,30,5,9,6,3
14-04-2024,51,33,6,10,7,3
15-04-2024,59,34,5,8,6,3
16-04-2024,60,26,7,8,5,3
17-04-2024,46,19,6,9,6,3
18-04-2024,38,19,5,9,6,3
19-04-2024,38,23,5,8,5,3
20-04-2024,44,22,5,9,7,3
21-04-2024,42,28,7,10,7,3
22-04-2024,51,21,5,8,6,3
23-04-2024,41,22,6,9,6,3
24-04-2024,54,30,15,18,11,3
25-04-2024,50,,,,,
26-04-2024,,24,15,7,9,2
27-04-2024,39,35,14,7,9,2
28-04-2024,53,40,19,8,10,3
29-04-2024,59,41,14,7,10,3
30-04-2024,62,34,14,7,9,3
01-05-2024,53,34,14,6,8,2
02-05-2024,52,36,13,6,9,3
03-05-2024,56,46,14,7,9,5
04-05-2024,79,56,14,9,12,6
05-05-2024,92,57,14,7,8,6
06-05-2024,91,34,14,5,6,2
07-05-2024,59,22,14,4,6,2
08-05-2024,44,32,13,4,6,2
09-05-2024,56,29,13,4,6,2
10-05-2024,54,38,14,6,8,3
11-05-2024,62,,,,,
12-05-2024,,35,14,4,6,2
13-05-2024,60,44,14,6,8,4
14-05-2024,70,66,13,7,9,5
15-05-2024,104,31,14,5,7,3
16-05-2024,56,25,13,7,10,7
17-05-2024,55,41,29,8,11,4
18-05-2024,66,31,13,7,9,3
19-05-2024,55,39,15,7,9,4
20-05-2024,65,23,13,5,7,2
21-05-2024,44,30,13,4,6,6
22-05-2024,53,29,13,4,6,5
23-05-2024,53,34,14,5,6,6
24-05-2024,58,32,13,5,7,6
25-05-2024,56,39,12,5,7,5
26-05-2024,64,20,15,5,7,6
27-05-2024,37,19,12,5,7,5
28-05-2024,36,35,14,8,10,7
29-05-2024,61,40,29,10,13,6
30-05-2024,66,46,21,4,6,7
31-05-2024,79,45,22,19,6,6
01-06-2024,71,36,,20,6,5
02-06-2024,61,42,21,16,8,6
03-06-2024,70,40,22,14,7,6
04-06-2024,67,38,21,13,6,5
05-06-2024,64,47,22,19,14,6
06-06-2024,76,45,11,22,20,7
07-06-2024,76,38,11,18,21,6
08-06-2024,66,26,10,14,17,6
09-06-2024,52,46,11,16,19,6
10-06-2024,77,38,11,16,19,6
11-06-2024,64,47,12,17,21,7
12-06-2024,77,49,11,19,23,7
13-06-2024,82,42,8,21,26,6
14-06-2024,70,40,8,20,22,6
15-06-2024,67,44,8,20,15,6
16-06-2024,72,20,9,21,15,5
17-06-2024,39,25,8,18,13,4
18-06-2024,50,31,8,13,14,5
19-06-2024,57,23,9,11,13,5
20-06-2024,46,27,8,10,13,5
21-06-2024,52,37,9,10,13,5
22-06-2024,64,40,8,10,13,5
23-06-2024,66,52,9,10,13,5
24-06-2024,82,48,8,10,13,5
25-06-2024,77,27,8,9,12,5
26-06-2024,49,34,9,10,12,5
27-06-2024,60,31,8,10,12,5
28-06-2024,56,32,9,10,13,5
29-06-2024,57,19,9,9,12,5
30-06-2024,37,15,15,9,12,5
01-07-2024,30,18,,10,12,5
02-07-2024,36,16,12,10,12,5
03-07-2024,32,35,10,9,12,5
04-07-2024,62,36,9,9,11,4
05-07-2024,66,18,4,15,6,4
06-07-2024,29,17,4,14,6,5
07-07-2024,34,39,4,15,9,5
08-07-2024,65,39,4,14,13,5
09-07-2024,65,,,,,
10-07-2024,,39,29,16,5,8
11-07-2024,66,50,22,15,8,5
12-07-2024,82,67,22,16,5,6
13-07-2024,113,35,21,13,8,4
14-07-2024,62,62,18,13,8,4
15-07-2024,102,25,16,12,8,4
16-07-2024,50,49,16,13,10,4
17-07-2024,78,57,15,13,9,4
18-07-2024,92,42,23,13,7,4
19-07-2024,70,39,21,13,8,4
20-07-2024,66,30,21,13,10,5
21-07-2024,54,34,26,12,10,3
22-07-2024,61,54,9,12,5,2
23-07-2024,85,48,10,12,7,3
24-07-2024,78,37,12,12,7,3
25-07-2024,64,54,9,13,7,3
26-07-2024,90,49,8,12,7,3
27-07-2024,82,45,8,12,7,2
28-07-2024,74,43,9,12,7,3
29-07-2024,70,53,9,13,7,4
30-07-2024,85,33,8,14,7,4
31-07-2024,57,39,11,12,7,3
01-08-2024,66,20,10,12,7,2
02-08-2024,40,21,10,16,7,2
03-08-2024,40,27,8,12,7,3
04-08-2024,50,42,9,13,7,4
05-08-2024,71,45,10,13,7,5
06-08-2024,76,34,9,12,7,5
07-08-2024,59,50,8,12,6,3
08-08-2024,81,37,8,13,6,6
09-08-2024,62,48,8,12,7,4
10-08-2024,80,41,8,12,7,3
11-08-2024,69,48,8,13,7,4
12-08-2024,80,46,8,12,6,6
13-08-2024,79,52,9,13,7,4
14-08-2024,82,59,8,13,6,3
15-08-2024,96,67,8,14,7,7
16-08-2024,112,53,8,14,7,5
17-08-2024,85,37,8,14,7,4
18-08-2024,63,41,8,19,7,5
19-08-2024,68,40,8,14,7,5
20-08-2024,67,60,8,14,6,4
21-08-2024,97,51,8,15,7,5
22-08-2024,88,38,8,14,7,4
23-08-2024,64,35,9,14,6,3
24-08-2024,62,38,9,18,7,4
25-08-2024,65,39,8,15,7,3
26-08-2024,66,28,9,15,7,4
27-08-2024,52,37,8,14,7,4
28-08-2024,101,45,8,13,7,4
29-08-2024,78,57,8,13,7,4
30-08-2024,99,74,8,12,7,4
31-08-2024,127,48,8,12,7,3
01-09-2024,82,44,8,12,7,3
02-09-2024,74,44,8,13,7,3
03-09-2024,74,57,8,14,7,4
04-09-2024,95,61,8,14,7,4
05-09-2024,107,49,9,12,7,3
06-09-2024,84,74,9,14,7,6
07-09-2024,132,64,8,14,7,6
08-09-2024,111,46,10,13,7,4
09-09-2024,78,25,9,12,7,4
10-09-2024,47,36,10,12,7,3
11-09-2024,60,54,8,13,7,5
12-09-2024,85,62,9,13,7,7
13-09-2024,100,56,10,13,7,6
14-09-2024,87,60,10,16,6,5
15-09-2024,95,58,8,10,10,4
16-09-2024,92,52,6,3,9,4
17-09-2024,80,62,5,4,6,4
18-09-2024,98,59,9,6,6,5
19-09-2024,94,62,10,6,6,6
20-09-2024,99,72,9,6,6,6
21-09-2024,120,74,10,7,6,6
22-09-2024,120,79,9,8,6,6
23-09-2024,125,70,10,5,6,4
24-09-2024,115,46,10,5,6,4
25-09-2024,75,22,11,5,6,4
26-09-2024,41,38,10,5,6,4
27-09-2024,61,48,10,8,6,6
28-09-2024,74,44,10,12,6,4
29-09-2024,71,48,10,13,6,6
30-09-2024,79,59,10,13,6,5
01-10-2024,95,83,10,14,6,6
02-10-2024,134,98,11,11,6,7
03-10-2024,151,85,14,15,6,4
04-10-2024,136,83,15,20,6,5
05-10-2024,135,80,13,12,6,3
06-10-2024,126,76,13,12,6,3
07-10-2024,120,87,15,14,6,3
08-10-2024,141,82,13,18,6,5
09-10-2024,136,71,15,20,6,4
10-10-2024,121,82,12,23,6,5
11-10-2024,138,71,12,23,6,5
12-10-2024,116,65,12,22,6,4
13-10-2024,101,72,13,26,6,6
14-10-2024,113,56,12,24,6,5
15-10-2024,85,69,12,25,6,6
16-10-2024,106,65,14,25,6,4
17-10-2024,97,67,12,26,6,5
18-10-2024,101,65,14,27,5,5
19-10-2024,97,72,13,24,6,6
20-10-2024,110,65,17,25,6,5
21-10-2024,98,73,12,25,6,6
22-10-2024,113,75,13,24,6,5
23-10-2024,115,52,14,20,6,6
24-10-2024,100,17,11,18,6,2
25-10-2024,29,29,12,16,6,3
26-10-2024,47,33,12,11,6,3
27-10-2024,53,51,14,12,6,5
28-10-2024,74,71,14,13,6,8
29-10-2024,104,72,13,15,5,7
30-10-2024,98,69,12,16,6,7
31-10-2024,96,110,12,17,5,6
01-11-2024,134,89,11,19,6,6
02-11-2024,124,94,11,20,6,8
03-11-2024,134,90,14,17,6,7
04-11-2024,140,68,16,18,6,6
05-11-2024,107,58,55,19,6,7
06-11-2024,86,57,18,22,6,10
07-11-2024,86,45,9,22,6,8
08-11-2024,69,51,11,21,5,7
09-11-2024,76,58,12,21,6,7
10-11-2024,86,66,14,23,6,12
11-11-2024,99,70,15,24,6,13
12-11-2024,107,61,25,25,5,10
13-11-2024,95,83,18,25,5,11
14-11-2024,129,98,18,23,6,9
15-11-2024,143,70,15,24,6,7
16-11-2024,113,79,16,23,6,8
17-11-2024,128,95,16,25,5,10
18-11-2024,154,98,9,26,5,13
19-11-2024,142,108,8,21,6,10
20-11-2024,163,79,14,27,5,10
21-11-2024,152,88,10,28,6,15
22-11-2024,168,75,7,27,6,15
23-11-2024,155,60,5,27,6,14
24-11-2024,131,58,6,25,6,9
25-11-2024,131,57,6,25,5,9
26-11-2024,134,61,6,24,5,10
27-11-2024,132,53,6,24,6,10
28-11-2024,120,62,6,28,6,13
29-11-2024,138,58,6,26,6,7
30-11-2024,129,59,6,26,6,7
01-12-2024,130,68,6,26,6,6
02-12-2024,148,67,7,29,5,10
03-12-2024,140,61,6,23,6,5
04-12-2024,122,33,7,23,6,4
05-12-2024,76,38,7,24,6,4
06-12-2024,83,33,7,25,6,5
07-12-2024,79,53,7,23,6,7
08-12-2024,118,47,7,21,5,4
09-12-2024,103,50,17,23,6,5
10-12-2024,113,41,11,23,6,4
11-12-2024,93,46,9,24,5,5
12-12-2024,103,51,8,24,6,5
13-12-2024,113,40,8,23,5,4
14-12-2024,92,47,7,25,6,5
15-12-2024,104,61,23,28,5,8
16-12-2024,130,78,45,30,5,10
17-12-2024,146,81,38,28,,12
18-12-2024,157,92,44,23,,15
19-12-2024,160,51,72,25,,3
20-12-2024,124,47,36,20,,3
21-12-2024,118,43,9,13,,3
22-12-2024,105,38,6,10,,2
23-12-2024,93,38,12,9,,1
24-12-2024,90,33,10,10,,1
25-12-2024,84,44,8,11,,3
26-12-2024,106,43,8,10,5,4
27-12-2024,108,37,7,9,6,1
28-12-2024,91,31,6,9,5,1
29-12-2024,79,,,,,
31-12-2024,,38,7,10,6,1
01-01-2025,93,37,7,10,6,2
02-01-2025,92,43,8,9,6,2
03-01-2025,102,37,7,9,6,2
04-01-2025,83,41,8,9,6,3
05-01-2025,94,50,7,10,6,3
06-01-2025,114,29,7,9,5,2
07-01-2025,73,32,9,9,5,1
08-01-2025,83,48,8,11,5,2
09-01-2025,113,62,7,10,5,3
10-01-2025,151,37,11,11,6,2
11-01-2025,91,38,8,9,6,1
12-01-2025,94,38,8,11,5,2
13-01-2025,93,65,8,8,6,2
14-01-2025,106,25,7,7,6,1
15-01-2025,68,27,9,8,5,1
16-01-2025,75,40,8,10,6,2
17-01-2025,102,29,7,10,6,2
18-01-2025,78,43,15,11,6,2
19-01-2025,96,21,6,11,6,1
20-01-2025,63,21,6,10,6,1
21-01-2025,64,26,7,11,5,1
22-01-2025,74,35,8,10,5,3
23-01-2025,92,32,9,11,5,2
24-01-2025,83,17,7,11,6,1
25-01-2025,54,21,8,11,5,1
26-01-2025,63,26,8,12,6,2
27-01-2025,72,30,7,12,6,2
28-01-2025,80,35,8,13,6,4
29-01-2025,91,45,10,13,6,5
30-01-2025,113,39,9,12,6,6
31-01-2025,101,28,7,11,5,3
01-02-2025,75,30,8,12,5,5
02-02-2025,80,24,7,11,5,3
03-02-2025,68,25,7,12,6,3
04-02-2025,70,25,8,11,6,3
05-02-2025,70,16,6,10,6,2
06-02-2025,53,17,6,10,6,2
07-02-2025,55,25,6,10,6,2
08-02-2025,66,35,7,11,6,2
09-02-2025,84,37,7,12,6,3
10-02-2025,87,39,6,12,6,4
11-02-2025,91,29,6,11,6,3
12-02-2025,72,21,6,10,6,2
13-02-2025,55,18,6,9,7,1
14-02-2025,54,28,11,8,6,1
15-02-2025,69,35,11,8,6,1
16-02-2025,82,37,12,6,6,2
17-02-2025,86,41,13,11,8,4
18-02-2025,92,37,12,9,6,2
19-02-2025,87,52,14,7,5,2
20-02-2025,119,71,14,9,6,2
21-02-2025,145,67,14,10,5,3
22-02-2025,128,47,12,8,6,1
23-02-2025,97,50,13,9,6,2
24-02-2025,102,52,13,9,6,1
25-02-2025,93,65,12,9,6,3
26-02-2025,113,68,16,10,6,3
27-02-2025,115,61,16,9,5,3
28-02-2025,106,64,15,7,5,2
01-03-2025,111,59,12,8,6,2
02-03-2025,104,43,12,7,6,1
03-03-2025,75,44,12,7,6,1
04-03-2025,77,29,11,7,6,1
05-03-2025,56,30,11,7,6,1
06-03-2025,56,42,12,9,6,1
07-03-2025,74,59,12,10,6,2
08-03-2025,99,69,12,9,5,3
09-03-2025,116,61,12,8,6,2
10-03-2025,110,72,12,9,6,2
11-03-2025,123,46,12,8,6,1
12-03-2025,82,64,12,8,6,2
13-03-2025,102,90,12,8,5,3
14-03-2025,125,56,12,7,6,2
15-03-2025,102,58,11,14,5,3
16-03-2025,102,32,14,27,5,1
17-03-2025,59,30,12,14,6,1
18-03-2025,57,44,13,8,6,1
19-03-2025,76,57,12,7,6,2
20-03-2025,98,32,12,6,5,1
21-03-2025,60,34,11,7,6,1
22-03-2025,62,36,11,6,6,1
23-03-2025,67,59,12,8,6,2
24-03-2025,105,68,11,10,5,2
25-03-2025,125,61,11,10,6,2
26-03-2025,118,52,11,9,5,2
27-03-2025,104,49,11,7,6,2
28-03-2025,97,31,11,7,6,1
29-03-2025,62,44,11,7,6,1
30-03-2025,85,54,11,8,5,2
31-03-2025,106,52,11,9,6,2
01-04-2025,100,65,11,11,6,3
02-04-2025,123,62,11,11,6,3
03-04-2025,121,56,11,10,6,2
04-04-2025,106,55,11,9,6,3
05-04-2025,106,65,12,8,6,3
06-04-2025,114,66,12,7,5,3
07-04-2025,123,49,16,6,6,1
08-04-2025,90,47,15,6,6,1
09-04-2025,86,33,14,5,6,1
10-04-2025,64,29,13,5,6,1
11-04-2025,61,46,14,6,7,1
12-04-2025,86,53,13,6,6,2
13-04-2025,98,87,15,5,7,1
14-04-2025,141,46,14,5,7,2
15-04-2025,77,52,13,11,6,
16-04-2025,86,75,13,13,6,1
17-04-2025,126,53,13,9,6,1
18-04-2025,87,54,14,10,6,1
19-04-2025,89,67,14,10,6,1
20-04-2025,114,76,13,15,6,1
21-04-2025,130,85,13,19,5,2
22-04-2025,128,61,12,16,6,1
23-04-2025,105,58,12,18,6,1
24-04-2025,102,72,12,20,6,2
25-04-2025,122,69,12,21,6,3
26-04-2025,116,46,12,14,6,
27-04-2025,82,41,11,10,6,1
28-04-2025,76,52,12,10,6,1
29-04-2025,94,49,12,9,6,
30-04-2025,86,53,12,9,6,
01-05-2025,96,39,12,9,6,
02-05-2025,74,,,,,
