date,pm25,pm10,o3,no2,so2,co
2020-02-01,106.0,225.0,36.0,30.0,13.0,4.0
2020-02-02,100.0,110.0,29.0,28.0,10.0,6.0
2020-02-03,117.0,154.0,31.0,38.0,16.0,6.0
2020-02-04,172.0,226.0,32.0,40.0,24.0,6.0
2020-02-05,177.0,169.0,25.0,30.0,16.0,5.0
2020-02-06,180.0,164.0,19.0,27.0,15.0,6.0
2020-02-07,174.0,194.0,4.0,34.0,15.0,6.0
2020-02-08,188.0,176.33333333333334,10.0,27.0,15.333333333333334,4.333333333333333
2020-02-09,184.66666666666666,158.66666666666669,16.0,20.0,15.666666666666666,2.6666666666666665
2020-02-10,181.33333333333334,141.0,22.0,13.0,16.0,1.0
2020-02-11,178.0,168.5,20.0,31.5,13.5,5.0
2020-02-12,178.5,196.0,18.0,50.0,11.0,9.0
2020-02-13,179.0,361.0,20.0,64.0,22.0,13.0
2020-02-14,203.0,200.0,23.0,47.0,13.0,7.0
2020-02-15,182.0,207.0,24.0,47.0,12.0,8.0
2020-02-16,189.0,290.0,27.0,41.0,9.0,11.0
2020-02-17,193.0,279.0,21.0,28.0,5.0,8.0
2020-02-18,198.0,167.0,21.0,30.0,15.0,4.0
2020-02-19,182.0,135.0,28.0,27.0,14.0,3.0
2020-02-20,162.0,190.0,26.0,24.0,7.0,6.0
2020-02-21,179.0,182.0,23.0,31.0,7.0,5.0
2020-02-22,184.0,170.0,20.0,22.0,4.0,6.0
2020-02-23,176.0,274.0,27.0,22.0,7.0,9.0
2020-02-24,197.0,106.0,11.0,29.0,5.0,5.0
2020-02-25,178.0,72.0,18.0,23.0,9.0,3.0
2020-02-26,130.0,85.0,19.0,27.0,8.0,4.0
2020-02-27,145.0,96.0,23.0,25.0,6.0,4.0
2020-02-28,163.0,93.0,21.0,27.0,6.0,5.0
2020-02-29,163.0,127.0,22.0,26.0,7.0,7.0
2020-03-01,186.0,134.0,23.0,32.0,11.0,6.0
2020-03-02,182.0,93.0,12.0,32.0,8.0,5.0
2020-03-03,166.0,76.0,20.0,23.0,9.0,3.0
2020-03-04,150.0,81.0,17.0,23.0,9.0,3.0
2020-03-05,127.0,71.0,19.0,17.0,8.0,3.0
2020-03-06,121.0,51.0,15.0,15.0,7.0,2.0
2020-03-07,107.0,72.0,19.0,21.0,8.0,4.0
2020-03-08,128.0,83.0,27.0,22.0,9.0,3.0
2020-03-09,144.0,84.0,28.0,25.0,9.0,4.0
2020-03-10,153.0,82.0,36.0,24.0,10.0,3.0
2020-03-11,150.0,88.0,21.0,24.0,10.0,4.0
2020-03-12,159.0,86.0,34.0,25.0,10.0,4.0
2020-03-13,156.0,70.0,25.0,14.0,8.0,2.0
2020-03-14,103.0,47.0,22.0,19.0,8.0,3.0
2020-03-15,75.0,80.0,28.0,22.0,11.0,4.0
2020-03-16,150.0,85.0,42.0,19.0,8.0,3.0
2020-03-17,156.0,113.0,21.0,24.0,7.0,5.0
2020-03-18,171.0,98.0,40.0,25.0,9.0,5.0
2020-03-19,154.0,68.0,32.0,20.0,9.0,3.0
2020-03-20,120.0,79.0,31.0,19.0,7.0,1.0
2020-03-21,132.0,32.0,23.0,13.0,6.0,1.0
2020-03-22,60.0,53.0,30.0,13.0,6.0,1.0
2020-03-23,102.0,55.0,31.0,11.0,6.0,2.0
2020-03-24,108.0,73.0,23.0,12.0,6.0,2.0
2020-03-25,152.0,58.0,28.0,11.0,6.0,2.0
2020-03-26,112.0,73.0,31.0,10.0,6.0,1.0
2020-03-27,140.0,68.0,8.0,11.0,6.0,2.0
2020-03-28,134.0,59.0,9.0,10.0,6.0,2.0
2020-03-29,115.0,65.0,26.0,12.0,7.0,1.0
2020-03-30,115.0,65.0,24.0,11.0,7.0,2.0
2020-03-31,127.0,68.0,26.0,9.0,6.0,2.0
2020-04-01,144.0,58.0,25.0,9.0,6.0,2.0
2020-04-02,122.0,65.0,23.0,9.0,6.0,2.0
2020-04-03,129.0,80.0,25.0,10.0,6.0,2.0
2020-04-04,150.0,67.0,38.0,8.0,6.0,2.0
2020-04-05,135.0,66.0,42.0,12.0,6.0,2.0
2020-04-06,132.0,58.0,37.0,9.0,7.0,1.0
2020-04-07,118.0,44.0,31.0,10.0,7.0,1.0
2020-04-08,75.0,34.0,29.0,10.0,7.0,1.0
2020-04-09,67.0,33.0,24.0,8.0,6.0,1.0
2020-04-10,65.0,35.0,30.0,7.0,6.0,1.0
2020-04-11,66.0,45.0,21.0,6.0,6.0,1.0
2020-04-12,79.0,41.0,31.0,6.0,5.0,1.0
2020-04-13,80.0,38.0,23.0,5.0,5.0,1.0
2020-04-14,74.0,44.0,26.0,6.0,5.0,1.0
2020-04-15,80.0,46.0,27.0,8.0,5.0,2.0
2020-04-16,88.0,36.0,25.0,6.0,5.0,1.0
2020-04-17,77.0,30.0,26.0,7.0,5.0,1.0
2020-04-18,62.0,25.0,30.0,9.0,6.0,1.0
2020-04-19,54.0,26.0,26.0,6.0,5.0,1.0
2020-04-20,55.0,21.0,29.0,10.0,6.0,1.0
2020-04-21,50.0,23.0,26.0,8.0,6.0,1.0
2020-04-22,59.0,22.0,19.0,7.0,4.0,1.0
2020-04-23,53.0,19.0,24.0,7.0,4.0,1.0
2020-04-24,44.0,23.0,26.0,7.0,3.0,1.0
2020-04-25,52.0,23.0,26.0,7.0,3.0,1.0
2020-04-26,55.0,15.0,17.0,6.0,3.0,1.0
2020-04-27,39.0,15.0,18.0,6.0,3.0,1.0
2020-04-28,33.0,25.0,26.0,8.0,3.0,1.0
2020-04-29,65.0,21.0,26.0,7.0,3.0,1.0
2020-04-30,54.0,18.0,23.0,6.0,3.0,1.0
2020-05-01,43.0,23.0,24.0,8.0,3.0,1.0
2020-05-02,58.0,25.0,30.0,6.0,3.0,1.0
2020-05-03,62.0,34.0,20.0,7.0,3.0,1.0
2020-05-04,73.0,29.0,22.0,6.0,3.0,1.0
2020-05-05,62.0,20.0,5.0,5.0,3.0,1.0
2020-05-06,48.0,19.692307692307693,5.538461538461538,4.923076923076923,3.0,1.0
2020-05-07,47.15384615384615,19.384615384615383,6.076923076923077,4.846153846153846,3.0,1.0
2020-05-08,46.30769230769231,19.076923076923077,6.615384615384615,4.769230769230769,3.0,1.0
2020-05-09,45.46153846153846,18.76923076923077,7.153846153846153,4.6923076923076925,3.0,1.0
2020-05-10,44.61538461538461,18.46153846153846,7.6923076923076925,4.615384615384615,3.0,1.0
2020-05-11,43.76923076923077,18.153846153846153,8.23076923076923,4.538461538461538,3.0,1.0
2020-05-12,42.92307692307692,17.846153846153847,8.76923076923077,4.461538461538462,3.0,1.0
2020-05-13,42.07692307692308,17.53846153846154,9.307692307692307,4.384615384615385,3.0,1.0
2020-05-14,41.23076923076923,17.23076923076923,9.846153846153847,4.3076923076923075,3.0,1.0
2020-05-15,40.38461538461539,16.923076923076923,10.384615384615385,4.230769230769231,3.0,1.0
2020-05-16,39.53846153846154,16.615384615384617,10.923076923076923,4.153846153846154,3.0,1.0
2020-05-17,38.69230769230769,16.307692307692307,11.461538461538462,4.076923076923077,3.0,1.0
2020-05-18,37.84615384615385,16.0,12.0,4.0,3.0,1.0
2020-05-19,37.0,14.0,21.0,4.0,3.0,1.0
2020-05-20,34.0,4.0,16.0,4.0,3.0,1.0
2020-05-21,12.0,9.666666666666668,16.0,3.6666666666666665,3.1666666666666665,1.0
2020-05-22,20.166666666666664,15.333333333333334,16.0,3.3333333333333335,3.3333333333333335,1.0
2020-05-23,28.333333333333332,21.0,16.0,3.0,3.5,1.0
2020-05-24,36.5,26.666666666666668,16.0,2.666666666666667,3.6666666666666665,1.0
2020-05-25,44.666666666666664,32.333333333333336,16.0,2.3333333333333335,3.833333333333333,1.0
2020-05-26,52.83333333333333,38.0,16.0,2.0,4.0,1.0
2020-05-27,61.0,36.2,18.4,3.0,4.2,1.0
2020-05-28,60.4,34.4,20.8,4.0,4.4,1.0
2020-05-29,59.8,32.6,23.2,5.0,4.6,1.0
2020-05-30,59.2,30.8,25.6,6.0,4.8,1.0
2020-05-31,58.6,29.0,28.0,7.0,5.0,1.0
2020-06-01,58.0,31.0,37.0,9.0,5.0,1.0
2020-06-02,53.0,25.0,62.0,29.0,5.0,2.0
2020-06-03,51.0,32.0,35.0,5.0,5.0,2.0
2020-06-04,61.0,33.25,35.25,6.0,18.5,2.25
2020-06-05,64.25,34.5,35.5,7.0,32.0,2.5
2020-06-06,67.5,35.75,35.75,8.0,45.5,2.75
2020-06-07,70.75,37.0,36.0,9.0,59.0,3.0
2020-06-08,74.0,36.0,30.0,4.0,67.0,1.0
2020-06-09,69.0,26.0,88.0,3.0,171.0,3.0
2020-06-10,34.0,14.0,35.0,4.0,175.0,1.0
2020-06-11,50.0,22.0,29.0,4.0,173.0,1.0
2020-06-12,30.0,23.0,75.0,3.0,171.0,3.0
2020-06-13,35.0,23.0,6.0,2.0,190.0,1.0
2020-06-14,41.0,27.0,18.0,2.0,95.0,1.0
2020-06-15,51.0,24.0,23.0,2.0,2.0,1.0
2020-06-16,43.0,40.0,74.0,12.0,2.0,2.0
2020-06-17,58.0,43.0,105.0,17.0,2.0,2.0
2020-06-18,64.0,42.0,23.0,4.0,3.0,2.0
2020-06-19,68.0,31.0,18.0,3.0,3.0,1.0
2020-06-20,41.0,22.0,24.0,2.0,3.0,1.0
2020-06-21,36.0,33.0,40.0,3.0,3.0,3.0
2020-06-22,47.0,38.0,18.0,3.0,3.0,2.0
2020-06-23,59.0,50.0,29.0,7.0,3.0,2.0
2020-06-24,63.0,46.0,19.0,4.0,3.0,1.0
2020-06-25,60.0,34.0,27.0,6.0,3.0,1.0
2020-06-26,45.0,31.0,18.0,8.0,3.0,1.0
2020-06-27,40.0,26.0,17.0,8.0,4.0,2.0
2020-06-28,45.0,33.0,26.0,6.0,4.0,2.0
2020-06-29,59.0,38.0,28.0,10.0,4.0,2.0
2020-06-30,61.0,35.0,28.0,8.0,3.0,2.0
2020-07-01,54.0,37.0,33.0,15.0,4.0,3.0
2020-07-02,45.0,99.0,28.0,34.0,3.0,2.0
2020-07-03,30.0,31.0,24.0,106.0,4.0,1.0
2020-07-04,46.0,32.833333333333336,17.0,104.0,4.0,1.0
2020-07-05,76.0,34.666666666666664,32.0,64.0,4.0,2.0
2020-07-06,72.0,36.5,18.0,13.0,3.0,2.0
2020-07-07,101.0,38.333333333333336,39.0,64.0,3.0,2.0
2020-07-08,122.0,40.166666666666664,20.0,51.0,4.0,2.0
2020-07-09,111.0,42.0,31.0,69.0,4.0,2.0
2020-07-10,107.0,45.0,21.0,48.0,5.0,2.0
2020-07-11,91.0,48.0,21.0,65.0,4.0,1.0
2020-07-12,93.0,51.0,24.0,119.0,4.5,1.5
2020-07-13,87.5,54.0,27.0,173.0,5.0,2.0
2020-07-14,82.0,49.0,22.0,147.66666666666666,27.5,2.5
2020-07-15,62.0,44.0,17.0,122.33333333333333,50.0,3.0
2020-07-16,42.0,64.0,36.0,97.0,4.0,2.0
2020-07-17,89.0,69.0,30.0,16.0,42.0,2.0
2020-07-18,84.0,66.0,28.5,36.0,23.5,2.5
2020-07-19,109.5,63.0,27.0,56.0,5.0,3.0
2020-07-20,135.0,68.0,23.0,67.0,4.0,2.0
2020-07-21,114.0,64.0,34.0,55.0,5.0,3.0
2020-07-22,121.0,58.0,19.0,39.0,4.0,1.0
2020-07-23,98.0,58.0,42.0,6.0,5.0,2.0
2020-07-24,113.0,57.0,17.0,31.0,11.0,1.0
2020-07-25,103.0,70.0,16.0,121.0,5.0,1.0
2020-07-26,123.0,66.0,37.0,118.0,4.0,2.0
2020-07-27,141.0,73.0,26.0,93.0,5.0,3.0
2020-07-28,126.0,55.0,19.0,69.0,5.0,2.0
2020-07-29,75.0,51.0,27.0,53.0,5.0,1.0
2020-07-30,70.0,51.0,25.0,27.0,4.0,2.0
2020-07-31,67.0,47.0,35.0,7.0,4.0,2.0
2020-08-01,70.0,53.0,19.0,6.0,4.0,2.0
2020-08-02,96.0,78.0,37.0,8.0,4.0,3.0
2020-08-03,154.0,61.0,18.0,8.0,4.0,3.0
2020-08-04,107.0,41.0,22.0,4.0,4.0,1.0
2020-08-05,58.0,43.0,30.0,5.0,4.0,2.0
2020-08-06,62.0,55.0,35.0,5.0,3.0,2.0
2020-08-07,84.0,58.0,16.0,4.0,4.0,1.0
2020-08-08,98.0,48.0,15.0,3.0,4.0,1.0
2020-08-09,72.0,40.0,24.0,5.0,5.0,2.0
2020-08-10,63.0,49.0,27.0,7.0,3.0,2.0
2020-08-11,89.0,53.0,25.0,6.0,4.0,2.0
2020-08-12,84.0,38.0,20.0,4.0,4.0,1.0
2020-08-13,57.0,39.0,23.0,6.0,4.0,1.0
2020-08-14,57.0,49.0,14.0,5.0,4.0,1.0
2020-08-15,59.0,53.0,15.0,5.0,4.0,1.0
2020-08-16,74.0,49.0,26.0,7.0,6.0,3.0
2020-08-17,81.0,50.0,30.0,7.0,3.0,2.0
2020-08-18,89.0,44.0,25.0,6.0,3.0,2.0
2020-08-19,60.0,40.0,16.0,4.0,3.0,1.0
2020-08-20,52.0,57.0,20.0,4.0,3.0,1.0
2020-08-21,58.0,128.0,6.0,6.0,2.0,3.0
2020-08-22,102.0,77.0,6.0,9.0,2.0,2.0
2020-08-23,123.0,53.0,12.0,10.0,2.0,2.0
2020-08-24,118.0,61.0,18.0,6.0,3.0,2.0
2020-08-25,105.0,37.0,14.0,4.0,2.0,1.0
2020-08-26,58.0,43.0,8.0,3.0,3.0,1.0
2020-08-27,69.0,59.0,18.0,8.0,3.0,3.0
2020-08-28,96.0,66.0,10.0,9.0,3.0,1.0
2020-08-29,101.0,67.0,9.0,9.0,2.0,2.0
2020-08-30,108.0,64.0,10.0,7.0,2.0,2.0
2020-08-31,130.0,62.0,15.0,10.0,3.0,3.0
2020-09-01,116.0,49.0,14.0,7.0,2.0,2.0
2020-09-02,83.0,46.0,13.0,7.0,2.0,1.0
2020-09-03,78.0,65.0,14.0,9.0,3.0,3.0
2020-09-04,107.0,61.0,9.0,8.0,2.0,2.0
2020-09-05,93.0,53.0,11.0,6.0,3.0,1.0
2020-09-06,80.0,57.5,15.5,10.5,3.0,2.5
2020-09-07,90.5,62.0,20.0,15.0,3.0,4.0
2020-09-08,101.0,67.0,14.0,14.0,2.0,3.0
2020-09-09,134.0,61.0,15.0,12.0,3.0,2.0
2020-09-10,102.0,41.0,10.0,5.0,3.0,1.0
2020-09-11,64.0,38.0,8.0,5.0,3.0,1.0
2020-09-12,61.0,37.0,8.0,4.0,3.0,2.0
2020-09-13,52.0,34.0,11.0,7.0,3.0,1.0
2020-09-14,55.0,43.0,10.0,6.0,4.0,3.0
2020-09-15,76.0,49.0,18.0,6.0,2.0,2.0
2020-09-16,67.0,44.0,10.0,5.0,2.0,1.0
2020-09-17,78.0,48.0,19.0,5.0,2.0,3.0
2020-09-18,84.0,51.0,9.0,7.0,2.0,2.0
2020-09-19,98.0,52.0,9.0,6.0,3.0,2.0
2020-09-20,112.0,27.0,11.0,4.0,3.0,1.0
2020-09-21,55.0,41.0,14.0,5.0,170.0,1.0
2020-09-22,70.0,45.0,14.0,5.0,138.0,1.0
2020-09-23,72.0,55.0,11.0,6.0,14.0,2.0
2020-09-24,88.0,61.0,10.0,6.0,3.0,3.0
2020-09-25,97.0,58.0,9.0,7.0,3.0,2.0
2020-09-26,104.0,63.0,10.0,6.0,3.0,2.0
2020-09-27,122.0,80.0,8.0,6.0,8.0,5.0
2020-09-28,158.0,62.0,10.0,6.0,3.0,5.0
2020-09-29,111.0,53.0,12.0,7.0,3.0,5.0
2020-09-30,84.0,45.0,13.0,4.0,4.0,4.0
2020-10-01,74.0,43.0,13.0,5.0,4.0,24.0
2020-10-02,70.0,47.0,9.0,4.0,4.0,16.333333333333332
2020-10-03,91.0,51.0,12.0,4.0,4.0,8.666666666666666
2020-10-04,103.0,49.0,9.0,4.0,3.0,1.0
2020-10-05,90.0,44.0,13.0,5.0,4.0,1.0
2020-10-06,75.0,50.0,12.0,6.0,3.0,1.0
2020-10-07,89.0,61.0,16.0,6.0,5.0,1.0
2020-10-08,105.0,80.0,11.0,6.0,3.0,1.0
2020-10-09,147.0,77.0,9.0,7.0,3.0,11.0
2020-10-10,138.0,67.0,9.0,8.0,3.0,8.0
2020-10-11,138.0,73.0,9.0,7.0,3.0,10.0
2020-10-12,141.0,67.0,10.0,5.0,3.0,9.0
2020-10-13,123.0,48.0,10.0,4.0,3.0,9.0
2020-10-14,68.0,47.0,12.0,4.0,3.0,4.0
2020-10-15,76.0,71.0,18.0,5.0,3.0,10.0
2020-10-16,126.0,87.0,14.0,5.0,2.0,21.0
2020-10-17,154.0,97.0,11.0,5.0,2.0,22.0
2020-10-18,160.0,89.0,13.0,6.0,3.0,22.0
2020-10-19,133.0,97.0,14.0,9.0,2.0,26.0
2020-10-20,162.0,44.0,11.0,4.0,3.0,13.0
2020-10-21,67.0,31.0,13.0,3.0,3.0,6.0
2020-10-22,58.0,35.0,19.0,3.0,3.0,3.0
2020-10-23,69.0,47.0,17.0,11.0,3.0,10.0
2020-10-24,83.0,66.0,14.0,7.0,3.0,10.0
2020-10-25,131.0,95.0,26.0,8.0,4.0,5.0
2020-10-26,166.0,111.0,19.0,9.0,5.0,4.666666666666667
2020-10-27,174.0,118.0,18.0,7.0,5.0,4.333333333333333
2020-10-28,182.0,84.0,22.0,6.0,3.0,4.0
2020-10-29,163.0,80.0,18.0,5.0,3.0,6.0
2020-10-30,161.0,83.0,15.0,5.0,3.0,5.0
2020-10-31,155.0,35.0,15.0,4.0,2.0,8.0
2020-11-01,73.0,46.0,14.0,4.0,2.0,7.0
2020-11-02,86.0,115.0,13.0,7.0,3.0,5.0
2020-11-03,178.0,135.0,46.0,9.0,8.0,3.0
2020-11-04,204.0,132.0,52.0,8.0,8.0,3.0
2020-11-05,189.0,144.0,52.0,8.0,6.0,2.0
2020-11-06,204.0,133.0,50.0,8.0,7.0,1.0
2020-11-07,194.0,125.0,36.0,8.0,5.0,2.0
2020-11-08,188.0,103.0,29.0,8.0,5.0,2.0
2020-11-09,162.0,85.0,35.0,6.0,6.0,4.0
2020-11-10,151.0,77.0,29.0,6.0,6.0,1.0
2020-11-11,142.0,88.0,29.0,7.0,7.0,1.0
2020-11-12,146.0,84.0,35.0,5.0,6.0,3.0
2020-11-13,144.0,122.0,43.0,6.0,6.0,1.0
2020-11-14,186.0,129.0,41.0,6.0,6.0,2.0
2020-11-15,203.0,127.0,37.0,7.0,7.0,3.0
2020-11-16,196.0,164.0,49.0,7.0,10.0,2.0
2020-11-17,220.0,149.0,44.0,7.0,10.0,1.0
2020-11-18,217.0,114.0,29.0,6.0,7.0,1.0
2020-11-19,179.0,113.0,25.0,5.0,7.0,1.0
2020-11-20,180.0,131.0,13.0,6.0,5.0,1.0
2020-11-21,212.0,107.0,43.0,6.0,5.0,1.0
2020-11-22,183.0,121.0,47.0,6.0,7.0,3.0
2020-11-23,185.0,126.0,30.0,6.0,7.0,2.0
2020-11-24,190.0,121.0,23.0,6.0,7.0,1.0
2020-11-25,185.0,124.0,20.0,6.0,7.0,1.0
2020-11-26,189.0,104.0,22.0,7.0,7.0,1.0
2020-11-27,168.0,112.0,35.0,8.0,8.0,1.0
2020-11-28,176.0,131.0,39.0,10.0,8.0,1.0
2020-11-29,190.0,134.0,41.0,11.0,8.0,1.0
2020-11-30,186.0,185.0,44.0,13.0,10.0,1.0
2020-12-01,224.0,197.0,33.0,13.0,10.0,2.0
2020-12-02,257.0,235.0,40.0,14.0,15.0,5.0
2020-12-03,291.0,309.0,36.0,14.0,13.0,9.0
2020-12-04,315.0,183.0,41.0,11.0,13.0,11.0
2020-12-05,254.0,181.0,33.0,11.0,10.0,11.0
2020-12-06,244.0,140.0,29.0,10.0,13.0,10.0
2020-12-07,208.0,159.0,16.0,8.0,5.0,11.0
2020-12-08,237.0,167.0,17.0,9.0,6.0,12.0
2020-12-09,245.0,158.0,22.0,10.0,5.0,13.0
2020-12-10,229.0,137.0,24.0,8.0,4.0,11.0
2020-12-11,206.0,150.0,27.0,8.0,7.0,10.0
2020-12-12,215.0,199.0,28.0,10.0,10.0,15.0
2020-12-13,247.0,178.0,27.0,9.0,5.0,11.0
2020-12-14,244.0,138.0,27.0,9.0,6.0,10.0
2020-12-15,203.0,143.0,33.0,9.0,9.0,11.0
2020-12-16,191.0,172.0,25.0,9.0,8.0,11.0
2020-12-17,218.0,168.0,33.0,9.0,11.0,10.0
2020-12-18,238.0,142.0,26.0,8.0,7.0,9.0
2020-12-19,202.0,157.0,24.0,9.0,7.0,10.0
2020-12-20,225.0,236.0,29.0,11.0,10.0,18.0
2020-12-21,284.0,241.0,21.0,11.0,10.0,16.0
2020-12-22,324.0,202.0,20.0,10.0,9.0,16.0
2020-12-23,311.0,162.0,20.0,9.0,6.0,15.0
2020-12-24,216.0,146.0,22.0,8.0,7.0,13.0
2020-12-25,213.0,174.0,22.0,9.0,7.0,14.0
2020-12-26,262.0,193.0,21.0,11.0,9.0,18.0
2020-12-27,243.0,222.0,25.0,11.0,9.0,21.0
2020-12-28,293.0,288.0,22.0,11.0,11.0,25.0
2020-12-29,352.0,143.0,19.0,9.0,8.0,16.0
2020-12-30,224.0,155.0,20.0,10.0,14.0,16.0
2020-12-31,213.0,165.0,17.0,10.0,14.0,19.0
2021-01-01,214.0,184.0,17.0,11.0,12.0,21.0
2021-01-02,263.0,220.0,19.0,11.0,9.0,22.0
2021-01-03,268.0,168.0,22.0,10.0,9.0,21.0
2021-01-04,222.0,156.0,22.0,10.0,8.0,22.0
2021-01-05,218.0,250.0,25.0,12.0,9.0,32.0
2021-01-06,295.0,309.0,23.0,12.0,18.0,29.0
2021-01-07,323.0,181.0,19.0,10.0,13.0,24.0
2021-01-08,282.0,145.0,24.0,9.0,9.0,17.0
2021-01-09,201.0,148.0,26.0,9.0,15.0,12.0
2021-01-10,202.0,152.0,21.0,10.0,25.0,11.0
2021-01-11,216.0,105.0,15.0,10.0,7.0,9.0
2021-01-12,147.0,133.0,20.0,7.0,10.0,7.0
2021-01-13,198.0,136.0,14.0,8.0,10.0,8.0
2021-01-14,211.0,157.0,19.0,8.0,16.0,10.0
2021-01-15,223.0,171.0,19.0,8.0,13.0,11.0
2021-01-16,255.0,183.0,18.0,8.0,14.0,12.0
2021-01-17,269.0,229.0,19.0,9.0,14.0,19.0
2021-01-18,292.0,244.0,20.0,10.0,16.0,18.0
2021-01-19,334.0,148.0,17.0,8.0,18.0,12.0
2021-01-20,213.0,152.0,21.0,8.0,17.0,11.0
2021-01-21,222.0,143.0,18.0,7.0,14.0,11.0
2021-01-22,214.0,149.0,15.0,8.0,13.0,14.0
2021-01-23,222.0,149.0,20.0,7.0,16.0,17.0
2021-01-24,215.0,147.0,16.0,7.0,17.0,20.0
2021-01-25,225.0,142.0,13.0,7.0,15.0,25.0
2021-01-26,203.0,144.0,14.0,7.0,16.0,27.0
2021-01-27,196.0,134.0,20.0,8.0,14.0,22.0
2021-01-28,185.0,155.0,17.0,7.0,16.0,11.0
2021-01-29,219.0,171.0,16.0,8.0,19.0,13.0
2021-01-30,226.0,150.0,15.0,7.0,17.0,10.0
2021-01-31,217.0,144.0,12.0,8.0,16.0,13.0
2021-02-01,207.0,172.0,17.0,9.0,14.0,14.0
2021-02-02,238.0,181.0,22.0,10.0,14.0,17.0
2021-02-03,241.0,170.0,19.0,9.0,12.0,13.0
2021-02-04,238.0,158.0,20.0,9.0,12.0,15.0
2021-02-05,204.0,189.0,21.0,9.0,19.0,14.0
2021-02-06,247.0,107.0,18.0,8.0,11.0,10.0
2021-02-07,192.0,132.0,18.0,8.0,13.0,12.0
2021-02-08,184.0,191.0,22.0,9.0,15.0,16.0
2021-02-09,237.0,163.0,20.0,9.0,15.0,12.0
2021-02-10,207.0,163.0,18.0,9.0,21.0,14.0
2021-02-11,221.0,151.0,15.0,8.0,17.0,12.0
2021-02-12,214.0,179.0,18.0,9.0,19.0,14.0
2021-02-13,242.0,128.0,18.0,7.0,13.0,10.0
2021-02-14,190.0,114.0,17.0,7.0,11.0,10.0
2021-02-15,178.0,146.0,18.0,7.0,15.0,12.0
2021-02-16,261.0,163.0,13.0,8.0,19.0,17.0
2021-02-17,491.0,157.0,16.0,8.0,14.0,17.0
2021-02-18,195.0,155.0,15.0,8.0,10.0,16.0
2021-02-19,190.0,190.0,10.0,8.0,12.0,19.0
2021-02-20,238.0,229.0,12.0,8.0,20.0,19.0
2021-02-21,262.0,183.0,18.0,8.0,22.0,16.0
2021-02-22,240.0,171.0,22.0,9.0,21.0,12.0
2021-02-23,208.0,187.0,26.0,8.0,16.0,16.0
2021-02-24,203.0,173.0,22.0,8.0,20.0,9.0
2021-02-25,207.0,176.0,23.0,8.0,17.0,11.0
2021-02-26,189.0,150.0,19.0,7.0,16.0,8.0
2021-02-27,175.0,123.0,21.0,7.0,12.0,8.0
2021-02-28,169.0,124.0,25.0,7.0,10.0,7.0
2021-03-01,168.0,123.0,19.0,7.0,4.0,7.0
2021-03-02,169.0,165.0,15.0,8.0,8.0,12.0
2021-03-03,177.0,185.0,20.0,8.0,11.0,10.0
2021-03-04,204.0,105.0,14.0,7.0,5.0,6.0
2021-03-05,171.0,143.0,14.0,7.0,16.0,9.0
2021-03-06,181.0,111.0,11.0,7.0,3.0,7.0
2021-03-07,178.0,103.0,15.0,7.0,6.0,7.0
2021-03-08,169.0,72.0,24.0,6.0,6.0,7.0
2021-03-09,140.0,68.0,5.0,7.0,4.0,6.0
2021-03-10,115.0,68.0,8.0,6.0,4.0,7.0
2021-03-11,138.0,84.0,5.0,7.0,5.0,7.0
2021-03-12,151.0,137.0,11.0,7.0,10.0,6.0
2021-03-13,179.0,93.0,18.0,7.0,5.0,6.0
2021-03-14,169.0,106.0,35.0,7.0,20.0,6.0
2021-03-15,170.0,118.0,27.0,7.0,7.0,8.0
2021-03-16,171.0,171.0,20.0,7.0,14.0,7.0
2021-03-17,213.0,183.0,25.0,7.0,12.0,9.0
2021-03-18,182.0,145.0,28.0,7.0,11.0,9.0
2021-03-19,187.0,174.0,24.0,7.0,15.0,8.0
2021-03-20,200.0,138.0,30.0,7.0,12.0,7.0
2021-03-21,189.0,141.0,45.0,7.0,7.0,8.0
2021-03-22,190.0,166.0,24.0,7.0,15.0,8.0
2021-03-23,202.0,141.0,28.0,7.0,11.0,10.0
2021-03-24,185.0,126.0,23.0,7.0,10.0,7.0
2021-03-25,175.0,147.0,24.0,8.0,14.0,8.0
2021-03-26,178.0,133.0,10.0,8.0,15.0,7.0
2021-03-27,175.0,138.75,11.25,7.75,12.5,8.25
2021-03-28,178.25,144.5,12.5,7.5,10.0,9.5
2021-03-29,181.5,150.25,13.75,7.25,7.500000000000001,10.75
2021-03-30,184.75,156.0,15.0,7.0,5.0,12.0
2021-03-31,188.0,130.0,38.0,7.0,6.0,9.0
2021-04-01,169.0,110.0,28.0,6.0,2.0,10.0
2021-04-02,158.0,105.0,24.0,6.0,3.0,12.0
2021-04-03,158.0,112.0,42.0,6.0,3.0,11.0
2021-04-04,154.0,87.0,48.0,7.0,5.0,9.0
2021-04-05,156.0,100.0,20.0,7.0,5.0,11.0
2021-04-06,156.0,87.0,22.0,6.0,4.0,13.0
2021-04-07,146.0,88.0,13.0,6.0,4.0,18.0
2021-04-08,144.0,80.0,13.0,6.0,4.0,18.0
2021-04-09,146.0,87.0,20.0,6.0,5.0,20.0
2021-04-10,156.0,85.0,25.0,6.0,7.0,15.0
2021-04-11,145.0,92.0,30.0,7.0,11.0,17.0
2021-04-12,157.0,81.0,24.0,7.0,7.0,24.0
2021-04-13,144.0,80.0,22.0,6.0,6.0,22.0
2021-04-14,140.0,80.0,26.0,7.0,6.0,24.0
2021-04-15,142.0,89.0,30.0,6.0,9.0,21.0
2021-04-16,156.0,74.0,25.0,6.0,5.0,19.0
2021-04-17,103.0,58.0,19.0,7.0,6.0,19.0
2021-04-18,114.0,73.0,50.0,7.0,7.0,13.0
2021-04-19,157.0,74.0,21.0,7.0,3.0,25.0
2021-04-20,127.0,69.0,23.0,6.0,3.0,25.0
2021-04-21,127.0,81.0,19.0,7.0,6.0,24.0
2021-04-22,155.0,100.0,42.0,7.0,6.0,16.0
2021-04-23,167.0,109.0,42.0,7.0,8.0,17.0
2021-04-24,168.0,82.0,37.0,6.0,5.0,18.0
2021-04-25,148.0,89.0,42.0,7.0,8.0,21.0
2021-04-26,150.0,82.0,29.0,7.0,4.0,29.0
2021-04-27,137.0,87.0,20.0,6.0,4.0,27.0
2021-04-28,146.0,105.0,22.0,6.0,5.0,23.0
2021-04-29,131.0,94.0,34.0,7.0,5.0,19.0
2021-04-30,145.0,69.0,29.0,6.0,6.0,11.0
2021-05-01,135.0,67.0,17.0,6.0,5.0,22.0
2021-05-02,134.0,61.0,56.0,6.0,7.0,13.0
2021-05-03,135.0,56.0,11.0,6.0,4.0,24.0
2021-05-04,122.0,50.0,12.0,6.0,4.0,23.0
2021-05-05,111.0,51.0,29.0,6.0,3.0,10.0
2021-05-06,107.0,52.0,14.0,6.0,4.0,14.0
2021-05-07,107.0,61.0,17.0,6.0,5.0,11.0
2021-05-08,124.0,48.0,12.0,6.0,3.0,6.0
2021-05-09,91.0,50.0,36.0,6.0,3.0,1.0
2021-05-10,116.0,40.0,15.0,6.0,3.0,1.5
2021-05-11,102.0,50.0,18.0,6.0,4.0,2.0
2021-05-12,108.0,44.0,13.0,7.0,23.0,2.0
2021-05-13,116.0,57.0,20.0,6.0,5.0,2.0
2021-05-14,132.0,56.0,17.0,7.0,3.0,1.0
2021-05-15,112.0,42.0,20.0,6.0,3.0,1.0
2021-05-16,72.0,39.0,24.0,6.0,3.0,1.0
2021-05-17,79.0,40.0,25.0,6.0,3.0,2.0
2021-05-18,83.0,47.0,21.0,6.0,3.0,2.0
2021-05-19,79.0,45.0,13.0,5.0,3.0,2.0
2021-05-20,79.0,47.0,22.0,5.0,3.0,2.0
2021-05-21,83.0,53.0,18.0,6.0,3.0,2.0
2021-05-22,98.0,60.0,27.0,6.0,3.0,3.0
2021-05-23,126.0,48.0,23.0,6.0,3.0,3.0
2021-05-24,118.0,30.0,35.0,6.0,3.0,3.0
2021-05-25,68.0,39.0,11.0,6.0,3.0,3.0
2021-05-26,69.0,44.0,15.0,6.0,3.0,2.0
2021-05-27,76.0,56.0,15.0,6.0,4.0,2.0
2021-05-28,83.0,73.0,101.0,6.0,3.0,2.0
2021-05-29,112.0,65.0,71.0,6.0,3.0,2.0
2021-05-30,110.0,48.0,112.0,6.0,3.0,3.0
2021-05-31,85.0,61.0,21.0,6.0,3.0,3.0
2021-06-01,122.0,49.0,11.0,5.0,3.0,3.0
2021-06-02,96.0,53.0,16.0,5.0,4.0,3.0
2021-06-03,95.0,63.0,178.0,6.0,2.5,3.0
2021-06-04,124.0,60.0,56.0,6.0,1.0,3.0
2021-06-05,111.0,59.0,24.0,6.0,1.0,3.0
2021-06-06,110.0,47.0,16.0,4.0,3.0,3.0
2021-06-07,85.0,46.0,17.0,3.0,1.0,3.0
2021-06-08,88.0,52.0,19.0,4.0,4.0,4.0
2021-06-09,109.0,54.0,17.0,8.0,3.0,3.0
2021-06-10,103.0,45.0,16.0,7.0,3.0,4.0
2021-06-11,77.0,47.0,19.0,7.0,3.0,3.0
2021-06-12,81.0,41.0,16.0,7.0,3.0,3.0
2021-06-13,60.0,43.0,18.0,6.0,3.0,3.0
2021-06-14,74.0,42.0,402.0,7.0,3.0,3.0
2021-06-15,75.0,54.0,18.0,7.0,3.0,4.0
2021-06-16,106.0,42.0,17.0,6.0,3.0,3.0
2021-06-17,83.0,42.0,21.0,6.0,3.0,2.0
2021-06-18,69.0,53.0,13.0,7.0,3.0,4.0
2021-06-19,101.0,61.0,19.0,8.0,3.0,3.0
2021-06-20,110.0,69.0,53.0,11.0,3.0,4.0
2021-06-21,130.0,54.0,95.0,9.0,3.0,3.0
2021-06-22,100.0,51.0,175.0,8.0,3.0,3.0
2021-06-23,110.0,55.0,213.0,7.0,3.0,3.0
2021-06-24,107.0,59.0,210.0,7.0,3.0,3.0
2021-06-25,119.0,54.0,402.0,6.0,6.0,2.0
2021-06-26,100.0,53.0,402.0,7.0,2.0,3.0
2021-06-27,83.0,58.0,221.0,7.0,3.0,3.0
2021-06-28,110.0,60.0,314.0,8.0,3.0,4.0
2021-06-29,94.0,72.0,230.0,8.0,3.0,3.0
2021-06-30,105.0,61.0,236.0,8.0,3.0,4.0
2021-07-01,95.0,57.0,242.0,8.0,2.0,3.0
2021-07-02,115.0,61.0,158.0,9.0,3.0,4.0
2021-07-03,123.0,56.0,91.0,8.0,3.0,3.0
2021-07-04,96.0,57.0,24.0,8.0,3.0,3.0
2021-07-05,116.0,80.0,20.0,8.0,4.0,4.0
2021-07-06,159.0,72.0,30.0,8.0,4.0,3.0
2021-07-07,131.0,52.0,15.0,8.0,3.0,4.0
2021-07-08,89.0,60.0,22.0,7.0,4.0,3.0
2021-07-09,110.0,61.0,16.0,6.0,4.0,3.0
2021-07-10,124.0,44.0,10.0,6.0,3.0,2.0
2021-07-11,60.0,33.0,13.0,6.0,4.0,2.0
2021-07-12,47.0,29.0,17.0,5.0,4.0,3.0
2021-07-13,54.0,33.0,20.0,6.0,3.0,2.0
2021-07-14,52.0,40.0,19.0,5.0,3.0,2.0
2021-07-15,61.0,43.0,17.0,5.0,3.0,2.0
2021-07-16,61.0,52.0,27.0,6.0,3.0,3.0
2021-07-17,70.0,51.0,35.0,7.0,3.0,2.0
2021-07-18,71.0,57.0,105.0,8.0,3.0,4.0
2021-07-19,96.0,56.0,84.0,8.0,4.0,4.0
2021-07-20,107.0,47.0,257.0,8.0,3.0,4.0
2021-07-21,126.0,39.0,137.0,6.0,4.0,3.0
2021-07-22,66.0,33.0,103.0,6.0,5.0,3.0
2021-07-23,43.0,31.0,11.0,6.0,3.0,3.0
2021-07-24,52.0,56.0,42.0,7.0,4.0,3.0
2021-07-25,94.0,69.0,41.0,8.0,4.0,4.0
2021-07-26,122.0,58.0,35.0,8.0,3.0,4.0
2021-07-27,106.0,44.0,165.0,8.0,3.0,4.0
2021-07-28,74.0,35.0,124.0,7.0,3.0,3.0
2021-07-29,65.0,39.0,47.0,7.0,3.0,3.0
2021-07-30,72.0,53.0,16.0,8.0,4.0,3.0
2021-07-31,86.0,61.0,28.0,8.0,4.0,2.0
2021-08-01,104.0,68.0,32.0,9.0,4.0,4.0
2021-08-02,124.0,69.0,22.0,9.0,4.0,4.0
2021-08-03,134.0,63.0,33.0,10.0,4.0,4.0
2021-08-04,131.0,68.0,22.0,9.0,4.0,7.0
2021-08-05,131.0,75.0,22.0,11.0,4.0,5.0
2021-08-06,132.0,66.0,78.0,9.0,4.0,3.0
2021-08-07,121.0,50.0,16.0,8.0,4.0,3.0
2021-08-08,100.0,64.0,20.0,8.0,4.0,3.0
2021-08-09,109.0,60.0,29.0,9.0,5.0,4.0
2021-08-10,109.0,68.0,27.0,8.0,4.0,3.0
2021-08-11,126.0,62.0,48.0,8.0,4.0,4.0
2021-08-12,136.0,65.0,45.0,9.0,6.0,4.0
2021-08-13,137.0,68.0,25.0,10.0,5.0,3.0
2021-08-14,133.0,51.0,18.0,8.0,5.0,2.0
2021-08-15,78.0,35.0,16.0,7.0,4.0,2.0
2021-08-16,59.0,34.0,21.0,7.0,5.0,2.0
2021-08-17,64.0,41.0,19.0,6.0,5.0,2.0
2021-08-18,74.0,41.0,18.0,6.0,4.0,2.0
2021-08-19,75.0,36.0,18.0,7.0,4.0,2.0
2021-08-20,71.0,44.0,15.0,8.0,4.0,2.0
2021-08-21,78.0,59.0,24.0,8.0,4.0,2.0
2021-08-22,90.0,64.0,26.0,8.0,4.0,2.0
2021-08-23,100.0,82.0,25.0,9.0,4.0,3.0
2021-08-24,143.0,68.0,31.0,10.0,5.0,4.0
2021-08-25,137.0,68.0,20.0,10.0,12.0,4.0
2021-08-26,124.0,61.0,14.0,8.0,4.0,5.0
2021-08-27,121.0,44.0,16.0,7.0,4.0,2.0
2021-08-28,76.0,33.0,15.0,6.0,5.0,2.0
2021-08-29,61.0,35.0,65.0,6.0,4.0,2.0
2021-08-30,58.0,43.0,15.0,6.0,5.0,3.0
2021-08-31,71.0,61.0,39.0,8.0,4.0,4.0
2021-09-01,99.0,61.0,21.0,9.0,4.0,4.0
2021-09-02,97.0,60.0,23.0,7.0,4.0,3.0
2021-09-03,99.0,69.0,23.0,9.0,4.0,4.0
2021-09-04,129.0,54.0,26.0,8.0,4.0,2.0
2021-09-05,89.0,33.0,15.0,6.0,5.0,2.0
2021-09-06,58.0,29.0,28.0,6.0,5.0,3.0
2021-09-07,55.0,38.0,18.0,6.0,4.0,3.0
2021-09-08,66.0,46.0,18.0,7.0,5.0,3.0
2021-09-09,74.0,64.0,27.0,8.0,5.0,3.0
2021-09-10,120.0,50.0,16.0,8.0,4.0,3.0
2021-09-11,77.0,46.0,17.0,7.0,4.0,2.0
2021-09-12,67.0,45.0,19.0,7.0,4.0,2.0
2021-09-13,63.0,39.0,23.0,6.0,5.0,2.0
2021-09-14,57.0,35.0,20.0,7.0,4.0,3.0
2021-09-15,60.0,46.0,15.0,7.0,5.0,3.0
2021-09-16,83.0,45.0,19.0,7.0,5.0,3.0
2021-09-17,87.0,59.0,14.0,7.0,5.0,4.0
2021-09-18,105.0,74.0,18.0,9.0,4.0,4.0
2021-09-19,142.0,45.0,14.0,7.0,5.0,3.0
2021-09-20,87.0,22.0,16.0,6.0,4.0,2.0
2021-09-21,37.0,29.0,17.0,7.0,4.0,3.0
2021-09-22,58.0,45.0,13.0,7.0,4.0,4.0
2021-09-23,83.0,67.0,26.0,8.0,5.0,6.0
2021-09-24,126.0,78.0,20.0,9.0,4.0,4.0
2021-09-25,149.0,57.0,14.0,7.0,6.0,4.0
2021-09-26,89.0,52.0,17.0,6.0,5.0,3.0
2021-09-27,73.0,43.0,17.0,6.0,6.0,2.0
2021-09-28,66.0,29.0,21.0,6.0,5.0,2.0
2021-09-29,58.0,36.0,12.0,7.0,4.0,3.0
2021-09-30,68.0,49.0,15.0,8.0,4.0,3.0
2021-10-01,84.0,56.0,17.0,7.0,4.0,2.0
2021-10-02,86.0,60.0,19.0,7.0,4.0,3.0
2021-10-03,102.0,67.0,28.0,8.0,4.0,4.0
2021-10-04,128.0,67.0,23.0,11.0,4.0,5.0
2021-10-05,120.0,73.0,21.0,11.0,5.0,4.0
2021-10-06,141.0,78.0,21.0,11.0,4.0,5.0
2021-10-07,146.0,86.0,23.0,12.0,4.0,6.0
2021-10-08,161.0,97.0,24.0,11.0,4.0,6.0
2021-10-09,171.0,89.0,25.0,10.0,4.0,6.0
2021-10-10,167.0,103.0,37.0,8.0,4.0,5.0
2021-10-11,170.0,102.0,37.0,10.0,6.0,5.0
2021-10-12,171.0,96.0,26.0,9.0,6.0,5.0
2021-10-13,171.0,50.0,27.0,7.0,6.0,4.0
2021-10-14,103.0,60.0,27.0,8.0,6.0,4.0
2021-10-15,133.0,34.0,21.0,7.0,6.0,3.0
2021-10-16,68.0,33.0,16.0,7.0,7.0,3.0
2021-10-17,63.0,36.0,19.0,7.0,6.0,3.0
2021-10-18,65.0,35.0,133.0,7.0,6.0,3.0
2021-10-19,62.0,56.0,80.0,8.0,7.0,5.0
2021-10-20,97.0,95.0,29.0,13.0,5.0,9.0
2021-10-21,162.0,92.0,34.0,12.0,6.0,5.0
2021-10-22,163.0,129.0,46.0,12.0,8.0,7.0
2021-10-23,184.0,110.0,38.0,11.0,7.0,6.0
2021-10-24,177.0,107.0,39.0,10.0,6.0,6.0
2021-10-25,176.0,105.0,41.0,9.0,7.0,6.0
2021-10-26,174.0,93.0,37.0,8.0,7.0,5.0
2021-10-27,167.0,95.0,30.0,9.0,8.0,6.0
2021-10-28,168.0,97.0,36.0,9.0,10.0,5.0
2021-10-29,165.0,96.0,43.0,10.0,12.0,5.0
2021-10-30,161.0,101.0,54.0,10.0,14.0,5.0
2021-10-31,166.0,115.0,43.0,13.0,12.0,7.0
2021-11-01,175.0,109.0,39.0,12.0,13.0,6.0
2021-11-02,175.0,103.0,41.0,12.0,13.0,6.0
2021-11-03,164.0,184.0,52.0,12.0,14.0,7.0
2021-11-04,226.0,139.0,43.0,10.0,9.0,6.0
2021-11-05,231.0,123.0,43.0,13.0,11.0,7.0
2021-11-06,191.0,116.0,42.0,11.0,8.0,6.0
2021-11-07,178.0,108.0,42.0,13.0,9.0,6.0
2021-11-08,170.0,117.0,47.0,15.0,18.0,7.0
2021-11-09,172.0,113.0,42.0,15.0,12.0,7.0
2021-11-10,170.0,110.0,41.0,13.0,13.0,7.0
2021-11-11,172.0,104.0,31.0,11.0,9.0,6.0
2021-11-12,167.0,84.0,30.0,9.0,4.0,5.0
2021-11-13,159.0,70.0,29.0,8.0,2.0,4.0
2021-11-14,151.0,65.0,27.0,8.0,2.0,5.0
2021-11-15,135.0,98.0,37.0,11.0,7.0,7.0
2021-11-16,167.0,112.0,44.0,13.0,6.0,7.0
2021-11-17,174.0,114.0,36.0,12.0,8.0,6.0
2021-11-18,172.0,123.0,44.0,13.0,14.0,8.0
2021-11-19,181.0,131.0,58.0,12.0,7.0,7.0
2021-11-20,187.0,150.0,53.0,14.0,11.0,9.0
2021-11-21,206.0,163.0,61.0,17.0,10.0,12.0
2021-11-22,214.0,153.0,38.0,13.0,12.0,8.0
2021-11-23,201.0,132.0,42.0,10.0,8.0,7.0
2021-11-24,186.0,141.0,44.0,11.0,18.0,8.0
2021-11-25,194.0,135.0,42.0,11.0,10.0,8.0
2021-11-26,190.0,138.0,42.0,12.0,9.0,8.0
2021-11-27,197.0,130.0,34.0,13.0,10.0,7.0
2021-11-28,187.0,117.0,40.0,13.0,17.0,6.0
2021-11-29,178.0,130.0,40.0,12.0,15.0,7.0
2021-11-30,183.0,150.0,35.0,14.0,12.0,10.0
2021-12-01,180.0,153.0,38.0,15.0,10.0,10.0
2021-12-02,209.0,162.0,34.0,15.0,8.0,11.0
2021-12-03,214.0,117.0,18.0,12.0,7.0,7.0
2021-12-04,177.0,79.0,16.0,8.0,8.0,5.0
2021-12-05,130.0,41.0,21.0,6.0,5.0,4.0
2021-12-06,58.0,60.0,8.0,7.0,8.0,5.0
2021-12-07,95.0,88.0,20.0,8.0,7.0,6.0
2021-12-08,158.0,101.0,18.0,9.0,7.0,6.0
2021-12-09,166.0,122.0,26.0,11.0,10.0,10.0
2021-12-10,177.0,191.0,27.0,13.0,10.0,12.0
2021-12-11,277.0,132.0,63.0,9.0,9.0,7.0
2021-12-12,191.0,171.0,42.0,16.0,12.0,10.0
2021-12-13,200.0,179.0,38.0,16.0,15.0,10.0
2021-12-14,219.0,162.0,50.0,16.0,14.0,9.0
2021-12-15,265.0,159.0,33.0,15.0,9.0,9.0
2021-12-16,279.0,143.0,31.0,17.0,15.0,9.0
2021-12-17,479.0,179.0,31.0,20.0,19.0,11.0
2021-12-18,223.0,136.0,81.0,11.0,18.0,6.0
2021-12-19,187.0,119.0,68.0,11.0,13.0,6.0
2021-12-20,178.0,176.0,24.0,15.0,21.0,10.0
2021-12-21,241.0,166.0,28.0,16.0,21.0,9.0
2021-12-22,225.0,190.0,24.0,19.0,19.0,11.0
2021-12-23,251.0,211.0,27.0,17.0,13.0,11.0
2021-12-24,259.0,216.0,32.0,18.0,12.0,13.0
2021-12-25,257.0,195.0,30.0,16.0,11.0,14.0
2021-12-26,248.0,155.0,27.0,15.0,11.0,11.0
2021-12-27,222.0,151.0,28.0,12.0,12.0,8.0
2021-12-28,225.0,160.0,24.0,13.0,12.0,9.0
2021-12-29,217.0,155.0,13.0,13.0,19.0,8.0
2021-12-30,209.0,110.0,23.0,12.0,15.0,7.0
2021-12-31,171.0,117.0,27.0,11.0,23.0,6.0
2022-01-01,182.0,123.0,19.0,12.0,15.0,7.0
2022-01-02,187.0,131.0,31.0,12.0,15.0,8.0
2022-01-03,185.0,149.0,28.0,11.0,18.0,8.0
2022-01-04,218.0,162.0,31.0,12.0,14.0,9.0
2022-01-05,233.0,164.0,33.0,14.0,15.0,10.0
2022-01-06,224.0,153.0,30.0,13.0,13.0,9.0
2022-01-07,218.0,136.0,30.0,12.0,12.0,10.0
2022-01-08,196.0,161.0,30.0,13.0,13.0,10.0
2022-01-09,209.0,154.0,30.0,13.0,19.0,11.0
2022-01-10,216.0,149.0,30.0,11.0,15.0,8.0
2022-01-11,208.0,98.0,10.0,11.0,20.0,8.0
2022-01-12,167.0,110.0,18.0,11.0,19.0,6.0
2022-01-13,174.0,101.0,14.0,9.0,10.0,6.0
2022-01-14,168.0,101.0,37.0,11.0,12.0,8.0
2022-01-15,170.0,117.0,29.0,10.0,12.0,5.0
2022-01-16,175.0,136.0,30.0,12.0,16.0,6.0
2022-01-17,187.0,231.0,28.0,14.0,18.0,7.0
2022-01-18,219.0,155.0,30.0,13.0,12.0,8.0
2022-01-19,222.0,210.0,28.0,14.0,17.0,12.0
2022-01-20,260.0,210.0,31.0,14.0,15.0,12.0
2022-01-21,274.0,139.0,22.0,9.0,10.0,8.0
2022-01-22,213.0,147.0,19.0,10.0,9.0,10.0
2022-01-23,230.0,130.0,19.0,10.0,11.0,8.0
2022-01-24,184.0,172.0,29.0,13.0,12.0,9.0
2022-01-25,204.0,147.0,26.0,10.0,14.0,7.0
2022-01-26,185.0,134.0,29.0,8.0,12.0,5.0
2022-01-27,172.0,159.2,27.0,9.6,15.4,8.6
2022-01-28,186.4,184.4,25.0,11.2,18.8,12.2
2022-01-29,200.8,209.6,23.0,12.8,22.2,15.8
2022-01-30,215.2,234.8,21.0,14.399999999999999,25.6,19.4
2022-01-31,229.6,260.0,19.0,16.0,29.0,23.0
2022-02-01,244.0,143.0,54.0,7.0,30.0,7.0
2022-02-02,186.0,92.0,13.0,6.0,25.0,4.0
2022-02-03,150.0,63.0,15.0,3.0,5.0,4.0
2022-02-04,109.0,95.0,27.0,6.0,8.0,6.0
2022-02-05,139.0,97.0,33.0,6.0,12.0,5.0
2022-02-06,156.0,91.0,33.0,6.0,10.0,6.0
2022-02-07,156.0,131.0,35.0,10.0,22.0,8.0
2022-02-08,181.0,145.0,26.0,9.0,16.0,9.0
2022-02-09,196.0,132.0,10.0,9.0,12.0,9.0
2022-02-10,142.0,127.0,25.0,7.0,8.0,8.0
2022-02-11,133.0,100.0,31.0,10.0,15.0,6.0
2022-02-12,164.0,100.0,28.0,10.0,15.0,6.0
2022-02-13,159.0,110.0,29.0,10.0,17.0,7.0
2022-02-14,168.0,157.0,31.0,14.0,17.0,10.0
2022-02-15,180.0,197.0,29.0,14.0,20.0,10.0
2022-02-16,210.0,165.0,29.0,11.0,24.0,8.0
2022-02-17,198.0,163.0,30.0,14.0,15.0,10.0
2022-02-18,202.0,216.0,29.0,15.0,18.0,11.0
2022-02-19,265.0,148.0,21.0,12.0,26.0,7.0
2022-02-20,233.0,118.0,33.0,8.0,12.0,6.0
2022-02-21,165.0,123.0,24.0,10.0,21.0,6.0
2022-02-22,174.0,147.0,30.0,10.0,24.0,7.0
2022-02-23,186.0,122.0,21.0,7.0,20.0,4.0
2022-02-24,170.0,115.0,15.0,10.0,19.0,7.0
2022-02-25,167.0,191.0,37.0,11.0,20.0,9.0
2022-02-26,271.0,131.0,34.0,7.0,12.0,6.0
2022-02-27,181.0,104.0,28.0,7.0,22.0,6.0
2022-02-28,165.0,123.0,43.0,7.0,15.0,7.0
2022-03-01,173.0,114.0,37.0,8.0,10.0,6.0
2022-03-02,169.0,126.0,39.0,8.0,12.0,7.0
2022-03-03,182.0,143.0,42.0,10.0,16.0,8.0
2022-03-04,184.0,135.0,37.0,8.0,24.0,5.0
2022-03-05,184.0,119.0,34.0,6.0,16.0,4.0
2022-03-06,172.0,120.0,49.0,10.0,21.0,6.0
2022-03-07,154.0,139.0,30.0,12.0,26.0,6.0
2022-03-08,179.0,168.0,28.0,12.0,25.0,7.0
2022-03-09,191.0,171.0,37.0,14.0,34.0,9.0
2022-03-10,195.0,183.0,23.0,13.0,32.0,7.0
2022-03-11,202.0,138.0,23.0,13.0,25.0,7.0
2022-03-12,178.0,144.0,12.0,12.0,30.0,8.0
2022-03-13,184.0,226.0,30.0,12.0,33.0,9.0
2022-03-14,186.0,182.0,23.0,12.0,40.0,6.0
2022-03-15,206.0,121.0,23.0,8.0,28.0,3.0
2022-03-16,168.0,104.0,30.0,6.0,13.0,4.0
2022-03-17,158.0,106.0,39.0,5.0,24.0,3.0
2022-03-18,151.0,99.0,41.0,5.0,14.0,3.0
2022-03-19,145.0,90.0,35.0,4.0,20.0,3.0
2022-03-20,141.0,81.0,41.0,4.0,17.0,3.0
2022-03-21,119.0,82.0,32.0,5.0,14.0,3.0
2022-03-22,132.0,110.0,38.0,6.0,22.0,4.0
2022-03-23,161.0,98.0,33.0,5.0,14.0,3.0
2022-03-24,149.0,85.0,26.0,5.0,11.0,3.0
2022-03-25,134.0,89.0,27.0,5.0,9.0,3.0
2022-03-26,140.0,80.0,41.0,5.0,9.0,3.0
2022-03-27,142.0,88.0,66.0,5.0,12.0,3.0
2022-03-28,149.0,79.0,36.0,5.0,15.0,3.0
2022-03-29,137.0,65.0,20.0,4.0,8.0,2.0
2022-03-30,110.0,66.0,31.0,4.0,12.0,3.0
2022-03-31,102.0,81.0,28.0,4.0,9.0,2.0
2022-04-01,118.0,69.0,25.0,4.0,8.0,2.0
2022-04-02,108.0,68.0,28.0,4.0,8.0,2.0
2022-04-03,103.0,76.0,24.0,4.0,19.0,2.0
2022-04-04,108.0,65.0,23.0,4.0,14.0,2.0
2022-04-05,94.0,71.0,33.0,4.0,16.0,2.0
2022-04-06,102.0,85.0,36.0,5.0,16.0,3.0
2022-04-07,125.0,76.0,40.0,5.0,15.0,3.0
2022-04-08,103.0,58.0,29.0,4.0,12.0,2.0
2022-04-09,75.0,57.0,29.0,4.0,14.0,2.0
2022-04-10,85.0,65.0,32.0,4.0,11.0,2.0
2022-04-11,95.0,60.0,44.0,4.0,7.0,4.0
2022-04-12,94.0,65.0,26.0,4.0,9.0,3.0
2022-04-13,83.0,64.0,43.0,4.0,15.0,4.0
2022-04-14,99.0,92.0,46.0,5.0,13.0,4.0
2022-04-15,127.0,73.0,33.0,4.0,8.0,3.0
2022-04-16,101.0,72.0,35.0,4.0,8.0,3.0
2022-04-17,94.0,70.0,50.0,3.0,8.0,3.0
2022-04-18,104.0,65.0,30.0,3.0,6.0,4.0
2022-04-19,96.0,74.0,24.0,4.0,7.0,3.0
2022-04-20,102.0,76.0,24.0,4.0,6.0,3.0
2022-04-21,101.0,73.0,35.0,4.0,8.0,3.0
2022-04-22,113.0,89.0,53.0,5.0,12.0,4.0
2022-04-23,146.0,92.0,63.0,4.0,12.0,4.0
2022-04-24,145.0,80.0,51.0,4.0,6.0,4.0
2022-04-25,133.0,79.0,38.0,6.0,8.0,4.0
2022-04-26,129.0,80.0,31.0,7.0,6.0,4.0
2022-04-27,128.0,78.0,24.0,7.0,6.0,4.0
2022-04-28,120.0,82.0,31.0,6.0,6.0,4.0
2022-04-29,131.0,78.0,36.0,6.0,9.0,4.0
2022-04-30,116.0,70.0,33.0,8.0,11.0,4.0
2022-05-01,109.0,60.0,32.0,6.0,7.0,4.0
2022-05-02,88.0,57.0,35.0,6.0,7.0,3.0
2022-05-03,75.0,63.0,29.0,6.0,7.0,4.0
2022-05-04,97.0,74.0,36.0,7.0,8.0,4.0
2022-05-05,106.0,75.0,65.0,6.0,14.0,4.0
2022-05-06,130.0,78.0,30.0,5.0,10.0,4.0
2022-05-07,127.0,80.0,22.0,4.0,11.0,4.0
2022-05-08,121.0,46.0,12.0,4.0,7.0,3.0
2022-05-09,53.0,50.0,14.0,4.0,5.0,3.0
2022-05-10,75.0,63.0,15.0,4.0,6.0,4.0
2022-05-11,97.0,71.0,18.0,4.0,5.0,3.0
2022-05-12,110.0,81.0,25.0,4.0,4.0,2.0
2022-05-13,114.0,54.0,20.0,4.0,5.0,3.0
2022-05-14,80.0,59.0,21.0,4.0,6.0,4.0
2022-05-15,89.0,61.0,21.0,4.0,7.0,3.0
2022-05-16,91.0,55.0,20.0,4.0,6.0,2.0
2022-05-17,78.0,53.0,19.0,4.0,6.0,2.0
2022-05-18,70.0,56.0,21.0,4.0,7.0,2.0
2022-05-19,78.0,58.0,25.0,4.0,6.0,2.0
2022-05-20,76.0,61.0,26.0,4.0,6.0,2.0
2022-05-21,101.0,70.0,39.0,5.0,11.0,4.0
2022-05-22,132.0,78.0,38.0,5.0,8.0,4.0
2022-05-23,144.0,79.0,28.0,5.0,5.0,4.0
2022-05-24,123.0,73.0,40.0,5.0,6.0,3.0
2022-05-25,124.0,88.0,44.0,6.0,7.0,4.0
2022-05-26,154.0,97.0,51.0,5.0,8.0,4.0
2022-05-27,161.0,98.0,55.0,4.0,5.0,3.0
2022-05-28,162.0,75.0,36.0,4.0,4.0,3.0
2022-05-29,138.0,83.0,40.0,4.0,5.0,3.0
2022-05-30,136.0,75.0,31.0,4.0,4.0,2.0
2022-05-31,121.0,86.0,37.0,5.0,7.0,3.0
2022-06-01,137.0,79.0,31.0,4.0,4.0,3.0
2022-06-02,121.0,77.0,33.0,4.0,5.0,3.0
2022-06-03,138.0,80.0,29.0,4.0,5.0,3.0
2022-06-04,128.0,78.0,27.0,4.0,5.0,2.0
2022-06-05,120.0,78.0,34.0,4.0,4.0,2.0
2022-06-06,115.0,76.0,34.0,4.0,6.0,2.0
2022-06-07,117.0,73.0,29.0,4.0,5.0,3.0
2022-06-08,136.0,77.0,30.0,4.0,4.0,2.0
2022-06-09,105.0,69.0,33.0,5.0,5.0,2.0
2022-06-10,98.0,70.0,31.0,5.0,4.0,3.0
2022-06-11,101.0,68.0,34.0,4.0,4.0,2.0
2022-06-12,98.0,63.0,29.0,4.0,4.0,2.0
2022-06-13,95.0,65.0,71.0,4.0,4.0,2.0
2022-06-14,103.0,70.0,22.0,5.0,5.0,3.0
2022-06-15,115.0,69.0,23.0,4.0,5.0,2.0
2022-06-16,97.0,63.0,21.0,4.0,5.0,2.0
2022-06-17,84.0,64.0,19.0,5.0,5.0,3.0
2022-06-18,85.0,54.0,19.0,5.0,5.0,2.0
2022-06-19,77.0,60.0,24.0,5.0,5.0,3.0
2022-06-20,86.0,68.0,32.0,5.0,4.0,3.0
2022-06-21,107.0,60.0,21.0,4.0,4.0,2.0
2022-06-22,87.0,51.0,25.0,4.0,4.0,2.0
2022-06-23,78.0,53.0,22.0,4.0,4.0,2.0
2022-06-24,83.0,49.0,21.0,4.0,4.0,2.0
2022-06-25,84.0,48.0,29.0,4.0,4.0,3.0
2022-06-26,73.0,47.0,15.0,3.0,4.0,2.0
2022-06-27,72.0,60.0,16.0,4.0,3.0,2.0
2022-06-28,102.0,57.0,21.0,4.0,4.0,2.0
2022-06-29,90.0,60.0,18.0,4.0,3.0,2.0
2022-06-30,99.0,64.0,23.0,4.0,4.0,2.0
2022-07-01,103.0,57.0,22.0,4.0,4.0,3.0
2022-07-02,100.0,51.0,23.0,4.0,4.0,2.0
2022-07-03,77.0,52.0,23.0,3.0,4.0,2.0
2022-07-04,71.0,49.0,21.0,3.0,4.0,2.0
2022-07-05,66.0,44.0,19.0,4.0,4.0,2.0
2022-07-06,60.0,46.0,19.0,3.0,4.0,1.0
2022-07-07,60.0,41.0,21.0,3.0,4.0,1.0
2022-07-08,61.0,41.0,19.0,4.0,5.0,2.0
2022-07-09,62.0,33.0,20.0,4.0,4.0,2.0
2022-07-10,56.0,35.0,20.5,4.0,4.0,2.0
2022-07-11,56.5,37.0,21.0,4.0,4.0,2.0
2022-07-12,57.0,37.0,21.0,3.0,4.0,2.0
2022-07-13,57.0,36.0,20.0,4.0,4.0,2.0
2022-07-14,58.0,33.0,22.0,3.0,4.0,2.0
2022-07-15,57.0,36.0,22.0,3.0,4.0,2.0
2022-07-16,54.0,35.0,24.0,3.0,4.0,2.0
2022-07-17,55.0,44.0,21.0,4.0,4.0,2.0
2022-07-18,68.0,59.0,25.0,4.0,4.0,3.0
2022-07-19,97.0,66.0,23.0,5.0,3.0,2.0
2022-07-20,103.0,59.0,22.0,5.0,4.0,2.0
2022-07-21,92.0,48.0,23.0,3.0,4.0,2.0
2022-07-22,72.0,46.0,21.0,3.0,4.0,2.0
2022-07-23,63.0,45.0,20.0,3.0,4.0,2.0
2022-07-24,65.0,48.0,20.0,4.0,4.0,2.0
2022-07-25,70.0,55.0,19.0,4.0,5.0,2.0
2022-07-26,85.0,54.0,16.0,5.0,4.0,3.0
2022-07-27,85.0,60.0,20.0,5.0,4.0,3.0
2022-07-28,97.0,58.0,17.0,4.0,4.0,2.0
2022-07-29,81.0,60.0,21.0,4.0,6.0,2.0
2022-07-30,95.0,63.0,21.0,4.0,4.0,3.0
2022-07-31,112.0,65.0,25.0,4.0,4.0,3.0
2022-08-01,113.0,67.0,24.0,4.0,3.0,4.0
2022-08-02,110.0,60.0,17.0,4.0,2.0,3.0
2022-08-03,78.0,32.0,19.0,4.0,3.0,2.0
2022-08-04,54.0,41.0,19.0,4.0,3.0,2.0
2022-08-05,65.0,37.0,20.0,4.0,3.0,2.0
2022-08-06,59.0,32.0,20.0,3.0,3.0,2.0
2022-08-07,61.0,27.0,18.0,3.0,3.0,2.0
2022-08-08,39.0,34.0,20.0,3.0,3.0,1.0
2022-08-09,38.0,34.0,21.0,3.0,3.0,2.0
2022-08-10,43.0,40.0,16.0,4.0,2.0,2.0
2022-08-11,49.0,60.0,19.0,5.0,2.0,4.0
2022-08-12,85.0,66.0,18.0,4.0,2.0,3.0
2022-08-13,92.0,31.0,18.0,4.0,4.0,2.0
2022-08-14,40.0,44.0,18.0,3.0,3.0,2.0
2022-08-15,50.0,63.0,24.0,4.0,3.0,3.0
2022-08-16,88.0,76.0,30.0,5.0,2.0,4.0
2022-08-17,116.0,75.0,27.0,4.0,2.0,3.0
2022-08-18,127.0,35.0,21.0,3.0,3.0,2.0
2022-08-19,48.0,27.0,24.0,3.0,3.0,2.0
2022-08-20,28.0,52.5,23.5,4.0,2.0,4.0
2022-08-21,81.5,78.0,23.0,5.0,1.0,6.0
2022-08-22,135.0,58.0,23.0,4.0,2.0,3.0
2022-08-23,85.0,44.0,19.0,4.0,2.0,3.0
2022-08-24,60.0,52.0,18.0,4.0,3.0,2.0
2022-08-25,77.0,66.0,16.0,4.0,2.0,3.0
2022-08-26,99.0,65.0,19.0,4.0,3.0,3.0
2022-08-27,106.0,47.0,16.0,3.0,3.0,2.0
2022-08-28,74.0,48.0,18.0,4.0,2.0,2.0
2022-08-29,71.0,52.0,21.0,4.0,3.0,4.0
2022-08-30,73.0,46.0,20.0,4.0,3.0,2.0
2022-08-31,61.0,43.0,18.0,4.0,3.0,2.0
2022-09-01,56.0,45.0,20.0,4.0,3.0,2.0
2022-09-02,46.0,50.0,19.0,5.0,3.0,3.0
2022-09-03,79.0,64.0,25.0,4.0,3.0,4.0
2022-09-04,118.0,62.0,26.0,4.0,3.0,3.0
2022-09-05,117.0,55.0,22.0,4.0,3.0,4.0
2022-09-06,96.0,53.0,20.0,3.0,3.0,3.0
2022-09-07,90.0,28.0,20.0,3.0,3.0,3.0
2022-09-08,39.0,45.0,21.0,4.0,2.0,3.0
2022-09-09,69.0,27.0,18.0,4.0,3.0,2.0
2022-09-10,34.0,17.0,18.0,3.0,3.0,2.0
2022-09-11,24.0,16.0,17.0,3.0,3.0,2.0
2022-09-12,27.0,27.0,19.0,4.0,3.0,2.0
2022-09-13,39.0,48.0,18.0,5.0,3.0,3.0
2022-09-14,73.0,65.0,22.0,4.0,2.0,4.0
2022-09-15,123.0,50.0,14.0,4.0,3.0,4.0
2022-09-16,77.0,55.0,14.0,3.0,3.0,4.0
2022-09-17,94.0,54.0,16.0,2.0,3.0,4.0
2022-09-18,82.0,36.0,14.0,2.0,3.0,2.0
2022-09-19,62.0,21.0,20.0,1.0,3.0,2.0
2022-09-20,29.0,37.5,18.0,3.0,3.0,2.5
2022-09-21,51.0,54.0,16.0,5.0,3.0,3.0
2022-09-22,73.0,61.0,16.0,4.0,2.0,3.0
2022-09-23,92.0,57.0,18.0,4.0,2.0,3.0
2022-09-24,81.0,58.8,17.2,4.2,1.8,3.4
2022-09-25,86.6,60.6,16.4,4.4,1.6,3.8
2022-09-26,92.2,62.4,15.6,4.6,1.4,4.2
2022-09-27,97.8,64.2,14.8,4.8,1.2000000000000002,4.6
2022-09-28,103.4,66.0,14.0,5.0,1.0,5.0
2022-09-29,109.0,65.0,21.0,4.0,1.0,4.0
2022-09-30,103.0,71.0,19.0,5.0,1.0,4.0
2022-10-01,124.0,44.0,14.0,4.0,1.0,3.0
2022-10-02,58.0,35.0,13.0,3.0,1.0,3.0
2022-10-03,51.0,25.0,13.0,3.0,1.0,2.0
2022-10-04,27.0,23.0,13.0,3.0,1.0,2.0
2022-10-05,26.0,23.0,13.0,3.0,1.0,2.0
2022-10-06,27.0,33.0,12.0,4.0,1.0,3.0
2022-10-07,46.0,45.0,15.0,4.0,1.0,2.0
2022-10-08,61.0,29.0,13.0,4.0,1.0,2.0
2022-10-09,42.0,31.0,11.0,4.0,1.0,2.0
2022-10-10,36.0,37.0,13.0,4.0,1.0,2.3333333333333335
2022-10-11,49.333333333333336,43.0,15.0,4.0,1.0,2.6666666666666665
2022-10-12,62.66666666666667,49.0,17.0,4.0,1.0,3.0
2022-10-13,76.0,57.0,16.0,5.0,1.0,4.0
2022-10-14,100.0,68.0,18.0,5.0,1.0,5.0
2022-10-15,120.0,64.0,26.0,6.0,1.0,3.0
2022-10-16,112.0,63.77777777777778,25.444444444444443,5.888888888888889,1.1111111111111112,2.888888888888889
2022-10-17,110.88888888888889,63.55555555555556,24.88888888888889,5.777777777777778,1.2222222222222223,2.7777777777777777
2022-10-18,109.77777777777777,63.333333333333336,24.333333333333332,5.666666666666667,1.3333333333333333,2.6666666666666665
2022-10-19,108.66666666666667,63.111111111111114,23.77777777777778,5.555555555555555,1.4444444444444444,2.5555555555555554
2022-10-20,107.55555555555556,62.888888888888886,23.22222222222222,5.444444444444445,1.5555555555555556,2.4444444444444446
2022-10-21,106.44444444444444,62.666666666666664,22.666666666666668,5.333333333333333,1.6666666666666665,2.3333333333333335
2022-10-22,105.33333333333333,62.44444444444444,22.11111111111111,5.222222222222222,1.7777777777777777,2.2222222222222223
2022-10-23,104.22222222222223,62.22222222222222,21.555555555555557,5.111111111111111,1.8888888888888888,2.111111111111111
2022-10-24,103.11111111111111,62.0,21.0,5.0,2.0,2.0
2022-10-25,102.0,69.0,25.0,5.0,2.0,4.0
2022-10-26,143.0,93.0,26.0,6.0,3.0,4.0
2022-10-27,164.0,104.0,30.0,6.0,3.0,5.0
2022-10-28,173.0,98.0,24.0,6.0,5.0,5.0
2022-10-29,160.0,106.0,8.0,7.0,8.0,4.0
2022-10-30,166.0,71.0,31.0,5.0,4.0,2.0
2022-10-31,139.0,78.0,28.0,6.0,7.0,4.0
2022-11-01,141.0,93.0,28.0,7.0,9.0,3.0
2022-11-02,157.0,118.0,28.0,8.0,8.0,9.0
2022-11-03,165.0,188.0,31.0,8.0,7.0,9.0
2022-11-04,195.0,147.0,26.0,8.0,4.0,9.0
2022-11-05,189.0,102.0,29.0,8.0,7.0,5.0
2022-11-06,167.0,117.0,33.0,8.0,6.0,6.0
2022-11-07,171.0,114.0,27.0,7.0,6.0,5.0
2022-11-08,174.0,111.0,26.0,7.0,3.0,7.0
2022-11-09,172.0,90.0,23.0,7.0,3.0,5.0
2022-11-10,162.0,102.0,28.0,8.0,5.0,5.0
2022-11-11,161.0,131.0,28.0,9.0,7.0,7.0
2022-11-12,180.0,128.0,32.0,8.0,7.0,5.0
2022-11-13,186.0,126.0,32.0,9.0,9.0,6.0
2022-11-14,182.0,131.0,33.0,9.0,8.0,6.0
2022-11-15,184.0,141.0,36.0,9.0,9.0,8.0
2022-11-16,192.0,157.0,36.0,9.0,6.0,8.0
2022-11-17,205.0,115.0,29.0,8.0,6.0,6.0
2022-11-18,180.0,75.0,28.0,7.0,7.0,5.0
2022-11-19,150.0,99.0,27.0,8.0,5.0,6.0
2022-11-20,168.0,96.0,31.0,7.0,6.0,5.0
2022-11-21,163.0,114.0,37.0,7.0,5.0,7.0
2022-11-22,173.0,108.0,32.0,9.0,7.0,9.0
2022-11-23,161.0,110.0,33.0,9.0,9.0,8.0
2022-11-24,170.0,125.0,30.0,9.0,10.0,8.0
2022-11-25,174.0,138.0,32.0,9.0,8.0,8.0
2022-11-26,183.0,130.0,32.0,9.0,5.0,9.0
2022-11-27,182.0,118.0,31.0,8.0,4.0,7.0
2022-11-28,175.0,94.0,28.0,8.0,5.0,6.0
2022-11-29,161.0,102.0,29.0,8.0,6.0,7.0
2022-11-30,164.0,101.0,30.0,8.0,6.0,6.0
2022-12-01,166.0,115.0,32.0,8.0,6.0,7.0
2022-12-02,176.0,123.0,35.0,8.0,10.0,7.0
2022-12-03,184.0,126.0,35.0,8.0,9.0,7.0
2022-12-04,183.0,123.0,29.0,8.0,7.0,7.0
2022-12-05,182.0,134.0,29.0,9.0,8.0,7.0
2022-12-06,177.0,149.0,33.0,9.0,8.0,7.0
2022-12-07,192.0,148.0,27.0,8.0,6.0,8.0
2022-12-08,192.0,164.0,28.0,8.0,5.0,8.0
2022-12-09,197.0,154.0,27.0,8.0,4.0,8.0
2022-12-10,198.0,165.0,34.0,9.0,9.0,9.0
2022-12-11,203.0,209.0,35.0,9.0,3.0,12.0
2022-12-12,217.0,267.0,37.0,10.0,6.0,14.0
2022-12-13,225.0,246.0,33.0,10.0,9.0,12.0
2022-12-14,181.0,228.0,28.0,10.0,9.0,11.0
2022-12-15,155.0,138.0,29.0,9.0,10.0,7.0
2022-12-16,174.0,146.0,34.0,9.0,8.0,8.0
2022-12-17,182.0,188.0,22.0,9.0,5.0,11.0
2022-12-18,202.0,167.0,23.0,9.0,4.0,10.0
2022-12-19,192.0,207.0,23.0,10.0,5.0,10.0
2022-12-20,214.0,216.0,24.0,8.0,8.0,10.0
2022-12-21,226.0,183.0,23.0,5.0,9.0,11.0
2022-12-22,211.0,233.0,18.0,4.0,5.0,13.0
2022-12-23,217.0,204.0,26.0,3.5,9.0,11.0
2022-12-24,206.0,105.0,25.0,3.0,10.0,6.0
2022-12-25,165.0,77.0,14.0,2.5,9.0,4.0
2022-12-26,133.0,96.0,13.0,2.0,9.0,4.0
2022-12-27,154.0,136.0,23.0,1.0,4.0,6.0
2022-12-28,191.0,117.0,27.0,3.0,9.0,4.0
2022-12-29,183.0,142.0,25.0,5.0,8.0,7.0
2022-12-30,196.0,144.0,29.0,1.0,8.0,8.0
2022-12-31,199.0,139.0,20.0,1.0,6.0,8.0
2023-01-01,203.0,116.0,16.0,1.0,2.0,7.0
2023-01-02,179.0,124.0,12.0,1.25,4.0,8.0
2023-01-03,185.0,104.0,15.0,1.5,5.0,6.0
2023-01-04,173.0,119.0,15.0,1.75,6.0,7.0
2023-01-05,179.0,117.0,16.0,2.0,5.0,5.0
2023-01-06,176.0,134.0,19.0,2.25,5.0,7.0
2023-01-07,189.0,138.0,20.0,2.5,5.0,7.0
2023-01-08,195.0,129.0,18.0,2.75,8.0,8.0
2023-01-09,187.0,149.0,21.0,3.0,9.0,11.0
2023-01-10,190.0,160.0,43.0,4.428571428571429,8.0,10.0
2023-01-11,205.0,126.0,40.0,5.857142857142858,12.0,10.0
2023-01-12,179.0,123.0,39.0,7.285714285714286,13.0,10.0
2023-01-13,176.0,88.0,33.0,8.714285714285715,13.0,7.0
2023-01-14,154.0,99.0,41.0,10.142857142857142,4.0,7.0
2023-01-15,168.0,105.0,39.0,11.571428571428571,8.0,6.0
2023-01-16,166.0,115.0,38.0,13.0,4.0,7.0
2023-01-17,171.0,119.0,39.0,19.0,4.0,7.0
2023-01-18,173.0,124.0,41.0,14.0,8.0,8.0
2023-01-19,175.0,145.0,43.0,16.0,5.0,10.0
2023-01-20,188.0,204.0,43.0,17.0,5.0,13.0
2023-01-21,222.0,168.0,42.0,16.0,9.0,12.0
2023-01-22,205.0,144.0,36.0,13.0,13.0,12.0
2023-01-23,182.0,133.0,32.0,13.0,7.0,10.0
2023-01-24,181.0,150.0,35.0,13.0,8.0,11.0
2023-01-25,191.0,125.0,39.0,10.0,15.0,6.0
2023-01-26,169.0,99.0,33.0,10.0,7.0,7.0
2023-01-27,156.0,95.0,34.0,7.0,8.0,5.0
2023-01-28,159.0,85.0,37.0,7.0,13.0,6.0
2023-01-29,153.0,114.0,37.0,9.0,5.0,9.0
2023-01-30,165.0,170.0,34.0,14.0,15.0,10.0
2023-01-31,193.0,91.0,31.0,11.0,14.0,6.0
2023-02-01,143.0,76.0,34.0,5.0,8.0,5.0
2023-02-02,133.0,96.0,36.0,5.0,7.0,8.0
2023-02-03,162.0,137.0,38.0,9.0,9.0,13.0
2023-02-04,171.0,113.0,39.0,9.0,11.0,8.0
2023-02-05,159.0,125.0,35.0,12.0,12.0,10.0
2023-02-06,157.0,92.0,29.0,13.0,12.0,7.0
2023-02-07,149.0,71.0,20.0,12.0,14.0,6.0
2023-02-08,125.0,92.0,23.0,12.0,9.0,7.0
2023-02-09,153.0,114.0,29.0,12.0,7.0,10.0
2023-02-10,159.0,98.0,21.0,13.0,11.0,7.0
2023-02-11,156.0,88.0,24.0,13.0,15.0,6.0
2023-02-12,140.0,80.0,26.0,13.0,18.0,3.0
2023-02-13,122.0,108.0,28.0,15.0,11.0,8.0
2023-02-14,153.0,160.0,25.0,16.0,7.0,12.0
2023-02-15,171.0,115.0,27.0,14.0,11.0,10.0
2023-02-16,162.0,95.0,16.0,10.0,4.0,8.0
2023-02-17,153.0,85.0,12.0,11.0,7.0,7.0
2023-02-18,142.0,75.0,15.0,8.0,6.0,5.0
2023-02-19,125.0,71.0,14.0,9.0,6.0,5.0
2023-02-20,110.0,70.0,18.0,9.0,7.0,4.0
2023-02-21,113.0,76.0,18.0,8.0,10.0,3.0
2023-02-22,132.0,70.0,25.0,9.0,8.0,3.0
2023-02-23,113.0,77.0,17.0,8.0,9.0,3.0
2023-02-24,133.0,82.0,22.0,9.0,12.0,4.0
2023-02-25,143.0,101.0,27.0,8.0,12.0,4.0
2023-02-26,157.0,92.0,17.0,11.0,21.0,3.0
2023-02-27,151.0,86.0,28.0,11.0,13.0,3.0
2023-02-28,140.0,86.0,26.0,9.0,9.0,1.0
2023-03-01,146.0,83.0,22.0,11.0,12.0,4.0
2023-03-02,131.0,121.0,23.0,16.0,14.0,5.0
2023-03-03,149.0,110.0,24.0,15.0,20.0,4.0
2023-03-04,149.0,104.0,22.0,14.0,17.0,3.0
2023-03-05,139.0,98.0,21.0,14.0,21.0,3.0
2023-03-06,138.0,84.0,17.0,11.0,16.0,4.0
2023-03-07,134.0,85.0,19.0,10.0,12.0,4.0
2023-03-08,130.0,91.0,15.0,13.0,8.0,4.0
2023-03-09,142.0,113.0,17.0,14.0,12.0,3.0
2023-03-10,158.0,89.0,15.0,11.0,14.0,3.0
2023-03-11,131.0,91.0,18.0,13.0,10.0,4.0
2023-03-12,145.0,108.0,21.0,14.0,10.0,3.0
2023-03-13,157.0,94.0,17.0,13.0,18.0,3.0
2023-03-14,146.0,89.0,16.0,11.0,16.0,3.0
2023-03-15,130.0,72.0,12.0,7.0,5.0,2.0
2023-03-16,111.0,64.0,11.0,8.0,4.0,4.0
2023-03-17,115.0,96.0,12.0,11.0,6.0,7.0
2023-03-18,157.0,34.0,10.0,6.0,5.0,3.0
2023-03-19,66.0,32.0,15.0,7.0,8.0,3.0
2023-03-20,45.0,44.0,15.0,10.0,6.0,4.0
2023-03-21,66.0,65.0,23.0,10.0,16.0,5.0
2023-03-22,102.0,56.0,17.0,9.0,8.0,3.0
2023-03-23,84.0,58.0,24.0,10.0,10.0,4.0
2023-03-24,97.0,51.0,16.0,9.0,11.0,3.0
2023-03-25,71.0,49.0,21.0,7.0,9.0,3.0
2023-03-26,77.0,57.0,24.0,8.0,10.0,4.0
2023-03-27,99.0,61.0,31.0,8.0,9.0,4.0
2023-03-28,101.0,47.0,15.0,6.0,7.0,3.0
2023-03-29,69.0,46.0,17.0,5.0,5.0,3.0
2023-03-30,66.0,39.0,21.0,6.0,5.0,3.0
2023-03-31,65.0,44.0,27.333333333333336,7.0,8.666666666666666,3.3333333333333335
2023-04-01,69.33333333333333,49.0,33.66666666666667,8.0,12.333333333333332,3.6666666666666665
2023-04-02,73.66666666666667,54.0,40.0,9.0,16.0,4.0
2023-04-03,78.0,55.0,16.0,6.0,4.0,3.0
2023-04-04,74.0,57.0,27.0,7.0,6.0,5.0
2023-04-05,80.0,84.0,38.0,11.0,14.0,5.0
2023-04-06,133.0,82.0,36.0,8.0,10.0,5.0
2023-04-07,181.0,91.0,38.0,7.0,12.0,4.0
2023-04-08,159.0,88.0,39.0,9.0,15.0,5.0
2023-04-09,80.0,112.0,32.0,6.0,15.0,6.0
2023-04-10,56.0,122.0,44.0,7.0,8.0,6.0
2023-04-11,101.0,106.0,44.0,6.0,9.0,5.0
2023-04-12,156.0,123.0,45.0,8.0,24.0,6.0
2023-04-13,165.0,119.0,37.0,6.5,16.0,6.0
2023-04-14,161.0,119.0,40.0,5.0,4.0,6.0
2023-04-15,162.0,100.0,38.0,3.5,2.0,5.0
2023-04-16,156.0,122.0,45.0,2.0,4.0,5.0
2023-04-17,154.0,98.0,28.0,1.0,1.0,5.0
2023-04-18,147.0,77.0,28.0,2.0,3.0,4.0
2023-04-19,128.0,109.0,33.0,3.0,3.0,4.0
2023-04-20,144.0,94.0,29.0,4.0,6.0,6.0
2023-04-21,148.0,98.0,41.0,4.0,12.0,5.0
2023-04-22,145.0,57.0,29.0,2.0,12.0,3.0
2023-04-23,86.0,55.0,21.0,3.0,5.0,4.0
2023-04-24,83.0,69.0,27.0,8.0,6.0,5.0
2023-04-25,113.0,76.0,36.0,4.0,14.0,4.0
2023-04-26,143.0,47.0,25.0,2.0,6.0,3.0
2023-04-27,102.0,51.0,22.0,4.0,8.0,4.0
2023-04-28,114.0,46.0,26.0,3.0,4.0,3.0
2023-04-29,96.0,37.0,25.0,3.0,3.0,4.0
2023-04-30,85.0,36.0,19.0,4.0,5.0,4.0
2023-05-01,83.0,50.0,31.0,3.0,13.0,5.0
2023-05-02,102.0,45.0,16.0,2.0,7.0,4.0
2023-05-03,91.0,38.0,12.0,3.0,12.0,3.0
2023-05-04,77.0,38.0,23.0,3.0,6.0,3.0
2023-05-05,76.0,51.0,32.0,11.0,10.0,4.0
2023-05-06,118.0,50.0,39.0,5.0,10.0,4.0
2023-05-07,109.0,58.0,36.0,3.0,12.0,4.0
2023-05-08,122.0,63.0,37.0,5.0,14.0,4.0
2023-05-09,138.0,57.0,27.0,5.0,11.0,3.0
2023-05-10,122.0,50.0,24.0,5.0,8.0,3.0
2023-05-11,100.0,42.0,14.0,5.0,5.0,3.0
2023-05-12,85.0,38.0,32.0,5.0,4.0,3.0
2023-05-13,80.0,49.0,29.0,5.0,6.0,4.0
2023-05-14,103.0,47.0,25.0,5.0,7.0,3.0
2023-05-15,87.0,47.0,28.0,5.0,4.0,3.0
2023-05-16,93.0,45.0,30.0,5.0,3.0,3.0
2023-05-17,90.0,30.0,22.0,5.0,5.0,3.0
2023-05-18,65.0,45.0,27.0,5.0,5.0,3.0
2023-05-19,88.0,45.333333333333336,26.666666666666668,5.0,5.0,3.0
2023-05-20,84.33333333333333,45.666666666666664,26.333333333333332,5.0,5.0,3.0
2023-05-21,80.66666666666667,46.0,26.0,5.0,5.0,3.0
2023-05-22,77.0,53.0,38.0,5.0,5.0,3.0
2023-05-23,94.0,31.0,31.0,5.0,11.0,4.0
2023-05-24,67.0,39.0,29.0,5.0,10.0,3.0
2023-05-25,74.0,25.0,26.0,5.0,8.0,3.0
2023-05-26,57.0,37.0,32.0,5.0,7.0,4.0
2023-05-27,72.0,42.0,30.0,5.0,7.0,4.0
2023-05-28,80.0,56.0,33.0,6.0,8.0,4.0
2023-05-29,97.0,63.0,36.0,5.0,14.0,3.0
2023-05-30,115.0,59.0,38.0,5.0,5.0,3.0
2023-05-31,109.0,63.0,44.0,5.0,10.0,4.0
2023-06-01,107.0,62.0,34.0,5.0,5.0,4.0
2023-06-02,109.0,63.0,37.0,5.0,5.0,4.0
2023-06-03,108.0,59.0,39.0,5.0,5.0,3.0
2023-06-04,105.0,58.0,33.0,5.0,4.0,4.0
2023-06-05,110.0,63.0,39.0,5.0,5.0,4.0
2023-06-06,112.0,59.0,37.0,5.0,5.0,4.0
2023-06-07,113.0,59.0,31.0,5.0,6.0,4.0
2023-06-08,106.0,45.0,33.0,5.0,6.0,4.0
2023-06-09,78.0,44.0,28.0,5.0,6.0,4.0
2023-06-10,80.0,40.0,37.0,5.0,6.0,3.0
2023-06-11,72.0,43.0,27.0,5.0,6.0,4.0
2023-06-12,76.0,49.0,34.0,5.0,6.0,3.0
2023-06-13,83.0,54.0,26.0,5.0,5.0,4.0
2023-06-14,87.0,53.0,33.0,5.0,6.0,3.0
2023-06-15,85.0,54.0,36.0,5.0,5.0,3.0
2023-06-16,88.0,51.0,27.0,5.0,5.0,3.0
2023-06-17,80.0,48.0,38.0,5.0,6.0,3.0
2023-06-18,79.0,39.0,30.0,5.0,6.0,3.0
2023-06-19,66.0,44.0,26.0,5.0,6.0,3.0
2023-06-20,73.0,38.0,25.0,5.0,6.0,3.0
2023-06-21,59.0,36.0,24.0,8.0,5.0,3.0
2023-06-22,55.0,18.0,28.0,4.0,6.0,3.0
2023-06-23,32.0,18.0,29.0,4.0,7.0,3.0
2023-06-24,36.0,13.0,27.0,4.0,6.0,3.0
2023-06-25,27.0,14.0,30.0,4.0,6.0,2.0
2023-06-26,32.0,10.0,23.0,4.0,6.0,2.0
2023-06-27,19.0,17.0,17.0,4.0,6.0,3.0
2023-06-28,32.0,27.0,24.0,4.0,6.0,3.0
2023-06-29,48.0,39.0,29.0,4.0,5.0,3.0
2023-06-30,63.0,34.0,27.0,5.0,7.0,3.0
2023-07-01,62.0,40.0,40.0,4.0,6.0,3.0
2023-07-02,60.0,37.0,27.0,4.0,6.0,3.0
2023-07-03,62.0,29.0,25.0,4.0,6.0,2.0
2023-07-04,49.0,20.0,18.0,3.0,6.0,2.0
2023-07-05,27.0,21.0,20.0,4.0,6.0,3.0
2023-07-06,23.0,29.0,57.0,4.0,7.0,2.0
2023-07-07,39.0,33.0,54.0,4.0,6.0,2.0
2023-07-08,43.0,48.0,26.0,4.0,6.0,3.0
2023-07-09,63.0,53.0,26.0,4.0,6.0,3.0
2023-07-10,66.0,43.0,21.0,4.0,6.0,2.0
2023-07-11,47.0,39.0,20.0,4.0,7.0,3.0
2023-07-12,35.0,37.0,28.0,4.0,7.0,2.0
2023-07-13,32.0,46.0,24.0,4.0,6.0,3.0
2023-07-14,56.0,36.0,21.0,4.0,6.0,3.0
2023-07-15,36.0,31.0,21.0,4.0,6.0,2.0
2023-07-16,37.0,29.0,30.0,4.0,6.0,2.0
2023-07-17,19.0,29.333333333333332,28.0,4.0,6.0,2.0
2023-07-18,24.333333333333332,29.666666666666668,26.0,4.0,6.0,2.0
2023-07-19,29.666666666666664,30.0,24.0,4.0,6.0,2.0
2023-07-20,35.0,29.0,21.0,4.0,6.0,2.0
2023-07-21,31.0,26.0,21.0,4.0,6.0,2.0
2023-07-22,25.0,30.0,21.0,4.0,7.0,2.0
2023-07-23,26.0,27.0,20.0,9.0,6.0,2.0
2023-07-24,34.0,14.0,22.0,4.0,7.0,2.0
2023-07-25,28.0,15.0,20.0,4.0,7.0,2.0
2023-07-26,31.0,23.0,21.0,4.0,6.0,2.0
2023-07-27,41.0,22.0,24.0,4.0,7.0,2.0
2023-07-28,43.0,20.0,23.0,4.0,7.0,2.0
2023-07-29,41.0,28.0,31.0,4.0,7.0,2.0
2023-07-30,40.0,36.0,23.0,4.0,6.0,3.0
2023-07-31,60.0,24.0,28.0,4.0,5.0,3.0
2023-08-01,47.0,13.0,23.0,4.0,6.0,2.0
2023-08-02,29.0,34.0,22.0,4.0,6.0,3.0
2023-08-03,56.0,46.0,25.0,4.0,7.0,3.0
2023-08-04,65.0,47.0,21.0,4.0,6.0,3.0
2023-08-05,67.0,43.0,24.0,4.0,6.0,3.0
2023-08-06,67.0,41.0,20.0,4.0,7.0,4.0
2023-08-07,64.0,49.0,20.0,4.0,6.0,4.0
2023-08-08,81.0,74.0,28.0,4.0,4.0,5.0
2023-08-09,110.0,75.0,34.0,6.0,5.0,5.0
2023-08-10,134.0,57.0,47.0,6.0,6.0,4.0
2023-08-11,93.0,53.0,23.0,4.0,4.0,4.0
2023-08-12,82.0,39.0,18.0,4.0,6.0,3.0
2023-08-13,65.0,67.0,18.0,7.0,3.0,4.0
2023-08-14,111.0,62.0,21.0,12.0,7.0,5.0
2023-08-15,109.0,52.0,24.0,4.0,6.0,5.0
2023-08-16,89.0,47.0,22.0,3.0,6.0,5.0
2023-08-17,85.0,21.0,11.0,2.0,5.0,3.0
2023-08-18,51.0,24.0,8.0,2.0,5.0,2.0
2023-08-19,45.0,47.0,7.0,2.0,6.0,2.0
2023-08-20,75.0,49.0,6.0,2.0,5.0,2.0
2023-08-21,71.0,49.0,9.0,2.0,5.0,3.0
2023-08-22,78.0,43.0,11.0,4.0,5.0,4.0
2023-08-23,77.0,39.0,8.0,2.0,6.0,3.0
2023-08-24,69.0,35.0,6.0,3.0,5.0,4.0
2023-08-25,61.0,46.0,6.0,4.0,6.0,4.0
2023-08-26,75.0,76.0,7.0,4.0,6.0,3.0
2023-08-27,115.0,100.0,36.0,24.0,4.0,4.0
2023-08-28,144.0,109.0,22.0,4.0,3.0,5.0
2023-08-29,149.0,98.0,16.0,4.0,4.0,6.0
2023-08-30,158.0,94.0,9.0,13.0,3.0,5.0
2023-08-31,152.0,82.0,19.0,5.0,3.0,4.0
2023-09-01,145.0,61.0,8.0,6.0,5.0,5.0
2023-09-02,125.0,46.0,7.0,3.0,5.0,4.0
2023-09-03,76.0,29.0,7.0,2.0,6.0,4.0
2023-09-04,46.0,18.0,13.0,2.0,4.0,3.0
2023-09-05,50.0,16.0,6.0,2.3333333333333335,4.0,2.0
2023-09-06,30.0,13.0,6.0,2.6666666666666665,3.0,3.0
2023-09-07,21.0,25.0,8.0,3.0,3.0,3.0
2023-09-08,40.0,30.0,5.0,7.0,5.0,3.0
2023-09-09,46.0,37.0,6.0,7.0,5.0,3.0
2023-09-10,56.0,34.0,5.0,7.0,5.0,3.0
2023-09-11,54.0,30.0,6.0,7.0,5.0,3.0
2023-09-12,43.0,24.0,6.0,7.0,5.0,3.0
2023-09-13,37.0,15.0,8.0,7.0,5.0,3.0
2023-09-14,32.0,22.0,6.0,3.0,5.0,3.0
2023-09-15,40.0,28.0,6.0,3.0,5.0,3.0
2023-09-16,46.0,31.0,7.0,3.0,5.0,3.0
2023-09-17,47.0,36.0,7.0,4.0,4.0,3.0
2023-09-18,50.0,16.0,7.0,4.0,5.0,2.0
2023-09-19,21.0,19.0,8.0,4.0,5.0,3.0
2023-09-20,36.0,15.0,7.0,4.0,4.0,3.0
2023-09-21,38.0,22.0,6.0,4.0,3.0,3.0
2023-09-22,39.0,21.0,6.0,3.0,2.0,3.0
2023-09-23,37.0,22.0,7.0,4.0,3.0,3.0
2023-09-24,42.0,27.0,10.0,3.0,2.0,3.0
2023-09-25,50.0,28.0,7.0,3.0,2.0,3.0
2023-09-26,45.0,39.0,6.0,4.0,3.0,4.0
2023-09-27,52.0,53.0,10.0,3.0,2.0,4.0
2023-09-28,80.0,72.0,5.0,3.0,2.0,6.0
2023-09-29,124.0,48.0,5.5,3.5,2.0,4.5
2023-09-30,82.5,24.0,6.0,4.0,2.0,3.0
2023-10-01,41.0,24.0,6.0,3.0,2.0,3.0
2023-10-02,49.0,17.0,5.0,3.0,3.0,3.0
2023-10-03,38.0,21.0,6.0,4.0,2.0,3.0
2023-10-04,36.0,52.0,5.0,4.0,2.0,5.0
2023-10-05,79.0,56.0,5.0,4.0,3.0,5.0
2023-10-06,84.0,63.0,8.0,4.0,1.0,5.0
2023-10-07,94.0,68.0,6.0,4.0,2.0,5.0
2023-10-08,98.0,75.0,9.0,4.0,2.0,6.0
2023-10-09,117.0,86.0,5.0,4.0,3.0,6.0
2023-10-10,145.0,94.0,4.0,4.0,5.0,7.0
2023-10-11,155.0,86.0,16.0,4.0,5.0,7.0
2023-10-12,153.0,80.0,5.0,4.0,6.0,6.0
2023-10-13,129.0,77.0,5.0,4.0,7.0,6.0
2023-10-14,116.0,106.0,7.0,4.0,7.0,5.0
2023-10-15,119.0,80.0,6.0,4.0,7.0,5.0
2023-10-16,125.0,80.0,6.0,4.0,7.0,6.0
2023-10-17,124.0,71.0,6.0,4.0,7.0,5.0
2023-10-18,125.0,57.0,6.0,4.0,7.0,4.0
2023-10-19,99.0,56.0,6.0,4.0,7.0,4.0
2023-10-20,89.0,59.0,6.0,4.0,8.0,5.0
2023-10-21,96.0,54.0,7.0,4.0,8.0,4.0
2023-10-22,87.0,45.0,6.0,4.0,5.0,5.0
2023-10-23,72.0,23.0,5.0,4.0,2.0,4.0
2023-10-24,47.0,42.0,6.0,4.0,3.0,5.0
2023-10-25,66.0,55.0,8.0,4.0,3.0,5.0
2023-10-26,87.0,63.0,7.0,4.0,3.0,5.0
2023-10-27,96.0,69.0,8.0,4.0,5.0,5.0
2023-10-28,114.0,74.0,8.0,4.0,6.0,5.0
2023-10-29,118.0,67.0,21.0,4.0,4.0,5.0
2023-10-30,113.0,69.0,13.0,3.0,7.0,6.0
2023-10-31,122.0,59.0,23.0,19.0,4.0,5.0
2023-11-01,108.0,70.0,22.0,16.714285714285715,4.0,6.0
2023-11-02,135.0,84.0,8.0,14.428571428571429,11.0,8.0
2023-11-03,154.0,66.0,13.0,12.142857142857142,8.0,5.0
2023-11-04,121.0,78.0,7.0,9.857142857142858,7.0,6.0
2023-11-05,149.0,74.0,8.0,7.571428571428571,7.0,5.0
2023-11-06,121.0,95.0,9.0,5.2857142857142865,11.0,7.0
2023-11-07,153.0,101.0,34.0,3.0,9.0,8.0
2023-11-08,163.0,105.0,32.0,5.0,10.0,8.0
2023-11-09,178.0,123.0,38.0,5.0,9.0,9.0
2023-11-10,184.0,162.0,4.0,8.0,5.0,14.0
2023-11-11,198.0,149.0,6.5,8.0,4.75,13.0
2023-11-12,183.25,136.0,9.0,8.0,4.5,12.0
2023-11-13,168.5,123.0,11.5,8.0,4.25,11.0
2023-11-14,153.75,110.0,14.0,8.0,4.0,10.0
2023-11-15,139.0,97.0,16.5,8.0,3.75,9.0
2023-11-16,124.25,84.0,19.0,8.0,3.5,8.0
2023-11-17,109.5,71.0,21.5,8.0,3.25,7.0
2023-11-18,94.75,58.0,24.0,8.0,3.0,6.0
2023-11-19,80.0,73.0,18.0,8.0,5.0,5.0
2023-11-20,116.0,85.0,30.5,8.0,6.0,6.0
2023-11-21,134.5,97.0,43.0,8.0,7.0,7.0
2023-11-22,153.0,129.0,44.0,8.0,10.0,10.0
2023-11-23,169.0,170.0,4.0,9.0,22.0,17.0
2023-11-24,187.0,87.0,5.0,8.0,8.0,11.0
2023-11-25,133.0,81.0,29.0,8.0,7.0,7.0
2023-11-26,121.0,75.0,23.0,8.0,11.0,7.0
2023-11-27,102.0,100.0,33.0,8.0,15.0,10.0
2023-11-28,141.0,108.0,22.0,8.0,10.0,11.0
2023-11-29,153.0,106.0,31.0,8.0,4.0,11.0
2023-11-30,147.0,77.0,33.0,8.0,3.0,6.0
2023-12-01,103.0,84.0,29.0,8.0,4.0,9.0
2023-12-02,117.0,104.0,33.0,8.0,3.0,9.0
2023-12-03,156.0,96.0,22.0,8.0,3.0,10.0
2023-12-04,148.0,98.0,15.0,9.0,9.0,11.0
2023-12-05,131.0,68.5,14.0,8.5,5.0,8.0
2023-12-06,96.0,39.0,13.0,8.0,1.0,5.0
2023-12-07,61.0,44.0,10.0,8.0,4.0,7.0
2023-12-08,61.0,83.0,22.0,8.0,6.0,10.0
2023-12-09,118.0,109.0,33.0,8.0,9.0,12.0
2023-12-10,146.0,108.0,27.0,8.0,6.0,10.0
2023-12-11,156.0,112.0,39.0,8.0,9.0,8.0
2023-12-12,155.0,106.0,37.0,8.0,9.5,8.5
2023-12-13,151.5,100.0,35.0,8.0,10.0,9.0
2023-12-14,148.0,138.0,11.0,8.0,7.0,12.0
2023-12-15,169.0,115.0,35.0,8.0,10.0,11.0
2023-12-16,151.0,123.0,34.0,8.0,8.0,13.0
2023-12-17,148.0,127.0,40.0,8.0,10.0,12.0
2023-12-18,161.0,108.0,45.0,8.0,12.0,8.0
2023-12-19,139.0,105.0,44.5,8.0,10.0,10.0
2023-12-20,140.0,102.0,44.0,8.0,8.0,12.0
2023-12-21,141.0,92.0,16.0,8.0,9.0,11.0
2023-12-22,150.0,83.0,23.0,8.0,7.0,8.0
2023-12-23,137.0,99.0,20.0,8.0,6.0,12.0
2023-12-24,148.0,103.0,24.0,7.0,5.0,15.0
2023-12-25,148.0,121.0,37.0,8.0,9.0,18.0
2023-12-26,164.0,98.0,22.0,7.0,5.0,10.0
2023-12-27,161.0,121.0,15.0,8.0,6.0,13.0
2023-12-28,167.0,121.0,25.0,8.0,8.0,10.0
2023-12-29,170.0,96.0,15.0,7.0,10.0,9.0
2023-12-30,158.0,87.0,23.0,7.0,6.0,9.0
2023-12-31,141.0,91.0,33.0,7.0,9.0,10.0
2024-01-01,144.0,92.0,19.0,7.0,6.0,9.0
2024-01-02,152.0,87.0,21.0,7.0,4.0,8.0
2024-01-03,156.0,81.0,32.0,7.0,5.0,8.0
2024-01-04,145.0,87.0,38.0,7.0,12.0,9.0
2024-01-05,162.0,105.0,4.0,7.0,2.0,11.0
2024-01-06,170.0,102.0,28.0,7.0,5.0,9.0
2024-01-07,161.0,102.0,37.0,8.0,4.0,8.0
2024-01-08,169.0,103.0,16.0,7.0,2.0,9.0
2024-01-09,176.0,124.0,22.0,7.0,6.0,11.0
2024-01-10,173.0,94.0,65.0,8.0,29.0,15.0
2024-01-11,156.0,87.0,27.0,7.0,2.0,8.0
2024-01-12,155.0,92.0,24.0,7.0,1.0,9.0
2024-01-13,167.0,110.0,9.0,7.0,1.0,10.0
2024-01-14,167.0,117.0,11.0,8.0,14.0,9.0
2024-01-15,190.0,101.0,21.0,7.0,1.0,8.0
2024-01-16,171.0,86.0,24.0,7.0,5.0,8.0
2024-01-17,159.0,86.0,7.0,7.0,3.0,8.0
2024-01-18,170.0,75.0,2.0,7.0,3.0,7.0
2024-01-19,160.0,98.0,19.0,7.0,6.0,8.0
2024-01-20,169.0,121.0,17.0,7.0,6.0,9.0
2024-01-21,185.0,102.0,21.0,7.0,4.0,7.0
2024-01-22,176.0,111.0,17.0,7.0,6.0,8.0
2024-01-23,181.0,100.0,43.0,7.0,9.0,8.0
2024-01-24,172.0,93.0,16.0,7.0,6.0,6.0
2024-01-25,172.0,102.0,21.0,7.0,5.0,8.0
2024-01-26,179.0,106.0,16.0,7.0,5.0,8.0
2024-01-27,171.0,109.0,20.0,7.0,5.0,9.0
2024-01-28,170.0,104.0,26.0,7.0,7.0,8.0
2024-01-29,172.0,92.0,18.0,7.0,3.0,6.0
2024-01-30,165.0,78.0,10.0,7.0,4.0,7.0
2024-01-31,137.0,71.0,36.0,7.0,4.0,6.0
2024-02-01,118.0,75.0,15.0,7.0,18.0,5.0
2024-02-02,149.0,148.0,19.5,7.0,10.0,13.0
2024-02-03,166.0,94.0,24.0,7.0,8.0,7.0
2024-02-04,142.0,114.0,22.666666666666668,7.0,6.0,9.0
2024-02-05,160.0,93.0,21.333333333333332,7.0,6.5,8.0
2024-02-06,154.0,72.0,20.0,7.0,7.0,7.0
2024-02-07,148.0,87.0,23.0,7.0,10.0,7.0
2024-02-08,144.0,70.0,35.0,7.0,7.0,6.0
2024-02-09,124.0,83.0,21.0,7.0,9.0,7.0
2024-02-10,147.0,120.0,22.0,8.0,7.0,10.0
2024-02-11,153.0,178.0,156.0,8.0,10.0,15.0
2024-02-12,176.0,311.0,18.0,8.0,8.0,15.0
2024-02-13,203.0,83.0,16.0,8.0,7.0,8.0
2024-02-14,128.0,97.0,29.0,7.0,7.0,11.0
2024-02-15,158.0,98.0,14.0,8.0,5.0,8.0
2024-02-16,162.0,115.0,22.0,7.0,7.0,9.0
2024-02-17,158.0,83.0,8.0,8.0,3.0,8.0
2024-02-18,131.0,80.0,15.0,7.0,9.0,6.0
2024-02-19,135.0,72.0,17.0,7.0,9.0,5.0
2024-02-20,130.0,70.0,18.0,6.0,5.0,5.0
2024-02-21,106.0,85.0,8.0,8.0,1.0,8.0
2024-02-22,133.0,63.0,9.0,7.0,1.0,5.0
2024-02-23,106.0,69.0,21.0,7.0,11.0,5.0
2024-02-24,123.0,64.0,19.0,7.0,1.0,4.0
2024-02-25,96.0,66.0,26.0,7.0,2.0,6.0
2024-02-26,104.0,83.0,31.0,7.0,6.0,6.0
2024-02-27,121.0,60.0,24.0,7.0,4.0,6.0
2024-02-28,95.0,65.0,20.0,6.0,5.0,4.0
2024-02-29,99.0,88.0,25.0,7.0,9.0,7.0
2024-03-01,122.0,90.0,21.0,7.0,5.0,7.0
2024-03-02,142.0,102.0,1.0,7.0,3.0,8.0
2024-03-03,154.0,67.0,22.0,7.0,9.0,5.0
2024-03-04,134.0,72.0,9.0,7.0,5.0,6.0
2024-03-05,125.0,78.0,20.0,7.0,7.0,6.0
2024-03-06,110.0,80.0,20.0,30.0,10.0,9.0
2024-03-07,132.0,78.0,14.0,21.0,7.0,7.0
2024-03-08,133.0,105.0,14.0,12.0,9.0,10.0
2024-03-09,144.0,95.0,6.0,10.714285714285715,12.0,10.0
2024-03-10,131.0,71.0,7.0,9.428571428571429,8.0,7.0
2024-03-11,111.0,80.0,7.0,8.142857142857142,1.0,6.0
2024-03-12,122.0,59.0,15.0,6.857142857142858,1.5,5.0
2024-03-13,80.0,50.0,7.0,5.571428571428572,2.0,4.0
2024-03-14,72.0,59.5,11.5,4.2857142857142865,2.5,4.5
2024-03-15,85.5,69.0,16.0,3.0,3.0,5.0
2024-03-16,99.0,56.0,21.0,3.0,6.0,5.0
2024-03-17,80.0,74.0,15.0,2.0,7.0,8.0
2024-03-18,117.0,72.0,30.0,4.0,10.0,6.0
2024-03-19,108.0,33.0,11.0,6.0,4.0,4.0
2024-03-20,65.0,44.0,20.0,6.0,5.0,6.0
2024-03-21,70.0,62.0,20.0,6.0,7.0,6.0
2024-03-22,110.0,71.0,27.0,7.0,6.0,6.0
2024-03-23,119.0,48.0,24.0,7.0,6.0,4.0
2024-03-24,73.0,47.0,25.0,7.0,5.0,5.0
2024-03-25,71.0,35.0,19.0,8.0,10.0,5.0
2024-03-26,57.0,57.0,44.0,7.0,16.0,4.0
2024-03-27,108.0,55.0,24.0,8.0,3.0,5.0
2024-03-28,94.0,50.0,12.0,8.0,1.0,4.0
2024-03-29,80.0,60.0,10.0,8.0,2.0,5.0
2024-03-30,85.0,58.0,21.0,8.0,2.0,5.0
2024-03-31,78.0,62.0,43.0,7.0,10.0,6.0
2024-04-01,96.0,62.0,51.0,6.5,7.0,5.5
2024-04-02,93.5,62.0,59.0,6.0,4.0,5.0
2024-04-03,91.0,51.0,15.0,5.0,3.0,5.0
2024-04-04,87.0,78.0,28.0,4.0,2.0,6.0
2024-04-05,108.0,68.0,23.0,5.5,2.0,5.5
2024-04-06,97.0,58.0,18.0,7.0,2.0,5.0
2024-04-07,86.0,56.0,7.0,7.0,9.0,6.0
2024-04-08,85.0,61.0,39.0,5.0,14.0,7.0
2024-04-09,99.0,88.0,36.0,1.0,9.0,10.0
2024-04-10,145.0,91.0,27.0,23.0,6.0,11.0
2024-04-11,151.0,81.5,33.5,17.5,4.0,8.5
2024-04-12,129.5,72.0,40.0,12.0,2.0,6.0
2024-04-13,108.0,65.0,40.0,13.0,2.0,6.0
2024-04-14,101.0,65.0,33.0,13.0,2.0,6.0
2024-04-15,97.0,62.0,36.0,13.0,2.0,5.0
2024-04-16,88.0,67.0,36.0,14.0,2.0,5.0
2024-04-17,94.0,74.0,41.0,14.0,2.0,6.0
2024-04-18,95.0,71.0,41.0,13.0,2.0,5.0
2024-04-19,108.0,53.0,27.0,14.0,2.0,4.0
2024-04-20,88.0,72.0,45.0,14.0,2.0,4.0
2024-04-21,99.0,41.0,44.0,14.0,2.0,6.0
2024-04-22,117.0,54.0,37.0,10.0,2.0,6.0
2024-04-23,106.0,145.0,39.0,11.0,2.0,5.0
2024-04-24,109.0,87.0,44.0,12.0,7.0,7.0
2024-04-25,115.0,70.0,44.0,12.0,4.5,6.0
2024-04-26,90.5,53.0,44.0,12.0,2.0,5.0
2024-04-27,66.0,59.0,34.0,12.0,2.0,5.0
2024-04-28,79.0,69.0,48.0,12.0,2.0,5.0
2024-04-29,84.0,64.0,39.0,12.0,3.0,5.0
2024-04-30,71.0,73.0,58.0,12.0,2.0,5.0
2024-05-01,85.0,56.0,50.0,22.0,30.0,5.0
2024-05-02,67.0,68.0,45.0,8.0,2.0,4.0
2024-05-03,80.0,55.0,40.0,8.0,2.0,4.0
2024-05-04,72.0,51.0,42.0,8.0,2.0,4.0
2024-05-05,48.0,41.0,60.0,8.0,6.0,4.0
2024-05-06,58.0,33.0,21.0,8.0,4.0,4.0
2024-05-07,62.0,24.0,5.0,7.0,4.0,3.0
2024-05-08,37.0,28.0,9.0,8.0,4.0,4.0
2024-05-09,44.0,36.0,4.0,8.0,5.0,5.0
2024-05-10,52.0,30.0,42.0,8.0,13.0,4.0
2024-05-11,49.0,38.0,25.0,8.0,8.5,4.0
2024-05-12,57.5,46.0,8.0,8.0,4.0,4.0
2024-05-13,66.0,45.0,64.0,8.0,8.0,4.0
2024-05-14,68.0,48.0,32.0,8.0,4.0,5.0
2024-05-15,57.0,51.0,18.0,5.0,28.0,5.0
2024-05-16,98.0,40.0,7.0,5.0,2.0,4.0
2024-05-17,51.0,46.0,6.0,3.0,2.0,4.0
2024-05-18,62.0,44.0,5.0,2.0,2.0,4.0
2024-05-19,58.0,26.0,6.0,2.0,2.0,3.0
2024-05-20,32.0,38.0,52.0,4.0,4.0,4.0
2024-05-21,60.0,29.0,17.0,8.0,2.0,4.0
2024-05-22,47.0,24.0,62.0,8.0,1.0,4.0
2024-05-23,42.0,34.0,67.0,8.0,2.0,4.0
2024-05-24,41.0,35.0,26.0,8.0,2.0,4.0
2024-05-25,51.0,15.0,45.0,8.0,2.0,3.0
2024-05-26,20.0,14.0,50.0,7.0,17.0,3.0
2024-05-27,20.0,41.0,28.0,6.0,3.0,4.0
2024-05-28,68.0,65.0,127.0,4.0,11.0,4.0
2024-05-29,90.0,57.0,15.0,6.0,2.0,4.0
2024-05-30,67.0,42.0,26.0,17.0,3.0,5.0
2024-05-31,54.0,51.0,44.0,17.0,4.0,3.0
2024-06-01,47.0,52.0,34.0,17.0,3.0,4.0
2024-06-02,64.0,50.0,55.0,18.0,2.0,4.0
2024-06-03,56.0,49.0,45.0,18.0,3.0,4.0
2024-06-04,57.0,52.0,37.0,18.0,2.0,5.0
2024-06-05,62.0,59.0,44.0,12.0,2.0,5.0
2024-06-06,78.0,60.0,26.0,6.0,2.0,5.0
2024-06-07,99.0,60.0,13.0,7.0,2.0,5.0
2024-06-08,72.0,36.0,4.0,8.0,2.0,4.0
2024-06-09,54.0,50.0,31.0,4.0,2.0,4.0
2024-06-10,70.0,39.0,81.0,4.0,10.0,3.0
2024-06-11,56.0,47.0,31.0,5.0,4.0,4.0
2024-06-12,69.0,46.0,26.0,4.0,4.0,5.0
2024-06-13,64.0,57.0,29.0,3.0,3.0,5.0
2024-06-14,76.0,54.0,16.0,1.0,4.0,5.0
2024-06-15,67.0,45.0,47.0,2.0,3.0,4.0
2024-06-16,58.0,54.0,44.0,2.0,4.0,4.0
2024-06-17,64.0,47.0,21.0,1.0,3.0,4.0
2024-06-18,58.0,50.0,26.0,3.0,4.0,4.0
2024-06-19,87.0,37.0,55.0,5.0,3.0,8.0
2024-06-20,66.0,34.0,4.0,6.0,4.0,5.0
2024-06-21,60.0,25.0,6.0,7.0,4.0,4.0
2024-06-22,44.0,22.0,5.0,8.0,4.0,4.0
2024-06-23,39.0,30.0,76.0,9.0,5.0,4.0
2024-06-24,48.0,35.0,8.0,10.0,5.0,4.0
2024-06-25,67.0,24.0,3.0,9.0,5.0,3.0
2024-06-26,48.0,11.0,3.0,9.0,4.0,3.0
2024-06-27,22.0,11.0,2.0,9.0,4.0,4.0
2024-06-28,24.0,19.0,4.0,8.0,4.0,4.0
2024-06-29,33.0,49.0,3.0,8.0,4.0,5.0
2024-06-30,78.0,43.0,5.0,7.0,4.0,5.0
2024-07-01,59.0,34.0,3.0,7.0,5.0,6.0
2024-07-02,55.0,32.0,2.0,6.0,4.0,5.0
2024-07-03,49.0,37.0,34.0,6.0,9.0,6.0
2024-07-04,44.0,40.0,2.0,7.0,5.0,5.0
2024-07-05,61.0,39.0,3.0,9.0,4.0,4.0
2024-07-06,54.0,22.0,3.0,11.0,4.0,3.0
2024-07-07,36.0,23.0,1.0,14.0,4.0,3.0
2024-07-08,36.0,18.0,4.0,15.0,4.0,3.0
2024-07-09,28.0,36.0,3.5,18.0,4.0,3.5
2024-07-10,47.5,54.0,3.0,21.0,4.0,4.0
2024-07-11,67.0,45.0,2.0,18.0,4.0,6.0
2024-07-12,58.0,45.0,2.0,17.0,5.0,5.0
2024-07-13,55.0,29.0,2.0,19.0,5.0,4.0
2024-07-14,39.0,18.0,7.0,8.0,5.0,4.0
2024-07-15,21.0,23.0,6.0,8.0,5.0,3.0
2024-07-16,15.0,21.0,7.0,12.0,11.0,4.0
2024-07-17,33.0,18.0,6.0,11.0,5.0,3.0
2024-07-18,26.0,16.0,83.0,12.0,23.0,3.0
2024-07-19,22.0,17.0,7.0,13.0,4.0,3.0
2024-07-20,20.0,15.0,8.0,14.0,4.0,4.0
2024-07-21,24.0,14.0,10.0,11.0,4.0,3.0
2024-07-22,23.0,26.0,9.0,11.0,3.0,4.0
2024-07-23,30.0,41.0,14.0,12.0,3.0,5.0
2024-07-24,74.0,46.0,8.0,15.0,3.0,5.0
2024-07-25,73.0,24.0,7.0,15.0,3.0,4.0
2024-07-26,50.0,21.0,7.0,16.0,3.0,4.0
2024-07-27,35.0,20.0,8.0,16.0,3.0,4.0
2024-07-28,37.0,20.0,8.0,19.0,3.0,4.0
2024-07-29,37.0,32.0,21.0,18.0,3.0,5.0
2024-07-30,61.0,43.0,9.0,12.0,3.0,5.0
2024-07-31,74.0,31.0,24.0,14.0,5.0,5.0
2024-08-01,57.0,28.0,17.0,15.0,1.0,4.0
2024-08-02,51.0,21.0,18.0,14.0,2.0,4.0
2024-08-03,45.0,29.0,12.0,14.0,2.0,4.0
2024-08-04,48.0,33.0,26.0,13.0,3.0,4.0
2024-08-05,58.0,40.0,28.0,12.0,5.0,4.0
2024-08-06,66.0,26.0,14.0,10.0,4.0,4.0
2024-08-07,40.0,25.0,31.0,9.0,4.0,4.0
2024-08-08,40.0,37.0,11.0,4.0,14.0,4.0
2024-08-09,61.0,44.0,7.0,3.0,4.0,4.0
2024-08-10,75.0,47.0,8.0,6.0,4.0,4.0
2024-08-11,82.0,51.0,10.0,6.0,4.0,4.0
2024-08-12,79.0,48.0,8.0,4.0,4.0,5.0
2024-08-13,75.0,59.0,7.0,4.0,4.0,8.0
2024-08-14,102.0,51.0,9.0,6.0,4.0,5.0
2024-08-15,90.0,49.0,7.0,8.0,4.0,6.0
2024-08-16,86.0,46.0,39.0,6.0,6.0,6.0
2024-08-17,77.0,38.0,8.0,7.0,3.0,4.0
2024-08-18,50.0,36.0,7.0,8.0,3.0,5.0
2024-08-19,50.0,57.0,25.0,7.0,5.0,7.0
2024-08-20,81.0,53.0,9.0,7.0,3.0,4.0
2024-08-21,72.0,51.0,8.0,7.0,3.0,4.0
2024-08-22,71.0,40.0,20.0,6.0,5.0,4.0
2024-08-23,71.0,33.0,8.0,5.0,3.0,3.0
2024-08-24,45.0,45.0,7.0,3.0,3.0,4.0
2024-08-25,61.0,33.0,125.0,3.0,3.0,3.0
2024-08-26,48.0,24.0,66.0,7.0,3.0,3.0
2024-08-27,39.0,29.0,6.0,4.0,3.0,3.0
2024-08-28,43.0,35.0,15.0,5.0,3.0,3.0
2024-08-29,51.0,33.0,19.0,9.0,5.0,4.0
2024-08-30,51.0,27.0,14.0,12.0,3.0,3.0
2024-08-31,38.0,30.0,10.0,16.0,3.0,2.0
2024-09-01,35.0,31.0,15.0,18.0,3.0,2.0
2024-09-02,31.0,35.0,31.0,22.0,6.0,4.0
2024-09-03,51.0,47.0,15.0,24.0,4.0,3.0
2024-09-04,66.0,36.0,40.0,24.0,7.0,5.0
2024-09-05,55.0,33.0,69.0,24.0,3.0,4.0
2024-09-06,47.0,36.0,76.0,24.0,4.0,4.0
2024-09-07,63.0,25.0,80.0,23.0,3.0,4.0
2024-09-08,42.0,19.0,18.0,24.0,3.0,4.0
2024-09-09,28.0,24.0,44.0,27.0,4.0,4.0
2024-09-10,38.0,34.0,281.0,28.0,4.0,5.0
2024-09-11,57.0,57.0,394.0,27.0,4.0,5.0
2024-09-12,83.0,48.0,156.0,30.0,7.0,6.0
2024-09-13,76.0,21.0,18.0,32.0,6.0,6.0
2024-09-14,46.0,15.0,7.0,32.0,3.0,4.0
2024-09-15,30.0,30.0,13.0,24.0,4.0,4.0
2024-09-16,48.0,40.0,5.0,11.0,3.0,4.0
2024-09-17,57.0,40.0,5.0,9.0,3.0,4.0
2024-09-18,58.0,65.0,25.0,14.0,5.0,6.0
2024-09-19,91.0,62.0,16.0,16.0,3.0,5.0
2024-09-20,108.0,48.0,20.0,17.0,3.0,5.0
2024-09-21,88.0,43.0,9.0,17.0,1.0,5.0
2024-09-22,68.0,60.0,9.0,18.0,3.0,6.0
2024-09-23,89.0,26.0,23.0,18.0,5.0,4.0
2024-09-24,39.0,18.0,8.0,8.0,4.0,4.0
2024-09-25,31.0,19.0,8.0,7.0,4.0,4.0
2024-09-26,26.0,22.0,7.0,7.0,3.0,4.0
2024-09-27,28.0,32.0,10.0,7.0,4.0,4.0
2024-09-28,43.0,43.0,10.0,8.0,4.0,4.0
2024-09-29,56.0,57.0,10.0,7.0,4.0,5.0
2024-09-30,76.0,62.0,25.0,8.0,6.0,5.0
2024-10-01,102.0,63.0,8.0,8.0,3.0,4.0
2024-10-02,104.0,68.0,30.0,7.0,3.0,5.0
2024-10-03,114.0,62.0,8.0,6.0,4.0,4.0
2024-10-04,97.0,49.0,9.0,6.0,3.0,4.0
2024-10-05,65.0,50.0,9.0,7.0,4.0,4.0
2024-10-06,145.0,36.0,18.0,5.0,6.0,3.0
2024-10-07,87.0,42.0,12.0,3.0,4.0,6.0
2024-10-08,58.0,34.0,7.0,2.0,4.0,4.0
2024-10-09,63.0,29.0,7.0,3.0,4.0,4.0
2024-10-10,44.0,27.0,8.0,3.0,4.0,4.0
2024-10-11,44.0,29.0,8.0,3.0,3.0,4.0
2024-10-12,43.0,48.0,9.0,3.0,3.0,5.0
2024-10-13,95.0,68.0,34.0,3.0,6.0,5.0
2024-10-14,143.0,84.0,15.0,3.0,3.0,5.0
2024-10-15,155.0,77.0,12.0,3.0,3.0,6.0
2024-10-16,129.0,55.0,40.0,4.0,7.0,5.0
2024-10-17,97.0,44.0,8.0,6.0,4.0,5.0
2024-10-18,65.0,42.0,7.0,7.0,4.0,5.0
2024-10-19,63.0,70.0,9.0,7.0,4.0,6.0
2024-10-20,116.0,64.0,23.0,7.0,4.0,7.0
2024-10-21,104.0,61.0,16.0,7.0,4.0,6.0
2024-10-22,112.0,50.0,6.0,7.0,3.0,4.0
2024-10-23,85.0,22.0,20.0,7.0,6.0,4.0
2024-10-24,41.0,31.0,8.0,7.0,3.0,4.0
2024-10-25,43.0,43.0,8.0,7.0,3.0,4.0
2024-10-26,70.0,49.0,7.0,7.0,4.0,4.0
2024-10-27,78.0,60.0,23.0,6.0,4.0,6.0
2024-10-28,96.0,66.0,23.0,7.0,5.0,5.0
2024-10-29,114.0,60.0,8.0,3.0,4.0,5.0
2024-10-30,93.0,55.0,11.0,5.0,3.0,5.0
2024-10-31,77.0,94.0,198.0,6.0,5.0,8.0
2024-11-01,129.0,237.0,108.0,10.0,4.0,12.0
2024-11-02,178.0,95.0,79.0,6.0,4.0,9.0
2024-11-03,143.0,82.0,37.0,6.0,3.0,8.0
2024-11-04,148.0,79.0,31.0,6.0,3.0,6.0
2024-11-05,137.0,66.0,29.0,6.0,6.0,6.0
2024-11-06,107.0,75.0,31.0,6.0,3.0,5.0
2024-11-07,121.0,55.0,25.0,6.0,8.0,6.0
2024-11-08,110.0,54.0,29.0,6.0,3.0,4.0
2024-11-09,89.0,56.0,26.0,6.0,3.0,5.0
2024-11-10,86.0,58.0,34.0,6.0,3.0,5.0
2024-11-11,91.0,70.0,30.0,8.0,3.0,5.0
2024-11-12,112.0,84.0,33.0,8.0,3.0,5.0
2024-11-13,131.0,108.0,39.0,8.0,3.0,6.0
2024-11-14,159.0,94.0,38.0,8.0,4.0,6.0
2024-11-15,157.0,92.0,33.0,8.0,4.0,6.0
2024-11-16,152.0,108.0,39.0,8.0,3.0,7.0
2024-11-17,156.0,88.0,39.0,8.0,5.0,7.0
2024-11-18,152.0,101.0,37.0,8.0,2.0,7.0
2024-11-19,162.0,102.0,26.0,8.0,2.0,6.0
2024-11-20,149.0,99.0,27.0,8.0,3.0,6.0
2024-11-21,145.0,101.0,29.0,8.0,4.0,7.0
2024-11-22,163.0,103.0,33.0,8.0,3.0,7.0
2024-11-23,167.0,119.0,37.0,8.0,3.0,8.0
2024-11-24,163.0,130.0,43.0,8.0,6.0,9.0
2024-11-25,168.0,129.0,37.0,8.0,3.0,9.0
2024-11-26,174.0,108.0,28.0,9.0,4.0,9.0
2024-11-27,170.0,83.0,28.0,8.0,3.0,6.0
2024-11-28,155.0,69.0,32.0,7.0,3.0,5.0
2024-11-29,102.0,62.0,17.0,8.0,3.0,5.0
2024-11-30,90.0,65.0,27.0,8.0,3.0,5.0
2024-12-01,86.0,75.0,27.0,7.0,3.0,5.0
2024-12-02,92.0,105.0,33.0,10.0,3.0,7.0
2024-12-03,165.0,130.0,47.0,11.0,6.0,10.0
2024-12-04,180.0,150.0,40.0,14.0,4.0,11.0
2024-12-05,186.0,111.0,36.0,13.0,4.0,8.0
2024-12-06,160.0,97.0,41.0,13.0,3.0,7.0
2024-12-07,140.0,107.0,45.0,15.0,3.0,7.0
2024-12-08,144.0,105.0,46.0,13.0,5.0,8.0
2024-12-09,159.0,93.0,32.0,11.0,3.0,7.0
2024-12-10,166.0,97.0,27.0,13.0,3.0,7.0
2024-12-11,155.0,98.0,38.0,12.0,3.0,6.0
2024-12-12,150.0,104.0,44.0,14.0,3.0,7.0
2024-12-13,155.0,95.0,39.0,13.0,3.0,6.0
2024-12-14,153.0,94.0,36.0,14.0,3.0,7.0
2024-12-15,131.0,140.0,32.0,18.0,3.0,9.0
2024-12-16,163.0,162.0,32.0,19.0,4.0,8.0
2024-12-17,165.0,107.0,33.0,14.0,3.0,7.0
2024-12-18,151.0,112.0,28.0,16.0,3.0,9.0
2024-12-19,143.0,103.0,29.0,16.0,3.0,8.0
2024-12-20,136.0,89.0,11.0,14.0,3.0,7.0
2024-12-21,120.0,63.0,26.0,10.0,3.0,6.0
2024-12-22,84.0,84.0,36.0,9.0,2.0,6.0
2024-12-23,118.0,79.0,30.0,10.0,3.0,6.0
2024-12-24,111.0,97.0,22.0,15.0,3.0,7.0
2024-12-25,133.0,86.0,48.0,11.0,6.0,7.0
2024-12-26,122.0,96.0,33.0,12.0,3.0,7.0
2024-12-27,145.0,109.0,28.0,18.0,3.0,8.0
2024-12-28,150.0,120.0,31.0,18.0,3.0,8.0
2024-12-29,155.0,108.0,24.333333333333332,16.0,3.3333333333333335,7.666666666666667
2024-12-30,153.33333333333334,96.0,17.666666666666664,14.0,3.6666666666666665,7.333333333333333
2024-12-31,151.66666666666666,84.0,11.0,12.0,4.0,7.0
2025-01-01,150.0,86.0,33.0,10.0,6.0,6.0
2025-01-02,142.0,103.0,27.0,13.0,4.0,7.0
2025-01-03,152.0,114.0,28.0,12.0,4.0,7.0
2025-01-04,169.0,103.0,26.0,11.0,3.0,8.0
2025-01-05,182.0,117.0,36.0,18.0,7.0,11.0
2025-01-06,149.0,128.0,27.0,17.0,4.0,9.0
2025-01-07,192.0,78.0,40.0,9.0,6.0,6.0
2025-01-08,139.0,82.0,31.0,10.0,4.0,6.0
2025-01-09,138.0,99.0,32.0,10.0,4.0,6.0
2025-01-10,173.0,155.0,2.0,24.0,4.0,14.0
2025-01-11,162.0,114.0,40.0,16.0,4.0,9.0
2025-01-12,157.0,136.0,36.0,18.0,4.0,9.0
2025-01-13,192.0,132.0,41.0,17.0,7.0,10.0
2025-01-14,176.0,92.0,40.0,12.0,4.0,6.0
2025-01-15,158.0,92.0,29.0,12.0,4.0,6.0
2025-01-16,151.0,100.0,36.0,13.0,4.0,7.0
2025-01-17,150.0,104.0,38.0,14.0,4.0,7.0
2025-01-18,150.0,97.0,45.0,15.0,4.0,7.0
2025-01-19,145.0,104.0,49.0,14.0,6.0,8.0
2025-01-20,153.0,126.0,45.0,18.0,4.0,10.0
2025-01-21,170.0,167.0,45.0,19.0,5.0,10.0
2025-01-22,170.0,118.0,37.0,13.0,4.0,9.0
2025-01-23,173.0,102.0,41.0,11.0,4.0,8.0
2025-01-24,177.0,100.0,32.0,12.0,4.0,8.0
2025-01-25,177.0,89.0,46.0,11.0,4.0,6.0
2025-01-26,158.0,111.0,50.0,17.0,7.0,9.0
2025-01-27,165.0,121.0,50.0,18.0,4.0,8.0
2025-01-28,166.0,84.0,37.0,10.0,3.0,6.0
2025-01-29,139.0,80.0,39.0,9.0,4.0,5.0
2025-01-30,140.0,79.0,18.0,10.0,4.0,5.0
2025-01-31,136.0,78.0,12.0,10.0,4.0,6.0
2025-02-01,115.0,93.0,14.0,10.0,4.0,6.0
2025-02-02,142.0,88.0,35.0,11.0,6.0,8.0
2025-02-03,150.0,96.0,48.0,13.0,4.0,7.0
2025-02-04,147.0,113.0,38.0,15.0,4.0,7.0
2025-02-05,148.0,94.0,44.0,12.0,4.0,6.0
2025-02-06,156.0,95.0,42.0,13.0,8.0,5.0
2025-02-07,132.0,97.0,40.0,13.0,4.0,6.0
2025-02-08,132.0,100.0,45.0,14.0,4.0,7.0
2025-02-09,137.0,113.0,40.0,14.0,5.0,7.0
2025-02-10,147.0,75.0,30.0,11.0,4.0,5.0
2025-02-11,130.0,68.0,31.0,9.0,4.0,5.0
2025-02-12,95.0,93.0,30.0,14.0,6.0,7.0
2025-02-13,135.0,133.0,11.0,16.0,4.0,7.0
2025-02-14,157.0,94.0,5.0,19.0,4.0,8.0
2025-02-15,155.0,91.0,34.0,12.0,4.0,6.0
2025-02-16,125.0,76.0,23.0,9.0,6.0,4.0
2025-02-17,89.0,61.0,28.0,8.0,4.0,5.0
2025-02-18,135.0,71.0,21.0,9.0,17.0,5.0
2025-02-19,110.0,55.0,4.0,11.0,4.0,5.0
2025-02-20,78.0,64.0,28.0,10.0,3.0,6.0
2025-02-21,65.0,67.0,22.0,10.0,3.0,5.0
2025-02-22,191.0,69.0,27.0,9.0,6.0,6.0
2025-02-23,156.0,72.0,30.0,8.0,3.0,5.0
2025-02-24,134.0,84.0,39.0,9.0,4.0,6.0
2025-02-25,152.0,81.0,33.0,9.0,3.0,5.0
2025-02-26,147.0,99.0,35.0,12.0,4.0,6.0
2025-02-27,160.0,95.0,34.0,12.0,4.0,6.0
2025-02-28,157.0,78.0,24.0,9.0,4.0,4.0
2025-03-01,141.0,74.0,35.0,9.0,3.0,5.0
2025-03-02,137.0,78.0,25.0,9.0,4.0,5.0
2025-03-03,144.0,76.0,27.0,10.0,3.0,5.0
2025-03-04,141.0,92.0,29.0,11.0,3.0,5.0
2025-03-05,157.0,87.0,33.0,9.0,6.0,6.0
2025-03-06,150.0,98.0,29.0,13.0,4.0,6.0
2025-03-07,159.0,87.0,26.0,10.0,4.0,5.0
2025-03-08,153.0,66.0,26.0,8.0,4.0,5.0
2025-03-09,122.0,72.0,27.0,9.0,4.0,5.0
2025-03-10,135.0,73.0,32.0,12.0,6.0,5.0
2025-03-11,137.0,74.0,39.0,10.0,2.0,5.0
2025-03-12,137.0,66.0,32.0,9.0,5.0,6.0
2025-03-13,121.0,61.0,23.0,7.0,2.0,5.0
2025-03-14,110.0,51.0,23.0,6.0,2.0,4.0
2025-03-15,92.0,49.0,24.0,7.0,2.0,4.0
2025-03-16,90.0,54.0,22.0,8.0,3.0,4.0
2025-03-17,99.0,54.0,29.0,8.0,3.0,4.0
2025-03-18,98.0,72.0,33.0,8.0,3.0,5.0
2025-03-19,136.0,44.0,22.0,8.0,3.0,4.0
2025-03-20,84.0,55.0,33.0,8.0,9.0,6.0
2025-03-21,99.0,37.0,16.0,10.0,3.0,4.0
2025-03-22,75.0,52.0,24.0,10.0,4.0,5.0
2025-03-23,94.0,74.0,38.0,10.0,4.0,7.0
2025-03-24,137.0,85.0,29.0,13.0,4.0,7.0
2025-03-25,148.0,67.0,26.0,9.0,4.0,4.0
2025-03-26,122.0,67.0,27.0,10.0,4.0,5.0
2025-03-27,121.0,80.0,29.0,10.0,4.0,5.0
2025-03-28,145.0,81.0,29.0,9.0,4.0,5.0
2025-03-29,148.0,73.0,25.0,7.0,4.0,4.0
2025-03-30,131.0,57.0,24.0,7.0,3.0,4.0
2025-03-31,101.0,54.0,21.0,7.0,4.0,4.0
